tid,total_duration(s),min_slock_hold,med,max,min_swait_acq,med,max,min_swait_rel,med,max,min_slwait_acq,med,max,min_slwait_rel,med,max,min_sgwait_acq,med,max,min_sgwait_rel,med,max,min_sdata_read,med,max,min_sdata_write,med,max,min_sglock_tries,med,max,array_size(B),client_id
000,10.0, 0.000015000, 0.000016667, 0.000083333, 0.008803333, 0.009721667, 0.021216666, 0.006290000, 0.009486667, 0.018350000, 0.000085000, 0.000090000, 0.000101667, 0.000056667, 0.000068333, 0.000146667, 0.008558333, 0.009466667, 0.020855000, 0.006075000, 0.009271666, 0.018101666, 0.000041667, 0.000046667, 0.003948333, 0.000025000, 0.000026667, 0.000093333, 1.000000000, 1.000000000, 1.000000000,               0,000
000,10.0, 0.000015000, 0.000016667, 0.000083333, 0.006770000, 0.009706667, 0.019251667, 0.008430000, 0.009468334, 0.018704999, 0.000085000, 0.000090000, 0.003710000, 0.000058333, 0.000068333, 0.003526667, 0.006508333, 0.009450000, 0.018988334, 0.008215000, 0.009253333, 0.018479999, 0.000041667, 0.000046667, 0.004035000, 0.000025000, 0.000026667, 0.000091667, 1.000000000, 1.000000000, 1.000000000,               0,000
000,10.0, 0.000015000, 0.000016667, 0.000088333, 0.008601666, 0.009720000, 0.020073334, 0.006948333, 0.009483334, 0.019418333, 0.000085000, 0.000090000, 0.003936667, 0.000060000, 0.000068333, 0.004745000, 0.008350000, 0.009461666, 0.019819999, 0.006730000, 0.009268333, 0.019188333, 0.000041667, 0.000046667, 0.000175000, 0.000025000, 0.000026667, 0.000055000, 1.000000000, 1.000000000, 1.000000000,               0,000
