tid,total_duration(s),min_slock_hold,med,max,min_swait_acq,med,max,min_swait_rel,med,max,min_slwait_acq,med,max,min_slwait_rel,med,max,min_sgwait_acq,med,max,min_sgwait_rel,med,max,min_sdata_read,med,max,min_sdata_write,med,max,min_sglock_tries,med,max,array_size(B),client_id
000,10.0, 0.000015000, 0.000016667, 0.000061667, 0.008943333, 0.019603333, 0.089877918, 0.008595000, 0.009695000, 0.020551249, 0.000061667, 0.000065000, 0.002720000, 0.000056667, 0.000105000, 0.009466667, 0.008698333, 0.019333333, 0.089595832, 0.008268333, 0.009441666, 0.020149166, 0.000041667, 0.000048333, 0.000161667, 0.000025000, 0.000028333, 0.009454167, 1.000000000, 2.000000000, 9.000000000,               0,000
000,10.0, 0.000015000, 0.000016667, 0.000071667, 0.009038334, 0.019124167, 0.099779166, 0.008341666, 0.009442500, 0.027330417, 0.000061667, 0.000073333, 0.009693333, 0.000060000, 0.000105000, 0.009717500, 0.008805000, 0.018866668, 0.099515833, 0.008105000, 0.009193334, 0.027050417, 0.000041667, 0.000046667, 0.009588334, 0.000025000, 0.000028333, 0.004326667, 1.000000000, 2.000000000,10.000000000,               0,001
000,10.0, 0.000015000, 0.000016667, 0.003173333, 0.008978333, 0.019153334, 0.088444166, 0.008408333, 0.009461250, 0.022378333, 0.000061667, 0.000073333, 0.000133333, 0.000060000, 0.000105000, 0.002673333, 0.008720000, 0.018897083, 0.088180833, 0.008171666, 0.009213333, 0.022088334, 0.000041667, 0.000046667, 0.002971667, 0.000025000, 0.000028333, 0.002611667, 1.000000000, 2.000000000, 9.000000000,               0,001
000,10.0, 0.000015000, 0.000017083, 0.000063333, 0.008848334, 0.019634999, 0.089341670, 0.006660000, 0.009705000, 0.020103751, 0.000061667, 0.000065000, 0.000088333, 0.000056667, 0.000105000, 0.000157917, 0.008610000, 0.019365000, 0.089100003, 0.006353333, 0.009448334, 0.019733749, 0.000041667, 0.000048333, 0.000147083, 0.000025000, 0.000028333, 0.000037917, 1.000000000, 2.000000000, 9.000000000,               0,000
000,10.0, 0.000015000, 0.000017083, 0.000070000, 0.008699167, 0.019273333, 0.100278333, 0.008305000, 0.009549583, 0.020293333, 0.000061667, 0.000075000, 0.003477917, 0.000060000, 0.000105000, 0.003840000, 0.008450417, 0.019001666, 0.099926665, 0.008088334, 0.009298333, 0.019924168, 0.000041667, 0.000048333, 0.000181250, 0.000025000, 0.000028333, 0.000035833, 1.000000000, 2.000000000,10.000000000,               0,001
