tid,total_duration(s),min_slock_hold,med,max,min_swait_acq,med,max,min_swait_rel,med,max,min_slwait_acq,med,max,min_slwait_rel,med,max,min_sgwait_acq,med,max,min_sgwait_rel,med,max,min_sdata_read,med,max,min_sdata_write,med,max,min_sglock_tries,med,max,array_size(B),client_id
000,10.0, 0.000016667, 0.000018750, 0.000094583, 0.007475833, 0.008176667, 0.021242084, 0.007284167, 0.008029583, 0.017115833, 0.000048333, 0.000048333, 0.000060833, 0.000056667, 0.000063333, 0.003360000, 0.007257083, 0.007957917, 0.021019166, 0.007071667, 0.007810417, 0.016895000, 0.000044167, 0.000048333, 0.008442083, 0.000027083, 0.000027500, 0.003530417, 1.000000000, 1.000000000, 1.000000000,               0,000
000,10.0, 0.000016667, 0.000018750, 0.001467500, 0.007440000, 0.008179166, 0.017600000, 0.006151667, 0.008035833, 0.146566257, 0.000048333, 0.000048333, 0.000099167, 0.000056667, 0.000061250, 0.006412917, 0.007222916, 0.007962083, 0.017383333, 0.005905417, 0.007812500, 0.133602083, 0.000044167, 0.000048333, 0.001818750, 0.000027083, 0.000027500, 0.002568333, 1.000000000, 1.000000000, 1.000000000,               0,000
000,10.0, 0.000016667, 0.000018750, 0.004122084, 0.007461250, 0.008185000, 0.021273751, 0.007309167, 0.008037916, 0.210155413, 0.000048333, 0.000048750, 0.001835833, 0.000056667, 0.000062917, 0.006644167, 0.007242084, 0.007962083, 0.021004166, 0.007097083, 0.007819166, 0.192044169, 0.000044167, 0.000048333, 0.002724167, 0.000027083, 0.000027500, 0.000042500, 1.000000000, 1.000000000, 1.000000000,               0,000
