tid,loop_in_cs,lock_acquires,lock_hold(ms),total_duration(s),wait_acq(ms),wait_rel(ms),lwait_acq,lwait_rel,gwait_acq,gwait_rel,data_read,data_write,glock_tries,array_size(B),client_id,run
000,    508036,  508036,    9.178465,   10.000000, 5020.516113, 4957.059082,   33.338737,   68.014221, 4949.843750, 4850.290527,   33.296165,   13.639283,    508036,               0,000,000
000,    509449,  509449,    8.807597,   10.000000, 5024.796875, 4953.893555,   33.439068,   67.356895, 4954.604492, 4848.453613,   32.519951,   13.621408,    509449,               0,000,001
000,    509678,  509678,    8.822453,   10.000000, 5022.392578, 4956.306641,   33.507145,   67.745499, 4951.959473, 4851.459473,   32.630054,   13.635670,    509678,               0,000,002
