tid,loop_in_cs,lock_acquires,lock_hold(ms),total_duration(s),wait_acq(ms),wait_rel(ms),lwait_acq,lwait_rel,gwait_acq,gwait_rel,data_read,data_write,glock_tries,array_size(B),client_id,run
000,    337127,  337127,    6.346293,   10.000000, 6693.529785, 3290.914795,   22.697025,   47.512424, 6644.701660, 3216.350830,   21.674351,    9.248237,    691610,               0,000,000
000,    337162,  337162,    5.955051,   10.000000, 6694.863281, 3290.732910,   22.612089,   47.954609, 6646.229492, 3215.849365,   21.618671,    9.214714,    691474,               0,000,001
000,    336963,  336963,    5.942684,   10.000000, 6696.422852, 3289.202637,   22.607424,   47.857876, 6647.854492, 3214.518066,   21.555458,    9.192451,    691359,               0,000,002
000,    335001,  335001,    6.297688,   10.000000, 6689.831543, 3294.500244,   21.612743,   48.955624, 6641.041992, 3217.338379,   22.337614,    9.168448,    686880,               0,001,000
000,    334461,  334461,    5.951093,   10.000000, 6692.689941, 3292.775146,   21.633169,   48.987553, 6644.200195, 3215.985840,   21.963741,    9.159691,    686420,               0,001,001
000,    334742,  334742,    5.959090,   10.000000, 6691.128906, 3294.323486,   21.618570,   49.046432, 6642.821777, 3217.541748,   21.841524,    9.178500,    686348,               0,001,002
