tid,total_duration(s),min_slock_hold,med,max,min_swait_acq,med,max,min_swait_rel,med,max,min_slwait_acq,med,max,min_slwait_rel,med,max,min_sgwait_acq,med,max,min_sgwait_rel,med,max,min_sdata_read,med,max,min_sdata_write,med,max,min_sglock_tries,med,max,array_size(B),client_id
000,10.0, 0.000015000, 0.000016667, 0.000088333, 0.006643333, 0.009750000, 0.020158749, 0.008438333, 0.009581666, 0.020793334, 0.000073333, 0.000075000, 0.008610000, 0.000063333, 0.000106667, 0.000148333, 0.006403334, 0.009503333, 0.019821251, 0.008226667, 0.009346667, 0.020391667, 0.000041667, 0.000048333, 0.003935000, 0.000025000, 0.000026667, 0.000035000, 1.000000000, 1.000000000, 1.000000000,               0,000
000,10.0, 0.000015000, 0.000017083, 0.002536667, 0.008523333, 0.009785417, 0.020456251, 0.008385000, 0.009640000, 0.020447917, 0.000073333, 0.000076667, 0.003185000, 0.000063333, 0.000106667, 0.002700000, 0.008285000, 0.009536667, 0.020114584, 0.008170000, 0.009395417, 0.020078750, 0.000043333, 0.000048333, 0.000190000, 0.000025000, 0.000026667, 0.000035000, 1.000000000, 1.000000000, 1.000000000,               0,000
000,10.0, 0.000015000, 0.000016667, 0.000093333, 0.008630000, 0.009786666, 0.020292500, 0.007254583, 0.009608333, 0.020772917, 0.000073333, 0.000076667, 0.003676667, 0.000063333, 0.000106667, 0.003620000, 0.008390000, 0.009536667, 0.019955000, 0.007027500, 0.009373333, 0.020366250, 0.000043333, 0.000048333, 0.000188333, 0.000025000, 0.000026667, 0.000033333, 1.000000000, 1.000000000, 1.000000000,               0,000
