tid,loop_in_cs,lock_acquires,lock_hold(ms),total_duration(s),wait_acq(ms),wait_rel(ms),lwait_acq, lwait_rel,gwait_acq,gwait_rel,glock_tries,array_size(B),client_id,run
000,   1037066, 1037066,   10.092943,   30.000000,15083.707031, 7394.570801,   39.642002,  118.579880,14926.708008, 7200.886230,   2128936,               0,000,000
000,   1035978, 1035978,   10.053392,   30.000000,15065.289062, 7413.150879,   39.272079,  118.240860,14908.869141, 7219.644043,   2121100,               0,000,001
000,   1038137, 1038137,   10.073034,   30.000000,15068.091797, 7410.306152,   39.328972,  118.451721,14911.475586, 7216.634766,   2125710,               0,000,002
000,   1165133, 1165133,   11.255885,   30.000000,15057.519531, 7418.770508,   50.433784,  153.273758,14872.203125, 7181.690430,   2396558,               0,001,000
000,   1146404, 1146404,   10.884341,   30.000000,15066.415039, 7410.401367,   49.619926,  150.207108,14885.661133, 7177.901855,   2362086,               0,001,001
000,   1146764, 1146764,   11.163579,   30.000000,15064.185547, 7412.569824,   49.692646,  151.252579,14877.745117, 7178.760254,   2362052,               0,001,002
