tid,loop_in_cs,lock_acquires,lock_hold(ms),total_duration(s),wait_acq(ms),wait_rel(ms),lwait_acq, lwait_rel,gwait_acq,gwait_rel,glock_tries,array_size(B),client_id,run
000,   1605009, 1605009,   15.283180,   30.000000,11251.674805,11217.585938,   59.405151,  183.332108,11012.048828,10924.320312,   1605009,               0,000,000
000,   1590072, 1590072,   15.029600,   30.000000,11256.449219,11213.207031,   58.727135,  181.344025,11015.902344,10923.098633,   1590072,               0,000,001
000,   1605368, 1605368,   15.008445,   30.000000,11247.830078,11221.778320,   59.164001,  182.632019,11009.419922,10929.408203,   1605368,               0,000,002
