tid,loop_in_cs,lock_acquires,lock_hold(ms),total_duration(s),wait_acq(ms),wait_rel(ms),lwait_acq, lwait_rel,gwait_acq,gwait_rel,glock_tries,array_size(B),client_id,run
000,   1648048, 1648048,   15.769035,   30.000000,11323.554688,11142.749023,   90.978569,  164.242188,11050.981445,10868.719727,   1648048,               0,000,000
000,   1643316, 1643316,   15.428439,   30.000000,11282.924805,11183.782227,   90.353989,  162.560547,11006.652344,10911.793945,   1643316,               0,000,001
000,   1640917, 1640917,   15.533860,   30.000000,11281.521484,11185.088867,   90.200851,  162.369629,10996.839844,10913.368164,   1640917,               0,000,002
