tid,loop_in_cs,lock_acquires,lock_hold(ms),total_duration(s),wait_acq(ms),wait_rel(ms),lwait_acq, lwait_rel,gwait_acq,gwait_rel,glock_tries,array_size(B),client_id,run
000,   1065803, 1065803,   10.137195,   30.000000,15078.565430, 7400.418457,   44.418430,   48.018345,14902.058594, 7226.847168,   2186809,               0,000,000
000,   1065949, 1065949,   10.093331,   30.000000,15082.942383, 7396.047852,   44.395531,   47.920715,14906.680664, 7222.465332,   2188635,               0,000,001
000,   1064686, 1064686,   10.082123,   30.000000,15082.132812, 7396.929688,   44.372631,   47.908836,14906.274414, 7223.868652,   2185465,               0,000,002
000,   1144488, 1144488,   11.645847,   30.000000,15116.655273, 7360.312500,   50.554890,   56.125671,14933.734375, 7179.572266,   2359512,               0,001,000
000,   1144451, 1144451,   11.626025,   30.000000,15112.381836, 7364.666016,   50.582939,   55.902897,14931.426758, 7184.368652,   2360002,               0,001,001
000,   1145019, 1145019,   11.634208,   30.000000,15112.281250, 7364.804688,   50.620846,   55.958714,14928.674805, 7184.935059,   2360496,               0,001,002
