tid,loop_in_cs,lock_acquires,lock_hold(ms),total_duration(s),wait_acq(ms),wait_rel(ms),lwait_acq, lwait_rel,gwait_acq,gwait_rel,glock_tries,array_size(B),client_id,run
000,   1596609, 1596609,   16.473293,   30.000000,11306.639648,11161.139648,   66.582947,   74.190308,11055.146484,10911.201172,   1596609,               0,000,000
000,   1584532, 1584532,   16.365963,   30.000000,11272.333984,11195.700195,   65.965202,   73.469559,11024.193359,10948.090820,   1584532,               0,000,001
000,   1594917, 1594917,   16.511318,   30.000000,11271.239258,11196.548828,   66.388069,   73.998947,11020.750000,10947.513672,   1594917,               0,000,002
