tid,loop_in_cs,lock_acquires,lock_hold(ms),total_duration(s),wait_acq(ms),wait_rel(ms),lwait_acq, lwait_rel,gwait_acq,gwait_rel,glock_tries,array_size(B),client_id,run
000,    810219,  810219,    7.677105,   30.000000,16883.515625, 5601.018066,   33.211929,   80.682350,16754.628906, 5460.803711,   2472608,               0,000,000
000,    804871,  804871,    7.588828,   30.000000,16890.550781, 5594.193359,   32.839458,   80.028625,16764.001953, 5455.062500,   2459289,               0,000,001
000,    811960,  811960,    7.603415,   30.000000,16896.205078, 5588.440430,   33.067310,   80.644234,16768.714844, 5448.241699,   2485752,               0,000,002
000,    848250,  848250,    8.006432,   30.000000,17042.117188, 5441.626465,   39.735344,   97.258301,16903.828125, 5280.288086,   2700917,               0,001,000
000,    846781,  846781,    7.944073,   30.000000,17040.792969, 5443.039551,   39.674877,   96.993637,16902.927734, 5282.145508,   2695686,               0,001,001
000,    844787,  844787,    7.887391,   30.000000,17059.892578, 5424.024414,   39.551296,   96.949051,16923.062500, 5263.803223,   2701713,               0,001,002
000,    806999,  806999,    8.099696,   30.000000,16930.330078, 5553.083496,   34.374611,   81.515244,16801.925781, 5411.637207,   2470719,               0,002,000
000,    809647,  809647,    8.089090,   30.000000,16924.152344, 5559.116699,   34.533401,   82.287666,16795.214844, 5416.140625,   2475398,               0,002,001
000,    806043,  806043,    7.988101,   30.000000,16894.099609, 5589.283691,   34.111237,   81.910294,16761.947266, 5447.005859,   2464151,               0,002,002
