tid,loop_in_cs,lock_acquires,lock_hold(ms),total_duration(s),wait_acq(ms),wait_rel(ms),lwait_acq, lwait_rel,gwait_acq,gwait_rel,glock_tries,array_size(B),client_id,run
000,    798162,  798162,    7.810671,   30.000000,16943.207031, 5540.681152,   43.308914,   81.356682,16810.058594, 5402.407227,   2446597,               0,000,000
000,    793560,  793560,    7.652623,   30.000000,16949.890625, 5534.358398,   42.999641,   80.266434,16818.378906, 5397.445801,   2435679,               0,000,001
000,    794436,  794436,    7.651084,   30.000000,16952.826172, 5531.433594,   42.964775,   80.215424,16821.201172, 5394.628906,   2441483,               0,000,002
000,    850659,  850659,    8.577843,   30.000000,17054.697266, 5427.496094,   51.686646,  102.167023,16906.644531, 5259.777832,   2699019,               0,001,000
000,    842190,  842190,    8.481830,   30.000000,17024.681641, 5457.356934,   51.041561,  101.281670,16878.294922, 5290.748047,   2664014,               0,001,001
000,    842488,  842488,    8.535129,   30.000000,17026.000000, 5455.896973,   50.967350,  100.920609,16879.890625, 5289.646973,   2666391,               0,001,002
000,    800518,  800518,    7.780480,   30.000000,16907.990234, 5575.853516,   43.050499,   79.934326,16774.890625, 5438.072754,   2448801,               0,002,000
000,    796569,  796569,    7.847876,   30.000000,16910.589844, 5573.112793,   43.012405,   79.356491,16778.248047, 5435.933594,   2439846,               0,002,001
000,    796393,  796393,    7.800879,   30.000000,16906.019531, 5577.832520,   42.905605,   79.258461,16774.613281, 5441.147461,   2436900,               0,002,002
