tid,loop_in_cs,lock_acquires,lock_hold(ms),total_duration(s),wait_acq(ms),wait_rel(ms),lwait_acq, lwait_rel,gwait_acq,gwait_rel,glock_tries,array_size(B),client_id,run
000, 228599640,228599640, 2177.431641,   30.000000,10821.108398, 7324.134277,    0.000000,    0.000000,    0.000000,    0.000000,         0,               0,000,000
000, 228602205,228602205, 2177.541992,   30.000000,10821.079102, 7323.999512,    0.000000,    0.000000,    0.000000,    0.000000,         0,               0,000,001
000, 228601858,228601858, 2177.453369,   30.000000,10821.234375, 7323.995605,    0.000000,    0.000000,    0.000000,    0.000000,         0,               0,000,002
