tid,wait_acq(ms),wait_rel(ms),client_id,run
000, 28.608780, 53.756634,000,000
000, 28.328329, 51.438061,000,001
