tid,total_duration(s),min_slock_hold,med,max,min_swait_acq,med,max,min_swait_rel,med,max,min_slwait_acq,med,max,min_slwait_rel,med,max,min_sgwait_acq,med,max,min_sgwait_rel,med,max,min_sdata_read,med,max,min_sdata_write,med,max,min_sglock_tries,med,max,array_size(B),client_id
000,10.0, 0.000015000, 0.000017083, 0.000069583, 0.007482084, 0.016229168, 0.994520009, 0.007309583, 0.008138750, 0.018740833, 0.000061667, 0.000069583, 0.000115833, 0.000081667, 0.000088750, 0.002955833, 0.007246250, 0.015987501, 0.993980825, 0.007071250, 0.007898750, 0.018467501, 0.000043333, 0.000048333, 0.000292917, 0.000025000, 0.000027500, 0.000055000, 1.000000000, 2.000000000, 5.000000000,               0,001

000,10.0, 0.000016667, 0.000017083, 0.000063333, 0.007480000, 0.016240001, 0.057408333, 0.005415000, 0.008149167, 0.017899167, 0.000065000, 0.000069583, 0.004027084, 0.000086250, 0.000088750, 0.000168333, 0.007240000, 0.016000001, 0.057151668, 0.005160000, 0.007901250, 0.017564166, 0.000046250, 0.000048333, 0.000113750, 0.000027083, 0.000027500, 0.003107500, 1.000000000, 2.000000000, 7.000000000,               0,001
000,10.0, 0.000016667, 0.000018750, 0.001492500, 0.007412917, 0.016204167, 0.155726254, 0.007305417, 0.008182917, 0.031440001, 0.000067083, 0.000069583, 0.000141250, 0.000086250, 0.000090417, 0.009608333, 0.007170417, 0.015957916, 0.141446665, 0.007060833, 0.007934583, 0.019069584, 0.000044167, 0.000052500, 0.008050417, 0.000027083, 0.000027500, 0.003347500, 1.000000000, 2.000000000, 6.000000000,               0,000
000,10.0, 0.000016667, 0.000018750, 0.000071250, 0.007688333, 0.016233332, 0.161782920, 0.006206250, 0.008147083, 0.023560001, 0.000065000, 0.000069583, 0.008332500, 0.000086250, 0.000088750, 0.015048333, 0.007423333, 0.015993332, 0.161528334, 0.005945417, 0.007898750, 0.019235833, 0.000044167, 0.000048333, 0.000138750, 0.000027083, 0.000027500, 0.000046250, 1.000000000, 2.000000000,20.000000000,               0,001
