tid,loop_in_cs,lock_acquires,lock_hold(ms),total_duration(s),wait_acq(ms),wait_rel(ms),lwait_acq,lwait_rel,gwait_acq,gwait_rel,data_read,data_write,glock_tries,array_size(B),client_id,run
000,    512641,  512641,    9.138250,   10.000000, 5045.197266, 4932.029785,   46.792015,   39.678082, 4963.463379, 4849.007812,   31.092743,   13.698816,    512641,               0,000,000
000,    512744,  512744,    8.804519,   10.000000, 5045.547852, 4932.833984,   46.840546,   39.720215, 4964.083984, 4849.966797,   29.864140,   13.697706,    512744,               0,000,001
000,    512501,  512501,    8.805609,   10.000000, 5045.129395, 4933.235840,   46.878944,   39.812969, 4963.501465, 4850.226562,   30.106461,   13.718336,    512501,               0,000,002
