tid,loop_in_cs,lock_acquires,lock_hold(ms),total_duration(s),wait_acq(ms),wait_rel(ms),lwait_acq,lwait_rel,gwait_acq,gwait_rel,data_read,data_write,glock_tries,array_size(B),client_id,run
000,    333678,  333678,    6.227588,   10.000000, 6692.052734, 3291.999268,   21.831163,   30.710159, 6643.581543, 3221.804688,   23.109497,    9.672462,    680949,               0,000,000
000,    333138,  333138,    5.904923,   10.000000, 6695.651367, 3289.539551,   21.758961,   30.901247, 6647.551758, 3219.289551,   22.872974,    9.632645,    680408,               0,000,001
000,    333184,  333184,    5.876815,   10.000000, 6694.867676, 3289.842041,   21.761229,   30.891447, 6646.806152, 3219.696533,   22.928520,    9.638824,    680138,               0,000,002
000,    337919,  337919,    6.297153,   10.000000, 6717.995605, 3266.104248,   25.125383,   31.603373, 6665.266113, 3198.323242,   22.164499,    9.399625,    697328,               0,001,000
000,    338582,  338582,    5.974197,   10.000000, 6723.248535, 3261.988281,   25.067476,   31.122807, 6672.275879, 3195.738281,   21.501780,    9.383534,    698995,               0,001,001
000,    337032,  337032,    5.945342,   10.000000, 6715.746582, 3269.523438,   25.048946,   31.863224, 6663.675293, 3200.738281,   21.996166,    9.353010,    694857,               0,001,002
