tid,loop_in_cs,lock_acquires,lock_hold(ms),total_duration(s),wait_acq(ms),wait_rel(ms),lwait_acq,lwait_rel,gwait_acq,gwait_rel,data_read,data_write,glock_tries,array_size(B),client_id,run
000,    403293,  403293,    7.475032,   10.000000, 6697.954590, 3282.835205,   20.341106,   30.755672, 6649.693359, 3223.593994,   19.676071,   11.322987,    834139,               0,000,000
000,    402152,  402152,    7.327378,   10.000000, 6706.474121, 3274.770996,   20.269569,   30.666086, 6658.533203, 3215.729004,   19.498158,   11.298117,    835312,               0,000,001
000,    402391,  402391,    7.357467,   10.000000, 6706.394043, 3274.752930,   20.292067,   30.564369, 6658.358398, 3216.003174,   19.546799,   11.302980,    835823,               0,000,002
000,    402408,  402408,    7.442438,   10.000000, 6707.086426, 3274.688721,   19.778654,   28.407597, 6659.884277, 3218.473389,   19.639097,   11.401303,    825076,               0,001,000
000,    401111,  401111,    7.311162,   10.000000, 6686.199707, 3296.030273,   19.793642,   29.167807, 6638.977539, 3237.885254,   19.521324,   11.378675,    821745,               0,001,001
000,    401381,  401381,    7.328712,   10.000000, 6683.102051, 3299.135498,   19.851406,   29.056290, 6635.788574, 3240.964355,   19.513853,   11.403292,    820980,               0,001,002
