tid,loop_in_cs,lock_acquires,lock_hold(ms),total_duration(s),wait_acq(ms),wait_rel(ms),lwait_acq,lwait_rel,gwait_acq,gwait_rel,data_read,data_write,glock_tries,array_size(B),client_id,run
000,    514362,  514362,    9.221042,   10.000000, 5026.339355, 4951.485352,   46.929482,   60.502148, 4943.223145, 4854.545898,   31.254156,   14.137923,    514362,               0,000,000
000,    516035,  516035,    8.877840,   10.000000, 5028.359863, 4950.540527,   47.135540,   58.890312, 4945.967773, 4856.056641,   30.208376,   14.192400,    516035,               0,000,001
000,    517276,  517276,    8.911888,   10.000000, 5029.871582, 4948.942871,   47.202251,   57.449780, 4947.968750, 4856.545898,   29.553230,   14.223237,    517276,               0,000,002
