tid,loop_in_cs,lock_acquires,lock_hold(ms),total_duration(s),wait_acq(ms),wait_rel(ms),lwait_acq, lwait_rel,gwait_acq,gwait_rel,glock_tries,array_size(B),client_id,run
000,   1637772, 1637772,   15.396523,   30.000000,11299.393555,11166.604492,   79.049576,  158.551483,11038.628906,10889.241211,   1637772,               0,000,000
000,   1630796, 1630796,   15.279969,   30.000000,11279.751953,11186.489258,   78.922493,  157.449768,11020.374023,10910.958984,   1630796,               0,000,001
000,   1623881, 1623881,   15.099556,   30.000000,11267.732422,11198.834961,   78.444733,  156.625107,11007.530273,10927.330078,   1623881,               0,000,002
