tid,loop_in_cs,lock_acquires,lock_hold(ms),total_duration(s),wait_acq(ms),wait_rel(ms),lwait_acq, lwait_rel,gwait_acq,gwait_rel,glock_tries,array_size(B),client_id,run
000,    825768,  825768,    8.075772,   30.000000,16880.976562, 5600.570801,   48.820389,   86.428757,16734.412109, 5451.503906,   2524118,               0,000,000
000,    828940,  828940,    8.063400,   30.000000,16884.921875, 5596.914062,   50.011940,   86.565987,16736.570312, 5447.801758,   2534334,               0,000,001
000,    828898,  828898,    7.958669,   30.000000,16884.035156, 5598.010254,   49.051723,   86.160072,16736.847656, 5449.905762,   2532183,               0,000,002
000,    853091,  853091,    8.485264,   30.000000,17080.800781, 5400.105469,   47.457756,   98.718224,16931.976562, 5240.665039,   2722567,               0,001,000
000,    849368,  849368,    8.308000,   30.000000,17070.408203, 5410.667969,   47.228794,   98.685883,16922.513672, 5251.481445,   2708818,               0,001,001
000,    840982,  840982,    8.076091,   30.000000,17048.884766, 5432.667969,   46.732941,   99.095009,16902.853516, 5273.765137,   2684393,               0,001,002
000,    807377,  807377,    7.893126,   30.000000,16921.068359, 5561.403320,   39.961979,   81.558434,16786.189453, 5422.589844,   2472358,               0,002,000
000,    807552,  807552,    7.863631,   30.000000,16892.667969, 5589.823242,   39.765926,   81.085152,16758.494141, 5451.592285,   2468224,               0,002,001
000,    810759,  810759,    7.743429,   30.000000,16881.726562, 5600.814941,   39.999344,   80.807373,16746.914062, 5462.988770,   2475398,               0,002,002
