tid,loop_in_cs,lock_acquires,lock_hold(ms),total_duration(s),wait_acq(ms),wait_rel(ms),lwait_acq, lwait_rel,gwait_acq,gwait_rel,array_size(B),client_id,run
000,    382619,  382619,    3.541640,   30.000000,11222.229492,11266.456055,   20.509480,   67.089043,11151.768555,11169.625977,               0,000,000
000,    374272,  374272,    3.521278,   30.000000,11213.948242,11274.755859,   20.140114,   65.607407,11145.148438,11180.638672,               0,000,001
