tid,total_duration(s),min_slock_hold,med,max,min_swait_acq,med,max,min_swait_rel,med,max,min_slwait_acq,med,max,min_slwait_rel,med,max,min_sgwait_acq,med,max,min_sgwait_rel,med,max,min_sdata_read,med,max,min_sdata_write,med,max,min_sglock_tries,med,max,array_size(B),client_id
000,10.0, 0.000016667, 0.000018750, 0.000063333, 0.007572917, 0.016202083, 0.050686251, 0.006164167, 0.008128750, 0.017252499, 0.000048333, 0.000050417, 0.000357917, 0.000062917, 0.000069583, 0.003328750, 0.007349167, 0.015980834, 0.050435416, 0.005913750, 0.007896666, 0.016170833, 0.000044167, 0.000048333, 0.000107500, 0.000027083, 0.000027500, 0.000042083, 1.000000000, 2.000000000, 6.000000000,               0,001
000,10.0, 0.000016667, 0.000018750, 0.000073333, 0.007540833, 0.016194584, 0.066307500, 0.007347083, 0.008128333, 0.030684168, 0.000048333, 0.000050417, 0.000092500, 0.000062917, 0.000069583, 0.000139167, 0.007317916, 0.015972916, 0.066059165, 0.007117917, 0.007894583, 0.030446250, 0.000044167, 0.000048333, 0.000145000, 0.000027083, 0.000027500, 0.003444167, 1.000000000, 2.000000000, 6.000000000,               0,001
000,10.0, 0.000016667, 0.000018750, 0.001480000, 0.007623333, 0.016060833, 0.215202078, 0.007377083, 0.008054583, 0.024440000, 0.000052500, 0.000054583, 0.003606667, 0.000069167, 0.000075833, 0.008208334, 0.007402083, 0.015835833, 0.200797915, 0.007134583, 0.007816667, 0.021052500, 0.000044167, 0.000048333, 0.008132917, 0.000027083, 0.000027500, 0.003366250, 1.000000000, 2.000000000, 5.000000000,               0,000
000,10.0, 0.000016667, 0.000017083, 0.000063333, 0.007526250, 0.016180834, 0.225684166, 0.007360000, 0.008120000, 0.017098751, 0.000048333, 0.000050417, 0.008387500, 0.000062917, 0.000069583, 0.002846250, 0.007307083, 0.015960000, 0.225452915, 0.007134583, 0.007886667, 0.016835833, 0.000044167, 0.000048333, 0.007926250, 0.000027083, 0.000027500, 0.000040000, 1.000000000, 2.000000000,28.000000000,               0,001
