tid,total_duration(s),min_slock_hold,med,max,min_swait_acq,med,max,min_swait_rel,med,max,min_slwait_acq,med,max,min_slwait_rel,med,max,min_sgwait_acq,med,max,min_sgwait_rel,med,max,min_sdata_read,med,max,min_sdata_write,med,max,min_sglock_tries,med,max,array_size(B),client_id
000,10.0, 0.000015000, 0.000017083, 0.003566250, 0.007298333, 0.008160000, 0.020615000, 0.007198333, 0.008012917, 0.017968334, 0.000046667, 0.000052500, 0.000073750, 0.000058333, 0.000067500, 0.009530000, 0.007055000, 0.007911666, 0.020333333, 0.006960000, 0.007762083, 0.017700834, 0.000066667, 0.000075833, 0.003250417, 0.000025000, 0.000027083, 0.003862917, 1.000000000, 1.000000000, 1.000000000,               0,000
000,10.0, 0.000015000, 0.000017083, 0.002970417, 0.007318333, 0.008160000, 0.019808751, 0.007156667, 0.008022917, 0.152781665, 0.000046667, 0.000052500, 0.001854583, 0.000056667, 0.000071667, 0.009493333, 0.007081666, 0.007911666, 0.017651666, 0.006913333, 0.007768333, 0.134782493, 0.000066667, 0.000075833, 0.009665834, 0.000025000, 0.000027083, 0.002470000, 1.000000000, 1.000000000, 1.000000000,               0,000
000,10.0, 0.000015000, 0.000017083, 0.003551667, 0.007336667, 0.008166667, 0.019890834, 0.007210000, 0.008023334, 0.206538752, 0.000046667, 0.000052500, 0.009528333, 0.000058333, 0.000069167, 0.009688750, 0.007095000, 0.007917083, 0.017800000, 0.006976667, 0.007770417, 0.188734993, 0.000066667, 0.000075833, 0.009500833, 0.000025000, 0.000027083, 0.000056667, 1.000000000, 1.000000000, 1.000000000,               0,000
