tid,total_duration(s),min_slock_hold,med,max,min_swait_acq,med,max,min_swait_rel,med,max,min_slwait_acq,med,max,min_slwait_rel,med,max,min_sgwait_acq,med,max,min_sgwait_rel,med,max,min_sdata_read,med,max,min_sdata_write,med,max,min_sglock_tries,med,max,array_size(B),client_id
000,10.0, 0.000015000, 0.000016667, 0.000078333, 0.008673334, 0.009581250, 0.020034583, 0.008543333, 0.009455000, 0.021295832, 0.000083333, 0.000088333, 0.000107500, 0.000073333, 0.000086250, 0.004055000, 0.008428333, 0.009317917, 0.019685833, 0.008321667, 0.009210417, 0.021068750, 0.000041667, 0.000046667, 0.000168333, 0.000025000, 0.000027083, 0.000046250, 1.000000000, 1.000000000, 1.000000000,               0,000
000,10.0, 0.000015000, 0.000017083, 0.000070000, 0.008441667, 0.009563333, 0.019985417, 0.008383334, 0.009445000, 0.020345001, 0.000085000, 0.000088333, 0.002681667, 0.000071667, 0.000083333, 0.003517917, 0.008198333, 0.009301667, 0.019699167, 0.008165000, 0.009205000, 0.020128334, 0.000041667, 0.000046667, 0.003440000, 0.000025000, 0.000027500, 0.000036667, 1.000000000, 1.000000000, 1.000000000,               0,000
000,10.0, 0.000015000, 0.000016667, 0.003855000, 0.008696667, 0.009568334, 0.020283334, 0.008510000, 0.009455000, 0.019809583, 0.000085000, 0.000088333, 0.000125000, 0.000073333, 0.000084167, 0.000219167, 0.008443333, 0.009308334, 0.019905001, 0.008286667, 0.009213333, 0.019473333, 0.000041667, 0.000046667, 0.004531667, 0.000025000, 0.000026667, 0.000048333, 1.000000000, 1.000000000, 1.000000000,               0,000
