tid,loop_in_cs,lock_acquires,lock_hold(ms),total_duration(s),wait_acq(ms),wait_rel(ms),lwait_acq,lwait_rel,gwait_acq,gwait_rel,data_read,data_write,glock_tries,array_size(B),client_id,run
000,    404004,  404004,    7.471880,   10.000000, 6657.666016, 3323.953613,   27.765371,   38.612080, 6602.225586, 3256.929443,   19.616219,   11.392230,    827436,               0,000,000
000,    400767,  400767,    7.316238,   10.000000, 6676.114258, 3305.940430,   27.287333,   38.210854, 6621.437500, 3239.926514,   19.389872,   11.274505,    825559,               0,000,001
000,    400979,  400979,    7.230556,   10.000000, 6669.235352, 3313.081299,   27.253309,   38.210701, 6614.816895, 3247.039551,   19.309416,   11.295013,    823396,               0,000,002
000,    402889,  402889,    7.464100,   10.000000, 6655.133789, 3326.725586,   27.406582,   35.862122, 6599.529297, 3262.846436,   19.757969,   11.496443,    822969,               0,001,000
000,    399965,  399965,    7.308593,   10.000000, 6679.720703, 3302.616211,   26.974873,   35.822216, 6624.876465, 3238.902588,   19.493204,   11.372943,    825797,               0,001,001
000,    400444,  400444,    7.301145,   10.000000, 6685.854492, 3296.459473,   27.203230,   35.673374, 6630.682617, 3232.728516,   19.446188,   11.443305,    827050,               0,001,002
