tid,loop_in_cs,lock_acquires,lock_hold(ms),total_duration(s),wait_acq(ms),wait_rel(ms),lwait_acq, lwait_rel,gwait_acq,gwait_rel,array_size(B),client_id,run
000,   1596873, 1596873,   14.979911,   30.000000,10947.571289,11522.155273,   71.221230,  803.834534,10739.596680,10599.065430,   1596873,               0,000,000
000,   1598936, 1598936,   14.865888,   30.000000,10941.259766,11528.576172,   71.658234,  804.706177,10733.488281,10604.168945,   1598936,               0,000,001
