tid,total_duration(s),min_slock_hold,med,max,min_swait_acq,med,max,min_swait_rel,med,max,min_slwait_acq,med,max,min_slwait_rel,med,max,min_sgwait_acq,med,max,min_sgwait_rel,med,max,min_sdata_read,med,max,min_sdata_write,med,max,min_sglock_tries,med,max,array_size(B),client_id
000,10.0, 0.000015000, 0.000017083, 0.000071667, 0.006052500, 0.008212500, 0.020880001, 0.006080000, 0.008059166, 0.022144584, 0.000046667, 0.000050417, 0.009443750, 0.000055000, 0.000063333, 0.009501667, 0.005837917, 0.007990000, 0.020597916, 0.005830000, 0.007837917, 0.021900417, 0.000041667, 0.000048333, 0.000099167, 0.000025000, 0.000027500, 0.000057083, 1.000000000, 1.000000000, 1.000000000,               0,000
000,10.0, 0.000015000, 0.000017083, 0.009468334, 0.007391667, 0.008174583, 0.019409999, 0.007248333, 0.008015000, 0.143999994, 0.000045000, 0.000050417, 0.009630834, 0.000055000, 0.000063333, 0.006236667, 0.007180000, 0.007951667, 0.018440001, 0.007035000, 0.007793750, 0.127238333, 0.000041667, 0.000048333, 0.003793750, 0.000025000, 0.000027083, 0.009489167, 1.000000000, 1.000000000, 1.000000000,               0,000
000,10.0, 0.000015000, 0.000017083, 0.003701250, 0.007368333, 0.008208334, 0.027486250, 0.007235000, 0.008052500, 0.221408337, 0.000045000, 0.000050417, 0.002862917, 0.000055000, 0.000063333, 0.009632917, 0.007158333, 0.007985417, 0.027099166, 0.007011667, 0.007829583, 0.203548327, 0.000041667, 0.000048333, 0.009510000, 0.000025000, 0.000027500, 0.000044167, 1.000000000, 1.000000000, 1.000000000,               0,000
