tid,loop_in_cs,lock_acquires,lock_hold(ms),total_duration(s),wait_acq(ms),wait_rel(ms),lwait_acq,lwait_rel,gwait_acq,gwait_rel,data_read,data_write,glock_tries,array_size(B),client_id,run
000,    336067,  336067,    6.368342,   10.000000, 6695.608398, 3288.784912,   16.168409,   29.433887, 6652.358887, 3224.286621,   23.102791,    9.216488,    686263,               0,000,000
000,    336133,  336133,    6.002970,   10.000000, 6700.071777, 3285.390137,   16.173527,   29.425791, 6657.283203, 3221.387939,   22.675718,    9.188708,    687230,               0,000,001
000,    335392,  335392,    5.987088,   10.000000, 6703.228516, 3282.274658,   16.079836,   29.330557, 6660.451660, 3218.479980,   22.706039,    9.201970,    687008,               0,000,002
000,    338217,  338217,    6.413545,   10.000000, 6712.928223, 3271.424561,   16.304037,   28.315153, 6669.011719, 3205.864990,   22.503111,    9.327538,    699041,               0,001,000
000,    338067,  338067,    6.060739,   10.000000, 6714.280273, 3271.165771,   16.297783,   28.162384, 6670.948242, 3206.488770,   22.410557,    9.341641,    698089,               0,001,001
000,    338044,  338044,    6.052127,   10.000000, 6714.072754, 3271.361572,   16.296408,   28.197470, 6670.737793, 3207.802734,   22.762598,    9.340203,    697513,               0,001,002
