tid,loop_in_cs,lock_acquires,lock_hold(ms),total_duration(s),wait_acq(ms),wait_rel(ms),lwait_acq,lwait_rel,gwait_acq,gwait_rel,data_read,data_write,glock_tries,array_size(B),client_id,run
000,    505608,  505608,    9.198541,   10.000000, 5034.732910, 4942.689453,   23.868134,   36.498810, 4971.885254, 4853.545898,   35.442429,   13.650013,    505608,               0,000,000
000,    504736,  504736,    8.873811,   10.000000, 5031.353027, 4947.079590,   23.913023,   36.568996, 4968.579590, 4857.847656,   35.123058,   13.677401,    504736,               0,000,001
000,    504643,  504643,    8.842393,   10.000000, 5030.697266, 4947.782227,   23.886379,   36.493141, 4967.943359, 4858.658203,   35.122173,   13.655555,    504643,               0,000,002
