tid,total_duration(s),min_slock_hold,med,max,min_swait_acq,med,max,min_swait_rel,med,max,min_slwait_acq,med,max,min_slwait_rel,med,max,min_sgwait_acq,med,max,min_sgwait_rel,med,max,min_sdata_read,med,max,min_sdata_write,med,max,min_sglock_tries,med,max,array_size(B),client_id
000,10.0, 0.000016667, 0.000017083, 0.000071667, 0.007635833, 0.016200000, 0.057557918, 0.007395833, 0.008160000, 0.019149583, 0.000067083, 0.000073333, 0.003749583, 0.000067083, 0.000077917, 0.003612917, 0.007393750, 0.015955834, 0.057300832, 0.007174583, 0.007928333, 0.018896667, 0.000044167, 0.000048333, 0.002768750, 0.000027083, 0.000027500, 0.002985000, 1.000000000, 2.000000000, 7.000000000,               0,001
000,10.0, 0.000016667, 0.000017083, 0.000062917, 0.007591667, 0.016181249, 0.057740834, 0.007427500, 0.008147500, 0.018136667, 0.000067083, 0.000073333, 0.000107083, 0.000067083, 0.000077917, 0.004233750, 0.007347500, 0.015938750, 0.057488751, 0.007195833, 0.007917916, 0.016888333, 0.000044167, 0.000048333, 0.000101250, 0.000027083, 0.000027500, 0.000046250, 1.000000000, 2.000000000, 7.000000000,               0,001
000,10.0, 0.000016667, 0.000017083, 0.001499167, 0.007576667, 0.016248750, 0.154475838, 0.006442084, 0.008191667, 0.025073750, 0.000069167, 0.000071667, 0.004500833, 0.000075833, 0.000086250, 0.008162083, 0.007330833, 0.016004167, 0.140429169, 0.006136667, 0.007949167, 0.016810833, 0.000044167, 0.000048333, 0.007867500, 0.000027083, 0.000027500, 0.003484167, 1.000000000, 2.000000000, 5.000000000,               0,000
000,10.0, 0.000016667, 0.000017083, 0.002913750, 0.007663333, 0.016204167, 0.163519993, 0.007427500, 0.008151666, 0.018597916, 0.000067083, 0.000073750, 0.000107500, 0.000067083, 0.000077917, 0.003400000, 0.007408333, 0.015960000, 0.163231671, 0.007197917, 0.007924167, 0.018364167, 0.000044167, 0.000048333, 0.002980833, 0.000027083, 0.000027500, 0.003322083, 1.000000000, 2.000000000,20.000000000,               0,001
