tid,loop_in_cs,lock_acquires,lock_hold(ms),total_duration(s),wait_acq(ms),wait_rel(ms),lwait_acq,lwait_rel,gwait_acq,gwait_rel,data_read,data_write,glock_tries,array_size(B),client_id,run
000,    513149,  513149,    9.444745,   10.000000, 5024.036133, 4953.115234,   25.607819,   38.955486, 4961.279297, 4867.026855,   33.999485,   13.942769,    513149,               0,000,000
000,    513446,  513446,    9.120089,   10.000000, 5024.448242, 4953.767578,   25.615988,   38.834030, 4962.159180, 4868.333984,   33.534870,   13.950120,    513446,               0,000,001
000,    513538,  513538,    9.130033,   10.000000, 5024.731934, 4953.440918,   25.569788,   38.882816, 4962.506836, 4868.493652,   33.470539,   13.945064,    513538,               0,000,002
