tid,total_duration(s),min_slock_hold,med,max,min_swait_acq,med,max,min_swait_rel,med,max,min_slwait_acq,med,max,min_slwait_rel,med,max,min_sgwait_acq,med,max,min_sgwait_rel,med,max,min_sdata_read,med,max,min_sdata_write,med,max,min_sglock_tries,med,max,array_size(B),client_id
000,10.0, 0.000015000, 0.000017083, 0.000058333, 0.008973333, 0.019437917, 0.106477499, 0.008538334, 0.009640000, 0.021849999, 0.000043333, 0.000048333, 0.003871667, 0.000061667, 0.000091667, 0.004222916, 0.008663333, 0.019188333, 0.106237918, 0.008328333, 0.009395000, 0.019865001, 0.000041667, 0.000048333, 0.009484584, 0.000025000, 0.000027500, 0.009637500, 1.000000000, 2.000000000,11.000000000,               0,000
000,10.0, 0.000015000, 0.000017083, 0.003458333, 0.008986667, 0.019158334, 0.104893334, 0.008368333, 0.009461250, 0.022685001, 0.000043333, 0.000048333, 0.000098333, 0.000061667, 0.000088333, 0.009663750, 0.008750000, 0.018903334, 0.104640000, 0.008095000, 0.009216666, 0.022324167, 0.000041667, 0.000048333, 0.000170000, 0.000025000, 0.000027500, 0.000037917, 1.000000000, 2.000000000,11.000000000,               0,001
000,10.0, 0.000015000, 0.000017083, 0.003935000, 0.008903333, 0.019420834, 0.096631669, 0.008728334, 0.009631250, 0.027749583, 0.000043333, 0.000048333, 0.000124167, 0.000065000, 0.000091667, 0.004111667, 0.008638334, 0.019170417, 0.096328333, 0.008406667, 0.009386667, 0.027461249, 0.000041667, 0.000048333, 0.003926666, 0.000025000, 0.000027500, 0.000044167, 1.000000000, 2.000000000, 8.000000000,               0,000
000,10.0, 0.000015000, 0.000017083, 0.000066667, 0.008937083, 0.019406667, 0.087783337, 0.008616666, 0.009635000, 0.022425000, 0.000043333, 0.000048333, 0.004211667, 0.000061667, 0.000091667, 0.000163333, 0.008646667, 0.019161666, 0.087545417, 0.008340000, 0.009390000, 0.022186667, 0.000041667, 0.000048333, 0.004481667, 0.000025000, 0.000027500, 0.000040000, 1.000000000, 2.000000000, 9.000000000,               0,000
000,10.0, 0.000015000, 0.000017083, 0.003833750, 0.008913334, 0.019222917, 0.088265002, 0.008500000, 0.009475000, 0.023736667, 0.000043333, 0.000048333, 0.009455416, 0.000061667, 0.000088333, 0.003380000, 0.008711667, 0.018964166, 0.087975003, 0.008270000, 0.009231667, 0.023521667, 0.000041667, 0.000048333, 0.009515417, 0.000025000, 0.000027500, 0.009640833, 1.000000000, 2.000000000, 9.000000000,               0,001
