tid,total_duration(s),min_slock_hold,med,max,min_swait_acq,med,max,min_swait_rel,med,max,min_slwait_acq,med,max,min_slwait_rel,med,max,min_sgwait_acq,med,max,min_sgwait_rel,med,max,min_sdata_read,med,max,min_sdata_write,med,max,min_sglock_tries,med,max,array_size(B),client_id
000,10.0, 0.000015000, 0.000016667, 0.000080000, 0.008670000, 0.009816667, 0.038333334, 0.008551667, 0.009620000, 0.020460000, 0.000043333, 0.000046667, 0.003361667, 0.000055000, 0.000076667, 0.000155000, 0.008468334, 0.009600000, 0.038041666, 0.008305000, 0.009398334, 0.020108333, 0.000041667, 0.000046250, 0.000170000, 0.000025000, 0.000026667, 0.000041667, 1.000000000, 1.000000000, 1.000000000,               0,000
000,10.0, 0.000015000, 0.000016667, 0.000060000, 0.008801667, 0.009831667, 0.020524999, 0.008490000, 0.009646250, 0.020385833, 0.000043333, 0.000046667, 0.003662917, 0.000055000, 0.000076667, 0.000160000, 0.008570000, 0.009612500, 0.020214166, 0.008290000, 0.009425000, 0.020040000, 0.000041667, 0.000046250, 0.000165000, 0.000025000, 0.000026667, 0.009500833, 1.000000000, 1.000000000, 1.000000000,               0,000
000,10.0, 0.000015000, 0.000016667, 0.000082083, 0.008561667, 0.009815000, 0.020725416, 0.008441667, 0.009626667, 0.020125832, 0.000043333, 0.000046667, 0.003935000, 0.000055000, 0.000076667, 0.009674584, 0.008356667, 0.009598333, 0.020429583, 0.008238333, 0.009406250, 0.019772083, 0.000041667, 0.000046250, 0.009800000, 0.000025000, 0.000026667, 0.000043333, 1.000000000, 1.000000000, 1.000000000,               0,000
