tid,loop_in_cs,lock_acquires,lock_hold(ms),total_duration(s),wait_acq(ms),wait_rel(ms),lwait_acq,lwait_rel,gwait_acq,gwait_rel,data_read,data_write,glock_tries,array_size(B),client_id,run
000,    511315,  511315,    9.316540,   10.000000, 5028.528320, 4947.014648,   36.170586,   59.007874, 4954.302734, 4848.312500,   35.007641,   13.789376,    511315,               0,000,000
000,    512075,  512075,    8.988064,   10.000000, 5028.910645, 4947.641113,   36.348877,   58.996532, 4954.693359, 4849.313965,   34.639839,   13.805523,    512075,               0,000,001
000,    513994,  513994,    9.004911,   10.000000, 5026.737305, 4949.926758,   36.960518,   58.340054, 4952.626465, 4854.041992,   33.930031,   13.805275,    513994,               0,000,002
