tid,total_duration(s),min_slock_hold,med,max,min_swait_acq,med,max,min_swait_rel,med,max,min_slwait_acq,med,max,min_slwait_rel,med,max,min_sgwait_acq,med,max,min_sgwait_rel,med,max,min_sdata_read,med,max,min_sdata_write,med,max,min_sglock_tries,med,max,array_size(B),client_id
000,10.0, 0.000016667, 0.000017083, 0.000067083, 0.007781250, 0.016444167, 0.050446250, 0.007515833, 0.008219167, 0.020663334, 0.000094583, 0.000097083, 0.010566250, 0.000077917, 0.000090417, 0.003602083, 0.007509167, 0.016174583, 0.050157916, 0.007280000, 0.007976667, 0.020362083, 0.000044167, 0.000048333, 0.002972917, 0.000027083, 0.000027500, 0.000042083, 1.000000000, 2.000000000, 6.000000000,               0,001
000,10.0, 0.000016667, 0.000017083, 0.000069583, 0.007865417, 0.016448334, 0.156185418, 0.007490833, 0.008178750, 0.019193333, 0.000094583, 0.000097083, 0.000141250, 0.000077917, 0.000090417, 0.003589167, 0.007597917, 0.016178750, 0.155888334, 0.007240000, 0.007935000, 0.018877916, 0.000044167, 0.000048333, 0.000130417, 0.000027083, 0.000027500, 0.000042083, 1.000000000, 2.000000000,19.000000000,               0,001
000,10.0, 0.000015000, 0.000018333, 0.004195833, 0.007629583, 0.016311251, 0.066174999, 0.007473750, 0.008218750, 0.209219173, 0.000091667, 0.000098750, 0.003495000, 0.000081667, 0.000092500, 0.014547500, 0.007362084, 0.016037917, 0.065842085, 0.007242084, 0.007985000, 0.187947080, 0.000041667, 0.000048333, 0.001819167, 0.000025000, 0.000027500, 0.000042500, 1.000000000, 2.000000000, 6.000000000,               0,000
000,10.0, 0.000016667, 0.000017083, 0.003859167, 0.007747500, 0.016415000, 0.052511666, 0.005073750, 0.008160000, 0.022128332, 0.000094583, 0.000098750, 0.003433750, 0.000077500, 0.000090417, 0.000174583, 0.007480000, 0.016145000, 0.052206252, 0.004825416, 0.007920000, 0.021846250, 0.000044167, 0.000048333, 0.000099167, 0.000027083, 0.000027500, 0.003421250, 1.000000000, 2.000000000, 6.000000000,               0,001
