tid,total_duration(s),min_slock_hold,med,max,min_swait_acq,med,max,min_swait_rel,med,max,min_slwait_acq,med,max,min_slwait_rel,med,max,min_sgwait_acq,med,max,min_sgwait_rel,med,max,min_sdata_read,med,max,min_sdata_write,med,max,min_sglock_tries,med,max,array_size(B),client_id
000,10.0, 0.000016667, 0.000018750, 0.000082083, 0.007583333, 0.016160000, 0.050618749, 0.007286250, 0.008088334, 0.017568333, 0.000090417, 0.000092500, 0.004178750, 0.000077917, 0.000088333, 0.000227500, 0.007322083, 0.015896667, 0.050345417, 0.007052500, 0.007844167, 0.017317500, 0.000044167, 0.000048333, 0.003469167, 0.000027083, 0.000027500, 0.000071667, 1.000000000, 2.000000000, 5.000000000,               0,001
000,10.0, 0.000016667, 0.000018750, 0.000073750, 0.007677916, 0.016189583, 0.048191667, 0.007330417, 0.008100834, 0.020423334, 0.000090417, 0.000092500, 0.003696667, 0.000077917, 0.000088333, 0.003415000, 0.007414583, 0.015926667, 0.047909584, 0.007092917, 0.007856667, 0.020094583, 0.000044167, 0.000048333, 0.000128750, 0.000027083, 0.000027500, 0.000044167, 1.000000000, 2.000000000, 6.000000000,               0,001
000,10.0, 0.000015000, 0.000017083, 0.001545000, 0.007646667, 0.016402083, 0.057705000, 0.007336667, 0.008189583, 0.209903330, 0.000085000, 0.000090000, 0.003500000, 0.000076667, 0.000088333, 0.012360000, 0.007395000, 0.016134582, 0.057435833, 0.007093333, 0.007950000, 0.191235006, 0.000041667, 0.000050000, 0.002097083, 0.000025000, 0.000027500, 0.000042083, 1.000000000, 2.000000000, 7.000000000,               0,000
000,10.0, 0.000016667, 0.000017083, 0.000077917, 0.007661250, 0.016174583, 0.050229583, 0.005429583, 0.008094584, 0.018890416, 0.000090417, 0.000092500, 0.003187500, 0.000077500, 0.000088333, 0.003484167, 0.007400000, 0.015909584, 0.049945001, 0.005166250, 0.007850417, 0.018633749, 0.000044167, 0.000048333, 0.000132917, 0.000027083, 0.000027500, 0.003492917, 1.000000000, 2.000000000, 5.000000000,               0,001
