tid,total_duration(s),min_slock_hold,med,max,min_swait_acq,med,max,min_swait_rel,med,max,min_slwait_acq,med,max,min_slwait_rel,med,max,min_sgwait_acq,med,max,min_sgwait_rel,med,max,min_sdata_read,med,max,min_sdata_write,med,max,min_sglock_tries,med,max,array_size(B),client_id
000,10.0, 0.000015000, 0.000017083, 0.009483334, 0.007541667, 0.008258750, 0.020221250, 0.007360000, 0.008073750, 0.017717084, 0.000085000, 0.000094583, 0.000138750, 0.000075000, 0.000086250, 0.003420833, 0.007286667, 0.007993750, 0.019920001, 0.007117917, 0.007835833, 0.017461667, 0.000044167, 0.000048333, 0.003128333, 0.000025000, 0.000027500, 0.000037917, 1.000000000, 1.000000000, 1.000000000,               0,000
000,10.0, 0.000015000, 0.000018333, 0.001511667, 0.007443334, 0.008299166, 0.160926253, 0.005556667, 0.008107500, 0.023423333, 0.000085000, 0.000094583, 0.000288750, 0.000075000, 0.000086250, 0.010850416, 0.007191667, 0.008033750, 0.146972507, 0.005333333, 0.007869584, 0.016627083, 0.000044167, 0.000048333, 0.007770834, 0.000025000, 0.000027500, 0.003375000, 1.000000000, 1.000000000, 1.000000000,               0,000
000,10.0, 0.000016667, 0.000017083, 0.001486250, 0.007543333, 0.008309167, 0.022555834, 0.007400000, 0.008122084, 0.019842083, 0.000090417, 0.000095000, 0.000111667, 0.000080000, 0.000086250, 0.004095000, 0.007280000, 0.008044166, 0.022254582, 0.007174583, 0.007884166, 0.019587083, 0.000044167, 0.000048333, 0.001821250, 0.000027083, 0.000027500, 0.000055000, 1.000000000, 1.000000000, 1.000000000,               0,000
