tid,loop_in_cs,lock_acquires,lock_hold(ms),total_duration(s),wait_acq(ms),wait_rel(ms),lwait_acq,lwait_rel,gwait_acq,gwait_rel,data_read,data_write,glock_tries,array_size(B),client_id,run
000,    512273,  512273,    9.478475,   10.000000, 5006.781250, 4970.702637,   34.465939,   60.807148, 4933.771973, 4870.486328,   34.860924,   14.142627,    512273,               0,000,000
000,    511975,  511975,    9.125511,   10.000000, 5008.081055, 4970.668945,   34.552395,   61.153526, 4935.187012, 4870.399902,   34.598351,   14.173618,    511975,               0,000,001
000,    511570,  511570,    9.095176,   10.000000, 5007.375977, 4971.396973,   34.583416,   61.079487, 4934.389160, 4871.239258,   34.798485,   14.191395,    511570,               0,000,002
