tid,loop_in_cs,lock_acquires,lock_hold(ms),total_duration(s),wait_acq(ms),wait_rel(ms),lwait_acq,lwait_rel,gwait_acq,gwait_rel,data_read,data_write,glock_tries,array_size(B),client_id,run
000,    607719,  607719,   11.071757,   10.000000, 5046.970215, 4926.271484,   58.474152,   53.129112, 4948.894043, 4833.757324,   30.000933,   16.927423,    607719,               0,000,000
000,    605575,  605575,   11.071065,   10.000000, 5047.531250, 4925.783691,   58.735271,   54.813980, 4949.333496, 4831.418457,   29.956284,   16.993685,    605575,               0,000,001
000,    605235,  605235,   10.964322,   10.000000, 5044.153320, 4929.464844,   58.460114,   54.384602, 4946.584961, 4835.597656,   29.774456,   16.961136,    605235,               0,000,002
