tid,loop_in_cs,lock_acquires,lock_hold(ms),total_duration(s),wait_acq(ms),wait_rel(ms),lwait_acq,lwait_rel,gwait_acq,gwait_rel,data_read,data_write,glock_tries,array_size(B),client_id,run
000,    399568,  399568,    7.396323,   10.000000, 6674.187500, 3307.619385,   39.560753,   37.800018, 6608.112793, 3242.350586,   20.984779,   11.207970,    816122,               0,000,000
000,    398735,  398735,    7.299028,   10.000000, 6671.058105, 3311.041992,   39.621738,   38.499313, 6604.445312, 3243.993164,   21.481001,   11.212397,    813807,               0,000,001
000,    398708,  398708,    7.248332,   10.000000, 6676.542480, 3305.765381,   39.517536,   37.634193, 6610.706543, 3241.945312,   20.996668,   11.184876,    814695,               0,000,002
000,    398408,  398408,    7.377244,   10.000000, 6681.583984, 3300.570557,   39.074238,   37.282291, 6614.341309, 3234.273926,   19.118263,   11.204681,    808443,               0,001,000
000,    397798,  397798,    7.256739,   10.000000, 6690.070801, 3292.483643,   38.954292,   37.370556, 6623.034668, 3225.731689,   18.929031,   11.205782,    809534,               0,001,001
000,    397804,  397804,    7.253129,   10.000000, 6708.178223, 3274.369141,   39.140244,   37.170464, 6640.932617, 3208.656982,   18.987486,   11.197813,    813434,               0,001,002
