tid,loop_in_cs,lock_acquires,lock_hold(ms),total_duration(s),wait_acq(ms),wait_rel(ms),lwait_acq, lwait_rel,gwait_acq,gwait_rel,glock_tries,array_size(B),client_id,run
000, 287825159,287825159, 2741.640625,   30.000000,10038.522461, 6978.429199,    0.000000,    0.000000,    0.000000,    0.000000,         0,               0,000,000
000, 287838299,287838299, 2741.487793,   30.000000,10037.989258, 6978.838867,    0.000000,    0.000000,    0.000000,    0.000000,         0,               0,000,001
000, 287836174,287836174, 2741.606689,   30.000000,10038.239258, 6978.703125,    0.000000,    0.000000,    0.000000,    0.000000,         0,               0,000,002
