tid,loop_in_cs,lock_acquires,lock_hold(ms),total_duration(s),wait_acq(ms),wait_rel(ms),lwait_acq, lwait_rel,gwait_acq,gwait_rel,glock_tries,array_size(B),client_id,run
000, 295016078,295016078, 2810.114990,   30.000000, 9300.558594, 7579.361816,    0.000000,    0.000000,    0.000000,    0.000000,         0,               0,000,000
000, 295022324,295022324, 2810.199707,   30.000000, 9300.686523, 7579.089844,    0.000000,    0.000000,    0.000000,    0.000000,         0,               0,000,001
000, 295019196,295019196, 2810.159912,   30.000000, 9300.607422, 7579.171875,    0.000000,    0.000000,    0.000000,    0.000000,         0,               0,000,002
