tid,total_duration(s),min_slock_hold,med,max,min_swait_acq,med,max,min_swait_rel,med,max,min_slwait_acq,med,max,min_slwait_rel,med,max,min_sgwait_acq,med,max,min_sgwait_rel,med,max,min_sdata_read,med,max,min_sdata_write,med,max,min_sglock_tries,med,max,array_size(B),client_id
000,10.0, 0.000015000, 0.000016667, 0.000063333, 0.006910000, 0.009746667, 0.025461666, 0.007038333, 0.009623333, 0.019691667, 0.000060000, 0.000066667, 0.000085000, 0.000095000, 0.000108333, 0.003460000, 0.006675000, 0.009515000, 0.025030000, 0.006793333, 0.009368333, 0.019421667, 0.000041667, 0.000045000, 0.003831667, 0.000025000, 0.000026667, 0.000045000, 1.000000000, 1.000000000, 1.000000000,               0,000
000,10.0, 0.000015000, 0.000016667, 0.000073333, 0.008736666, 0.009731667, 0.019246666, 0.008528333, 0.009615000, 0.021776667, 0.000060000, 0.000066667, 0.004660000, 0.000095000, 0.000108333, 0.004010000, 0.008510000, 0.009500000, 0.018895000, 0.008280000, 0.009360000, 0.021469999, 0.000041667, 0.000045000, 0.000158333, 0.000025000, 0.000026667, 0.004141666, 1.000000000, 1.000000000, 1.000000000,               0,000
000,10.0, 0.000015000, 0.000016667, 0.000055000, 0.008756666, 0.009723334, 0.021181667, 0.008640000, 0.009595000, 0.018883333, 0.000060000, 0.000066667, 0.003466667, 0.000095000, 0.000108333, 0.003721667, 0.008498333, 0.009491666, 0.020860000, 0.008390000, 0.009338333, 0.018633334, 0.000041667, 0.000045000, 0.004001667, 0.000025000, 0.000026667, 0.004170000, 1.000000000, 1.000000000, 1.000000000,               0,000
