tid,total_duration(s),min_slock_hold,med,max,min_swait_acq,med,max,min_swait_rel,med,max,min_slwait_acq,med,max,min_slwait_rel,med,max,min_sgwait_acq,med,max,min_sgwait_rel,med,max,min_sdata_read,med,max,min_sdata_write,med,max,min_sglock_tries,med,max,array_size(B),client_id
000,10.0, 0.000016667, 0.000017083, 0.004097083, 0.007499167, 0.016132500, 0.041025415, 0.007000000, 0.008090417, 0.041467499, 0.000052500, 0.000052500, 0.000096667, 0.000067083, 0.000073750, 0.000153750, 0.007277917, 0.015907500, 0.040778749, 0.006740833, 0.007854584, 0.041242082, 0.000044167, 0.000048333, 0.003862917, 0.000027083, 0.000027500, 0.000048750, 1.000000000, 2.000000000, 5.000000000,               0,001
000,10.0, 0.000016667, 0.000018750, 0.000077917, 0.007562083, 0.016140833, 0.051964168, 0.006513750, 0.008095000, 0.019311666, 0.000048750, 0.000052500, 0.000065000, 0.000067083, 0.000073750, 0.004482083, 0.007338750, 0.015915833, 0.051717918, 0.006235833, 0.007860834, 0.019082082, 0.000044167, 0.000048333, 0.000113333, 0.000027083, 0.000027500, 0.000052500, 1.000000000, 2.000000000, 6.000000000,               0,001
000,10.0, 0.000016667, 0.000018750, 0.001545000, 0.007509583, 0.016111666, 0.145141244, 0.007387500, 0.008128333, 0.032724168, 0.000048333, 0.000050417, 0.000073750, 0.000060833, 0.000073750, 0.006459167, 0.007290417, 0.015892500, 0.131022915, 0.007168334, 0.007899167, 0.021311667, 0.000044167, 0.000044583, 0.007842083, 0.000027083, 0.000027500, 0.003574583, 1.000000000, 2.000000000, 6.000000000,               0,000
000,10.0, 0.000016667, 0.000018750, 0.004130833, 0.007555834, 0.016132500, 0.151469588, 0.007378750, 0.008092500, 0.019985000, 0.000048333, 0.000052500, 0.003955833, 0.000067083, 0.000073750, 0.004105417, 0.007335000, 0.015909167, 0.151237920, 0.007155417, 0.007857083, 0.019671667, 0.000044167, 0.000048333, 0.000130417, 0.000027083, 0.000027500, 0.004155833, 1.000000000, 2.000000000,18.000000000,               0,001
