tid,total_duration(s),min_slock_hold,med,max,min_swait_acq,med,max,min_swait_rel,med,max,min_slwait_acq,med,max,min_slwait_rel,med,max,min_sgwait_acq,med,max,min_sgwait_rel,med,max,min_sdata_read,med,max,min_sdata_write,med,max,min_sglock_tries,med,max,array_size(B),client_id
000,10.0, 0.000015000, 0.000016667, 0.008080000, 0.008531666, 0.009790000, 0.020223333, 0.007976667, 0.009618334, 0.023256667, 0.000085000, 0.000090000, 0.000121667, 0.000075000, 0.000113333, 0.000253333, 0.008288333, 0.009528333, 0.019958334, 0.007746667, 0.009368333, 0.022849999, 0.000041667, 0.000046667, 0.003935000, 0.000025000, 0.000026667, 0.000063333, 1.000000000, 1.000000000, 1.000000000,               0,000
000,10.0, 0.000015000, 0.000016667, 0.002620000, 0.008583333, 0.009636667, 0.020620000, 0.008338333, 0.009485000, 0.019450000, 0.000085000, 0.000090000, 0.000123333, 0.000075000, 0.000086667, 0.000260000, 0.008311667, 0.009380000, 0.020339999, 0.008110000, 0.009240000, 0.019220000, 0.000041667, 0.000046667, 0.002685000, 0.000025000, 0.000026667, 0.003198333, 1.000000000, 1.000000000, 1.000000000,               0,000
000,10.0, 0.000015000, 0.000016667, 0.000097083, 0.008565000, 0.009753333, 0.022423333, 0.008453334, 0.009591667, 0.020093750, 0.000085000, 0.000090000, 0.002870000, 0.000075000, 0.000111667, 0.000253333, 0.008320000, 0.009490000, 0.022066666, 0.008230000, 0.009346667, 0.019750834, 0.000041667, 0.000046667, 0.000156667, 0.000025000, 0.000026667, 0.000038333, 1.000000000, 1.000000000, 1.000000000,               0,000
