tid,loop_in_cs,lock_acquires,lock_hold(ms),total_duration(s),wait_acq(ms),wait_rel(ms),lwait_acq,lwait_rel,gwait_acq,gwait_rel,data_read,data_write,glock_tries,array_size(B),client_id,run
000,    599598,  599598,   10.972243,   10.000000, 5041.138184, 4932.016113,   34.238811,   49.067074, 4967.667969, 4842.480957,   29.021984,   16.720764,    599598,               0,000,000
000,    600795,  600795,   11.008621,   10.000000, 5043.889648, 4929.293457,   34.283401,   49.004635, 4970.353027, 4839.640137,   28.895500,   16.770405,    600795,               0,000,001
000,    600052,  600052,   10.865437,   10.000000, 5042.856934, 4930.674805,   34.263706,   48.834732, 4969.165039, 4841.439941,   28.623940,   16.747681,    600052,               0,000,002
