tid,total_duration(s),min_slock_hold,med,max,min_swait_acq,med,max,min_swait_rel,med,max,min_slwait_acq,med,max,min_slwait_rel,med,max,min_sgwait_acq,med,max,min_sgwait_rel,med,max,min_sdata_read,med,max,min_sdata_write,med,max,min_sglock_tries,med,max,array_size(B),client_id
000,10.0, 0.000016667, 0.000018750, 0.000086250, 0.007469167, 0.008204167, 0.022181250, 0.007395833, 0.008122500, 0.017155834, 0.000065000, 0.000069167, 0.000109583, 0.000109167, 0.000115833, 0.003528333, 0.007225417, 0.007964167, 0.021871250, 0.007134583, 0.007860834, 0.016869584, 0.000044167, 0.000048333, 0.000126250, 0.000027083, 0.000027500, 0.000058750, 1.000000000, 1.000000000, 1.000000000,               0,000
000,10.0, 0.000015000, 0.000017083, 0.001524167, 0.007482500, 0.008197917, 0.085204169, 0.005366250, 0.008115834, 0.151949584, 0.000061667, 0.000069167, 0.003917917, 0.000103333, 0.000115833, 0.014229584, 0.007233750, 0.007960000, 0.084717914, 0.005099167, 0.007854584, 0.131326243, 0.000043333, 0.000048333, 0.004433750, 0.000025000, 0.000027500, 0.003696667, 1.000000000, 1.000000000, 1.000000000,               0,000
000,10.0, 0.000016667, 0.000018750, 0.001511667, 0.007513750, 0.008210417, 0.019564167, 0.007315833, 0.008122084, 0.016376667, 0.000065000, 0.000069583, 0.003619167, 0.000109167, 0.000115833, 0.000191667, 0.007275833, 0.007970417, 0.019282084, 0.007052500, 0.007859167, 0.016061250, 0.000044167, 0.000048333, 0.001865000, 0.000027083, 0.000027500, 0.000040000, 1.000000000, 1.000000000, 1.000000000,               0,000
