tid,total_duration(s),min_slock_hold,med,max,min_swait_acq,med,max,min_swait_rel,med,max,min_slwait_acq,med,max,min_slwait_rel,med,max,min_sgwait_acq,med,max,min_sgwait_rel,med,max,min_sdata_read,med,max,min_sdata_write,med,max,min_sglock_tries,med,max,array_size(B),client_id
000,10.0, 0.000016667, 0.000017083, 0.000052500, 0.007743333, 0.016210416, 0.044747084, 0.007507500, 0.008220834, 0.018267084, 0.000065000, 0.000067083, 0.000109167, 0.000111250, 0.000115833, 0.003669583, 0.007507500, 0.015972501, 0.044488750, 0.007227500, 0.007935000, 0.017962083, 0.000044167, 0.000048333, 0.000126250, 0.000027083, 0.000027500, 0.000109583, 1.000000000, 2.000000000, 5.000000000,               0,001
000,10.0, 0.000016667, 0.000018750, 0.000052917, 0.007665000, 0.016319999, 0.055480000, 0.007530417, 0.008271666, 0.023987083, 0.000062917, 0.000067083, 0.004482083, 0.000111250, 0.000115833, 0.003997917, 0.007429583, 0.016082084, 0.055212501, 0.007252917, 0.007987500, 0.023644166, 0.000044167, 0.000048333, 0.009140833, 0.000027083, 0.000027500, 0.000052500, 1.000000000, 2.000000000, 5.000000000,               0,001
000,10.0, 0.000016667, 0.000018750, 0.001520000, 0.007574583, 0.016160000, 0.177099168, 0.007452917, 0.008206250, 0.035654999, 0.000062917, 0.000067500, 0.003099167, 0.000098750, 0.000109583, 0.009656667, 0.007324167, 0.015920000, 0.167372495, 0.007168334, 0.007943333, 0.035280000, 0.000044167, 0.000050833, 0.003494583, 0.000027083, 0.000027500, 0.000067500, 1.000000000, 2.000000000, 5.000000000,               0,000
000,10.0, 0.000016667, 0.000018750, 0.000057083, 0.007829583, 0.016315833, 0.051934585, 0.006391667, 0.008269583, 0.017265417, 0.000063333, 0.000067083, 0.000109583, 0.000111250, 0.000115833, 0.004505417, 0.007591250, 0.016077917, 0.051696666, 0.006080000, 0.007985417, 0.016981250, 0.000044167, 0.000048333, 0.000126667, 0.000027083, 0.000027500, 0.004086250, 1.000000000, 2.000000000, 6.000000000,               0,001
