tid,loop_in_cs,lock_acquires,lock_hold(ms),total_duration(s),wait_acq(ms),wait_rel(ms),lwait_acq,lwait_rel,gwait_acq,gwait_rel,data_read,data_write,glock_tries,array_size(B),client_id,run,nlocks
000, 453246976,    3457, 1906.322510,    3.000000,  542.344238,  549.543152,    8.948570,    1.278368,  532.243347,  547.044189,  465.035461,  475.437988,      3458,          524288,000,000,000002
000, 453902336,    3462, 1906.947876,    3.000000,  541.790039,  549.075012,    8.840536,    1.055669,  531.849304,  546.805603,  464.950409,  475.410828,      3463,          524288,000,001,000002
000, 454164480,    3464, 1907.204468,    3.000000,  541.413940,  549.664734,    8.806050,    1.120018,  531.353882,  547.318970,  464.386658,  476.035034,      3464,          524288,000,002,000002
