tid,total_duration(s),min_slock_hold,med,max,min_swait_acq,med,max,min_swait_rel,med,max,min_slwait_acq,med,max,min_slwait_rel,med,max,min_sgwait_acq,med,max,min_sgwait_rel,med,max,min_sdata_read,med,max,min_sdata_write,med,max,min_sglock_tries,med,max,array_size(B),client_id
000,10.0, 0.000016667, 0.000017083, 0.002924167, 0.007682083, 0.016282083, 0.041349165, 0.007427500, 0.008218750, 0.017764166, 0.000094583, 0.000103333, 0.003073750, 0.000088333, 0.000101250, 0.003062917, 0.007404584, 0.016006250, 0.041033335, 0.007185000, 0.007962083, 0.016690833, 0.000044167, 0.000048333, 0.002850417, 0.000027083, 0.000027500, 0.002930417, 1.000000000, 2.000000000, 5.000000000,               0,001
000,10.0, 0.000016667, 0.000018750, 0.000073750, 0.007579166, 0.016277917, 0.161869586, 0.007353750, 0.008206666, 0.023284167, 0.000094583, 0.000103333, 0.009225417, 0.000088333, 0.000101250, 0.003898750, 0.007303333, 0.016002083, 0.161577091, 0.007107083, 0.007953750, 0.023014583, 0.000044167, 0.000048333, 0.000111667, 0.000027083, 0.000027500, 0.000050417, 1.000000000, 2.000000000,20.000000000,               0,001
000,10.0, 0.000015000, 0.000017083, 0.001524167, 0.008012500, 0.016309584, 0.227987498, 0.007494583, 0.008219167, 0.021450417, 0.000091667, 0.000102917, 0.000149167, 0.000086667, 0.000096667, 0.008137084, 0.007730416, 0.016035832, 0.218097091, 0.007252917, 0.007970833, 0.016762083, 0.000041667, 0.000046250, 0.003642083, 0.000025000, 0.000027500, 0.000044167, 1.000000000, 2.000000000, 7.000000000,               0,000
000,10.0, 0.000016667, 0.000018750, 0.000082083, 0.007657083, 0.016276667, 0.052694999, 0.007467500, 0.008217083, 0.016867083, 0.000094583, 0.000103333, 0.003115417, 0.000088333, 0.000102917, 0.003120000, 0.007380833, 0.016002083, 0.052412499, 0.007185000, 0.007960000, 0.016576666, 0.000044167, 0.000048333, 0.002947500, 0.000027083, 0.000027500, 0.000048333, 1.000000000, 2.000000000, 6.000000000,               0,001
