tid,loop_in_cs,lock_acquires,lock_hold(ms),total_duration(s),wait_acq(ms),wait_rel(ms),lwait_acq, lwait_rel,gwait_acq,gwait_rel,glock_tries,array_size(B),client_id,run
000,   1614672, 1614672,   15.312134,   30.000000,11273.593750,11194.512695,   62.092587,  159.796173,11028.848633,10924.359375,   1614672,               0,000,000
000,   1601270, 1601270,   15.003891,   30.000000,11232.491211,11236.171875,   61.269939,  157.674942,10992.543945,10969.714844,   1601270,               0,000,001
000,   1615702, 1615702,   15.031012,   30.000000,11233.624023,11234.952148,   61.742111,  159.897995,10991.766602,10965.053711,   1615702,               0,000,002
