tid,loop_in_cs,lock_acquires,lock_hold(ms),total_duration(s),wait_acq(ms),wait_rel(ms),lwait_acq, lwait_rel,gwait_acq,gwait_rel,glock_tries,array_size(B),client_id,run
000,   1077129, 1077129,   10.163861,   30.000000,15079.864258, 7399.011719,   41.966171,  113.980026,14910.722656, 7208.752441,   2195341,               0,000,000
000,   1067793, 1067793,   10.080618,   30.000000,15053.014648, 7425.971680,   41.583603,  112.763000,14887.060547, 7237.867676,   2180332,               0,000,001
000,   1075371, 1075371,   10.075788,   30.000000,15048.614258, 7430.436035,   41.842064,  113.069008,14881.848633, 7241.843262,   2194626,               0,000,002
000,   1149093, 1149093,   11.450830,   30.000000,15093.346680, 7383.971680,   50.072216,  118.496582,14914.101562, 7184.103516,   2359721,               0,001,000
000,   1147316, 1147316,   11.470205,   30.000000,15096.015625, 7381.297363,   50.353088,  119.955719,14914.982422, 7180.042480,   2366103,               0,001,001
000,   1143976, 1143976,   11.425885,   30.000000,15093.599609, 7383.811035,   49.994556,  119.331482,14912.576172, 7183.348633,   2358027,               0,001,002
