tid,wait_acq(ms),wait_rel(ms),client_id,run
000, 22.958549, 53.434654,000,000
000, 23.141100, 53.969704,000,001
