tid,loop_in_cs,lock_acquires,lock_hold(ms),total_duration(s),wait_acq(ms),wait_rel(ms),lwait_acq,lwait_rel,gwait_acq,gwait_rel,data_read,data_write,glock_tries,array_size(B),client_id,run
000,    333453,  333453,    6.241370,   10.000000, 6675.940918, 3308.661377,   30.078327,   40.778023, 6617.549316, 3238.671875,   23.186777,    9.528142,    680752,               0,000,000
000,    332433,  332433,    5.955412,   10.000000, 6686.660156, 3298.802979,   29.799873,   40.684738, 6628.950195, 3229.344238,   22.653376,    9.466230,    681889,               0,000,001
000,    335520,  335520,    5.852335,   10.000000, 6690.918457, 3294.837646,   29.764223,   38.735237, 6634.289551, 3228.282959,   21.215891,    9.425553,    690308,               0,000,002
000,    336071,  336071,    6.246338,   10.000000, 6711.849609, 3272.558838,   30.684500,   42.261368, 6654.282227, 3201.862793,   21.738562,    9.083455,    692844,               0,001,000
000,    334931,  334931,    5.894344,   10.000000, 6711.180176, 3274.411621,   30.683674,   41.486614, 6653.959473, 3204.937988,   22.040213,    9.084035,    689040,               0,001,001
000,    333903,  333903,    5.902042,   10.000000, 6706.446289, 3279.089600,   30.573940,   42.080509, 6649.011719, 3209.330566,   22.702896,    9.106730,    684887,               0,001,002
