tid,loop_in_cs,lock_acquires,lock_hold(ms),total_duration(s),wait_acq(ms),wait_rel(ms),lwait_acq, lwait_rel,gwait_acq,gwait_rel,glock_tries,array_size(B),client_id,run
000,   1608089, 1608089,   15.378275,   30.000000,11276.678711,11192.120117,  129.203644,  175.283478,10969.105469,10910.684570,   1608089,               0,000,000
000,   1606242, 1606242,   15.146189,   30.000000,11277.680664,11191.681641,  128.411636,  174.749405,10973.028320,10911.101562,   1606242,               0,000,001
000,   1600848, 1600848,   15.068467,   30.000000,11275.007812,11194.467773,  127.965073,  174.199783,10972.955078,10914.802734,   1600848,               0,000,002
