tid,loop_in_cs,lock_acquires,lock_hold(ms),total_duration(s),wait_acq(ms),wait_rel(ms),lwait_acq,lwait_rel,gwait_acq,gwait_rel,data_read,data_write,glock_tries,array_size(B),client_id,run
000,    399968,  399968,    7.407637,   10.000000, 6679.954102, 3301.912842,   27.712399,   37.494640, 6624.478516, 3236.202148,   21.167019,   11.201887,    820412,               0,000,000
000,    400355,  400355,    7.297983,   10.000000, 6681.365723, 3300.852295,   27.713051,   37.581661, 6626.036621, 3235.025391,   21.045769,   11.218285,    821438,               0,000,001
000,    400032,  400032,    7.310407,   10.000000, 6683.676270, 3298.501709,   27.672970,   37.541847, 6628.427734, 3232.822266,   21.061581,   11.189663,    821350,               0,000,002
000,    399085,  399085,    7.392407,   10.000000, 6705.628418, 3276.105713,   27.878941,   38.130188, 6650.500977, 3210.051514,   20.388187,   11.473615,    822174,               0,001,000
000,    399189,  399189,    7.277744,   10.000000, 6704.130371, 3277.967041,   27.880198,   38.195992, 6649.069336, 3211.881348,   20.275885,   11.500945,    821499,               0,001,001
000,    399066,  399066,    7.269963,   10.000000, 6705.974121, 3276.172607,   27.897083,   38.399456, 6650.939941, 3209.644531,   20.223436,   11.479502,    822394,               0,001,002
