tid,loop_in_cs,lock_acquires,lock_hold(ms),total_duration(s),wait_acq(ms),wait_rel(ms),lwait_acq,lwait_rel,gwait_acq,gwait_rel,data_read,data_write,glock_tries,array_size(B),client_id,run
000,    602773,  602773,   11.035705,   10.000000, 5012.656738, 4960.522949,   42.476719,   55.981178, 4930.554199, 4863.004883,   29.997900,   16.925713,    602773,               0,000,000
000,    603309,  603309,   11.005602,   10.000000, 5013.031738, 4960.282227,   42.505627,   56.041302, 4930.861816, 4862.669434,   30.017673,   16.941509,    603309,               0,000,001
000,    603578,  603578,   10.962057,   10.000000, 5013.388672, 4960.085449,   42.484772,   56.081715, 4931.165527, 4864.210938,   29.975679,   16.967649,    603578,               0,000,002
