tid,loop_in_cs,lock_acquires,lock_hold(ms),total_duration(s),wait_acq(ms),wait_rel(ms),lwait_acq, lwait_rel,gwait_acq,gwait_rel,glock_tries,array_size(B),client_id,run
000,    800516,  800516,    7.750016,   30.000000,16390.226562, 6093.989258,   37.184593,  427.280426,16262.569336, 5604.035156,   2308720,               0,000,000
000,    806239,  806239,    7.577469,   30.000000,16397.458984, 6086.930664,   37.538559,  428.795685,16269.250977, 5595.007324,   2330138,               0,000,001
000,    798828,  798828,    7.493610,   30.000000,16402.691406, 6081.901367,   37.180233,  424.380493,16276.082031, 5595.356934,   2309811,               0,000,002
000,    816721,  816721,    7.731137,   30.000000,16937.488281, 5546.915039,   44.291752,  439.382843,16800.363281, 5045.923340,   2671696,               0,001,000
000,    812672,  812672,    7.678052,   30.000000,16928.847656, 5555.596680,   44.065525,  436.615875,16792.376953, 5056.943848,   2671624,               0,001,001
000,    812893,  812893,    7.599266,   30.000000,16917.273438, 5567.298340,   43.981136,  436.821228,16781.136719, 5068.147949,   2666902,               0,001,002
000,    794837,  794837,    7.531731,   30.000000,16509.890625, 5974.681152,   36.510086,  427.573242,16380.791992, 5482.181641,   2361383,               0,002,000
000,    793784,  793784,    7.629231,   30.000000,16511.255859, 5973.258301,   36.430843,  428.910095,16382.289062, 5479.673828,   2357931,               0,002,001
000,    790969,  790969,    7.702044,   30.000000,16526.535156, 5957.940430,   36.297791,  426.653748,16397.554688, 5468.087891,   2356331,               0,002,002
