tid,wait_acq(ms),wait_rel(ms),client_id,run
000, 26.109217, 47.702099,000,000
000, 26.268248, 47.522701,000,001
