tid,total_duration(s),min_slock_hold,med,max,min_swait_acq,med,max,min_swait_rel,med,max,min_slwait_acq,med,max,min_slwait_rel,med,max,min_sgwait_acq,med,max,min_sgwait_rel,med,max,min_sdata_read,med,max,min_sdata_write,med,max,min_sglock_tries,med,max,array_size(B),client_id
000,10.0, 0.000016667, 0.000017917, 0.003503333, 0.007490417, 0.008299166, 0.022802083, 0.007406250, 0.008151666, 0.016917916, 0.000056667, 0.000058750, 0.000140833, 0.000073333, 0.000080000, 0.000139167, 0.007263334, 0.008071667, 0.021835834, 0.007166250, 0.007915833, 0.016635833, 0.000044167, 0.000048333, 0.014465417, 0.000027083, 0.000027500, 0.000046667, 1.000000000, 1.000000000, 1.000000000,               0,000
000,10.0, 0.000015000, 0.000017083, 0.003981250, 0.007455000, 0.008290417, 0.147865415, 0.006421250, 0.008145000, 0.022576667, 0.000053333, 0.000058750, 0.000108333, 0.000070000, 0.000077917, 0.006751667, 0.007238333, 0.008062917, 0.133695006, 0.006178750, 0.007911666, 0.019900000, 0.000041667, 0.000048333, 0.008014583, 0.000025000, 0.000027500, 0.000061250, 1.000000000, 1.000000000, 1.000000000,               0,000
000,10.0, 0.000016667, 0.000018750, 0.003560000, 0.006673333, 0.008265417, 0.032850418, 0.005448750, 0.008115834, 0.016858749, 0.000056667, 0.000058750, 0.008353750, 0.000073333, 0.000080000, 0.003458750, 0.006422917, 0.008037916, 0.032568332, 0.005206250, 0.007880000, 0.016570833, 0.000044167, 0.000048333, 0.003517917, 0.000027083, 0.000027500, 0.003642083, 1.000000000, 1.000000000, 1.000000000,               0,000
