tid,loop_in_cs,lock_acquires,lock_hold(ms),total_duration(s),wait_acq(ms),wait_rel(ms),lwait_acq, lwait_rel,gwait_acq,gwait_rel,glock_tries,array_size(B),client_id,run
000, 277875566,277875566, 2646.663574,   30.000000,10587.805664, 6618.900879,    0.000000,    0.000000,    0.000000,    0.000000,         0,               0,000,000
000, 277874312,277874312, 2646.872803,   30.000000,10587.603516, 6618.980469,    0.000000,    0.000000,    0.000000,    0.000000,         0,               0,000,001
000, 277877682,277877682, 2646.643799,   30.000000,10588.172852, 6618.660645,    0.000000,    0.000000,    0.000000,    0.000000,         0,               0,000,002
