tid,total_duration(s),min_slock_hold,med,max,min_swait_acq,med,max,min_swait_rel,med,max,min_slwait_acq,med,max,min_slwait_rel,med,max,min_sgwait_acq,med,max,min_sgwait_rel,med,max,min_sdata_read,med,max,min_sdata_write,med,max,min_sglock_tries,med,max,array_size(B),client_id
000,10.0, 0.000016667, 0.000017083, 0.000069167, 0.007671667, 0.016357917, 0.057740834, 0.007505417, 0.008231667, 0.017406249, 0.000090417, 0.000092500, 0.003926250, 0.000080000, 0.000090833, 0.000218750, 0.007408333, 0.016094584, 0.057460833, 0.007269583, 0.007980834, 0.017048333, 0.000046250, 0.000048333, 0.000128333, 0.000027083, 0.000027500, 0.000096667, 1.000000000, 2.000000000, 7.000000000,               0,001
000,10.0, 0.000016667, 0.000018750, 0.008898750, 0.007663333, 0.016334584, 0.057694584, 0.005846667, 0.008225000, 0.018351249, 0.000090417, 0.000092500, 0.003499167, 0.000080000, 0.000092500, 0.000222917, 0.007400000, 0.016071251, 0.057412501, 0.005597917, 0.007974584, 0.018088333, 0.000046250, 0.000048333, 0.003065417, 0.000027083, 0.000027500, 0.000046667, 1.000000000, 2.000000000, 7.000000000,               0,001
000,10.0, 0.000015000, 0.000018333, 0.001555833, 0.007520000, 0.016206250, 0.247102916, 0.007375000, 0.008164166, 0.021461250, 0.000085000, 0.000092500, 0.000157500, 0.000076667, 0.000088750, 0.008334584, 0.007259167, 0.015942916, 0.237219170, 0.007138750, 0.007922083, 0.018602083, 0.000041667, 0.000048333, 0.003551250, 0.000025000, 0.000027500, 0.000048333, 1.000000000, 2.000000000, 8.000000000,               0,000
000,10.0, 0.000016667, 0.000018750, 0.000069583, 0.007654584, 0.016360000, 0.057492498, 0.007482084, 0.008227500, 0.021846250, 0.000090417, 0.000092500, 0.008631667, 0.000080000, 0.000090833, 0.002962083, 0.007377083, 0.016097084, 0.057210416, 0.007237917, 0.007980834, 0.021520000, 0.000044167, 0.000048333, 0.003406250, 0.000027083, 0.000027500, 0.003025000, 1.000000000, 2.000000000, 7.000000000,               0,001
