tid,loop_in_cs,lock_acquires,lock_hold(ms),total_duration(s),wait_acq(ms),wait_rel(ms),lwait_acq,lwait_rel,gwait_acq,gwait_rel,data_read,data_write,glock_tries,array_size(B),client_id,run
000,    513926,  513926,    9.348116,   10.000000, 5016.498535, 4960.625000,   45.798672,   58.057739, 4932.435547, 4864.137695,   32.757359,   13.997890,    513926,               0,000,000
000,    514642,  514642,    9.021703,   10.000000, 5015.298340, 4962.976074,   45.677597,   57.101612, 4932.216797, 4868.117676,   32.052555,   14.027958,    514642,               0,000,001
000,    514205,  514205,    9.053333,   10.000000, 5013.716309, 4964.532227,   45.640186,   57.517494, 4930.507324, 4869.104980,   32.219429,   14.001681,    514205,               0,000,002
