tid,loop_in_cs,lock_acquires,lock_hold(ms),total_duration(s),wait_acq(ms),wait_rel(ms),lwait_acq, lwait_rel,gwait_acq,gwait_rel,glock_tries,array_size(B),client_id,run
000,    807896,  807896,    7.827642,   30.000000,16909.261719, 5573.499023,   34.780865,   40.260456,16780.250000, 5442.796875,   2479422,               0,000,000
000,    806721,  806721,    7.785911,   30.000000,16905.492188, 5577.316895,   34.674206,   40.049877,16777.488281, 5446.779297,   2473772,               0,000,001
000,    806584,  806584,    7.774382,   30.000000,16923.958984, 5558.919922,   34.673069,   39.952705,16796.146484, 5428.657227,   2483093,               0,000,002
000,    849550,  849550,    8.568707,   30.000000,17038.449219, 5443.335449,   39.496120,   48.875076,16900.566406, 5297.735352,   2671543,               0,001,000
000,    849328,  849328,    8.651563,   30.000000,17039.257812, 5442.590820,   39.487057,   48.130508,16901.822266, 5296.916504,   2671075,               0,001,001
000,    843982,  843982,    8.561555,   30.000000,17027.486328, 5454.496582,   39.226151,   47.881168,16890.744141, 5309.408691,   2668219,               0,001,002
000,    797529,  797529,    7.824498,   30.000000,16951.908203, 5532.183594,   33.533134,   36.913204,16822.802734, 5408.090332,   2444934,               0,002,000
000,    793162,  793162,    7.637525,   30.000000,16954.457031, 5529.882324,   33.440563,   36.511005,16826.416016, 5406.170410,   2432749,               0,002,001
000,    792629,  792629,    7.677444,   30.000000,16919.292969, 5565.028320,   33.426010,   36.669521,16791.906250, 5441.964355,   2430300,               0,002,002
