tid,loop_in_cs,lock_acquires,lock_hold(ms),total_duration(s),wait_acq(ms),wait_rel(ms),lwait_acq,lwait_rel,gwait_acq,gwait_rel,data_read,data_write,glock_tries,array_size(B),client_id,run
000,    401478,  401478,    7.449248,   10.000000, 6662.971680, 3318.885010,   35.902927,   34.405254, 6599.700684, 3257.118164,   19.915764,   11.644915,    818989,               0,000,000
000,    401141,  401141,    7.497213,   10.000000, 6662.750488, 3319.326416,   35.739960,   34.251953, 6599.601562, 3257.061523,   19.772114,   11.686145,    818180,               0,000,001
000,    400857,  400857,    7.246021,   10.000000, 6664.534668, 3317.965332,   35.784000,   34.414719, 6601.659180, 3256.301758,   19.672556,   11.636692,    818502,               0,000,002
000,    400984,  400984,    7.423840,   10.000000, 6694.748047, 3286.487061,   35.835629,   34.905140, 6631.213867, 3223.324219,   19.379354,   11.320828,    825981,               0,001,000
000,    400933,  400933,    7.312765,   10.000000, 6700.468262, 3281.147217,   35.728321,   34.758663, 6637.316895, 3218.286621,   19.209999,   11.300529,    827732,               0,001,001
000,    400331,  400331,    7.297552,   10.000000, 6702.187012, 3279.420410,   35.752029,   34.712231, 6639.323242, 3217.979248,   19.159040,   11.201217,    826118,               0,001,002
