tid,loop_in_cs,lock_acquires,lock_hold(ms),total_duration(s),wait_acq(ms),wait_rel(ms),lwait_acq, lwait_rel,gwait_acq,gwait_rel,glock_tries,array_size(B),client_id,run
000,    823772,  823772,    7.873021,   30.000000,16935.003906, 5548.989258,   30.613878,   85.586121,16810.603516, 5403.095215,   2550048,               0,000,000
000,    831223,  831223,    7.904532,   30.000000,16901.863281, 5580.764648,   30.748728,   86.282448,16776.216797, 5433.623047,   2549823,               0,000,001
000,    827534,  827534,    8.047595,   30.000000,16927.556641, 5555.107910,   30.726248,   85.866501,16802.537109, 5408.528809,   2554859,               0,000,002
000,    844433,  844433,    8.460925,   30.000000,17020.060547, 5461.503906,   35.788280,   97.117264,16887.792969, 5303.431641,   2667326,               0,001,000
000,    815521,  815521,    8.199472,   30.000000,16990.716797, 5491.480469,   34.499489,   94.235001,16862.724609, 5338.183105,   2576988,               0,001,001
000,    839338,  839338,    8.474117,   30.000000,17046.818359, 5434.574707,   35.454418,   96.627739,16915.121094, 5277.530762,   2656333,               0,001,002
000,    812806,  812806,    8.115213,   30.000000,16952.767578, 5529.352539,   30.515497,   81.910011,16828.728516, 5385.975586,   2521521,               0,002,000
000,    823354,  823354,    8.434938,   30.000000,16906.460938, 5575.013672,   30.740965,   83.338127,16780.664062, 5429.310547,   2526318,               0,002,001
000,    822111,  822111,    8.493303,   30.000000,16932.802734, 5548.751465,   30.934826,   83.419968,16805.873047, 5404.456543,   2538646,               0,002,002
