tid,loop_in_cs,lock_acquires,lock_hold(ms),total_duration(s),wait_acq(ms),wait_rel(ms),lwait_acq, lwait_rel,gwait_acq,gwait_rel,glock_tries,array_size(B),client_id,run
000,   1084234, 1084234,   10.147309,   30.000000,15057.555664, 7419.753418,   42.277779,  115.205658,14890.713867, 7228.791504,   2209486,               0,000,000
000,   1088588, 1088588,   10.208008,   30.000000,15044.844727, 7432.354004,   42.365940,  115.056572,14878.805664, 7241.005859,   2222910,               0,000,001
000,   1085008, 1085008,   10.160835,   30.000000,15049.693359, 7427.598633,   42.240108,  115.001373,14883.763672, 7236.729492,   2218935,               0,000,002
000,   1148961, 1148961,   11.654762,   30.000000,15121.254883, 7354.004395,   59.214851,  130.766953,14930.520508, 7140.539062,   2350761,               0,001,000
000,   1142482, 1142482,   11.598600,   30.000000,15103.928711, 7371.373535,   58.907509,  129.479889,14914.641602, 7159.429688,   2342778,               0,001,001
000,   1143313, 1143313,   11.646509,   30.000000,15091.325195, 7384.007812,   58.870853,  129.702606,14901.999023, 7172.212402,   2343782,               0,001,002
