tid,loop_in_cs,lock_acquires,lock_hold(ms),total_duration(s),wait_acq(ms),wait_rel(ms),lwait_acq,lwait_rel,gwait_acq,gwait_rel,data_read,data_write,glock_tries,array_size(B),client_id,run
000,    403428,  403428,    7.461102,   10.000000, 6711.967773, 3269.921387,   22.454712,   30.784094, 6662.101562, 3211.231689,   19.801611,   11.277865,    833315,               0,000,000
000,    403819,  403819,    7.362667,   10.000000, 6712.690430, 3269.505371,   22.564049,   31.160036, 6662.709961, 3210.256104,   19.712093,   11.301922,    834063,               0,000,001
000,    403105,  403105,    7.256551,   10.000000, 6710.010742, 3272.491455,   21.748026,   31.494431, 6661.009277, 3212.405762,   19.570253,   11.286768,    832061,               0,000,002
000,    403113,  403113,    7.464448,   10.000000, 6685.308594, 3296.311523,   20.403442,   29.482964, 6637.091309, 3237.909180,   19.707989,   11.328072,    821554,               0,001,000
000,    403334,  403334,    7.349312,   10.000000, 6683.409180, 3298.568359,   20.403391,   29.628580, 6635.312500, 3239.897217,   19.606472,   11.335644,    821296,               0,001,001
000,    402879,  402879,    7.333678,   10.000000, 6689.540039, 3292.447021,   20.399195,   29.398314, 6641.610840, 3234.152588,   19.593781,   11.315343,    822515,               0,001,002
