tid,loop_in_cs,lock_acquires,lock_hold(ms),total_duration(s),wait_acq(ms),wait_rel(ms),lwait_acq,lwait_rel,gwait_acq,gwait_rel,data_read,data_write,glock_tries,array_size(B),client_id,run
000,    612701,  612701,   10.981035,   10.000000, 5033.040039, 4938.529785,   32.554165,   42.915310, 4961.619141, 4838.403809,   46.522095,   16.700327,    612701,               0,000,000
000,    613329,  613329,   10.930980,   10.000000, 5031.933594, 4939.858887,   32.575752,   43.413631, 4960.552734, 4839.291992,   46.302036,   16.753862,    613329,               0,000,001
000,    613691,  613691,   10.918598,   10.000000, 5032.133789, 4939.778320,   32.654819,   43.367767, 4960.688477, 4839.305664,   46.422573,   16.731302,    613691,               0,000,002
