tid,loop_in_cs,lock_acquires,lock_hold(ms),total_duration(s),wait_acq(ms),wait_rel(ms),lwait_acq, lwait_rel,gwait_acq,gwait_rel,glock_tries,array_size(B),client_id,run
000,   1054600, 1054600,   10.041440,   30.000000,15075.555664, 7403.647949,   30.834536,   48.156559,14922.613281, 7236.966797,   2161231,               0,000,000
000,   1051697, 1051697,    9.883878,   30.000000,15071.786133, 7407.742188,   30.679510,   47.530796,14919.406250, 7242.601562,   2155414,               0,000,001
000,   1055139, 1055139,    9.890260,   30.000000,15074.626953, 7404.867188,   30.766825,   47.691158,14922.173828, 7239.192383,   2164097,               0,000,002
000,   1148884, 1148884,   10.988590,   30.000000,15070.580078, 7406.693359,   39.160133,   60.535461,14903.102539, 7220.778320,   2365200,               0,001,000
000,   1148058, 1148058,   10.957471,   30.000000,15070.876953, 7406.598633,   38.543686,   60.192719,14903.992188, 7221.025391,   2364076,               0,001,001
000,   1148807, 1148807,   10.976687,   30.000000,15066.177734, 7411.070312,   38.559334,   60.466526,14899.504883, 7225.883301,   2362409,               0,001,002
