tid,loop_in_cs,lock_acquires,lock_hold(ms),total_duration(s),wait_acq(ms),wait_rel(ms),lwait_acq, lwait_rel,gwait_acq,gwait_rel,glock_tries,array_size(B),client_id,run
000,   1601233, 1601233,   15.075765,   30.000000,11263.710938,11197.479492,   77.043892,   81.522774,11008.048828,10943.195312,   1601233,               0,000,000
000,   1592170, 1592170,   14.856175,   30.000000,11260.687500,11201.127930,   76.466232,   80.651176,11009.706055,10950.647461,   1592170,               0,000,001
000,   1596464, 1596464,   14.842472,   30.000000,11259.644531,11202.087891,   76.694893,   80.922951,11008.221680,10951.016602,   1596464,               0,000,002
