tid,loop_in_cs,lock_acquires,lock_hold(ms),total_duration(s),wait_acq(ms),wait_rel(ms),lwait_acq, lwait_rel,gwait_acq,gwait_rel,array_size(B),client_id,run
000,   1647704, 1647704,   15.287993,   30.000000,11274.018555,11194.792969,   44.760246,   73.616882,11085.755859,10977.920898,   1647704,               0,000,000
000,   1642403, 1642403,   15.359775,   30.000000,11290.054688,11178.804688,   44.685322,   73.589340,11101.794922,10961.961914,   1642403,               0,000,001
