tid,loop_in_cs,lock_acquires,lock_hold(ms),total_duration(s),wait_acq(ms),wait_rel(ms),lwait_acq, lwait_rel,gwait_acq,gwait_rel,glock_tries,array_size(B),client_id,run
000,   1049394, 1049394,   10.122642,   30.000000,15079.674805, 7399.023438,   85.876579,  101.245987,14874.628906, 7225.084961,   2145079,               0,000,000
000,   1054353, 1054353,   10.239129,   30.000000,15081.739258, 7397.007812,   86.285339,  101.690742,14875.485352, 7222.284180,   2155464,               0,000,001
000,   1055426, 1055426,   10.120685,   30.000000,15089.408203, 7389.558594,   86.298088,  101.224037,14883.130859, 7215.601074,   2161347,               0,000,002
000,   1177179, 1177179,   11.412959,   30.000000,15143.711914, 7333.136230,  100.330002,  124.865173,14907.106445, 7125.145996,   2425963,               0,001,000
000,   1167276, 1167276,   11.095584,   30.000000,15140.006836, 7336.843750,   98.395554,  121.912300,14906.204102, 7133.954102,   2405826,               0,001,001
000,   1164353, 1164353,   11.380616,   30.000000,15111.218750, 7364.945801,   98.119507,  123.184959,14878.126953, 7161.511230,   2401587,               0,001,002
