tid,loop_in_cs,lock_acquires,lock_hold(ms),total_duration(s),wait_acq(ms),wait_rel(ms),lwait_acq, lwait_rel,gwait_acq,gwait_rel,glock_tries,array_size(B),client_id,run
000,   1606694, 1606694,   15.240993,   30.000000,11285.694336,11182.682617,   58.485386,   82.027603,11052.573242,10926.454102,   1606694,               0,000,000
000,   1598008, 1598008,   15.007880,   30.000000,11258.311523,11210.587891,   60.448925,   81.135872,11024.601562,10956.468750,   1598008,               0,000,001
000,   1594326, 1594326,   15.111213,   30.000000,11255.892578,11212.836914,   60.604046,   81.182007,11022.433594,10959.187500,   1594326,               0,000,002
