tid,loop_in_cs,lock_acquires,lock_hold(ms),total_duration(s),wait_acq(ms),wait_rel(ms),lwait_acq,lwait_rel,gwait_acq,gwait_rel,data_read,data_write,glock_tries,array_size(B),client_id,run
000,    339727,  339727,    6.418292,   10.000000, 6696.354980, 3286.638184,   16.251335,   27.965633, 6653.226562, 3222.878906,   21.989393,    9.220455,    695855,               0,000,000
000,    339879,  339879,    5.999809,   10.000000, 6699.161621, 3284.992432,   16.303312,   27.865751, 6656.542969, 3222.078613,   21.631832,    9.223148,    696106,               0,000,001
000,    339721,  339721,    6.017610,   10.000000, 6698.426758, 3285.706543,   16.301497,   27.952993, 6655.724121, 3222.746338,   21.580233,    9.212782,    695660,               0,000,002
000,    335260,  335260,    6.273556,   10.000000, 6681.644531, 3302.618896,   16.223347,   27.951376, 6637.375000, 3234.687256,   24.029068,    9.194117,    683932,               0,001,000
000,    335192,  335192,    5.954003,   10.000000, 6686.072266, 3299.281982,   16.199684,   27.772837, 6642.425781, 3232.484131,   23.244169,    9.178427,    684303,               0,001,001
000,    338932,  338932,    6.015705,   10.000000, 6685.544434, 3299.660645,   16.362633,   27.711842, 6642.357422, 3235.923096,   22.041510,    9.294085,    692836,               0,001,002
