tid,loop_in_cs,lock_acquires,lock_hold(ms),total_duration(s),wait_acq(ms),wait_rel(ms),lwait_acq,lwait_rel,gwait_acq,gwait_rel,data_read,data_write,glock_tries,array_size(B),client_id,run
000,    516241,  516241,    9.449987,   10.000000, 5026.439453, 4950.587402,   24.863125,   35.566628, 4964.711914, 4869.602539,   32.220352,   14.055570,    516241,               0,000,000
000,    516365,  516365,    9.075411,   10.000000, 5027.295410, 4950.926758,   24.835491,   35.734016, 4965.946777, 4870.005371,   31.951923,   14.037184,    516365,               0,000,001
000,    514293,  514293,    9.092255,   10.000000, 5027.061035, 4951.134277,   24.840607,   35.792496, 4965.432129, 4869.598145,   32.364166,   14.036840,    514293,               0,000,002
