tid,loop_in_cs,lock_acquires,lock_hold(ms),total_duration(s),wait_acq(ms),wait_rel(ms),lwait_acq,lwait_rel,gwait_acq,gwait_rel,data_read,data_write,glock_tries,array_size(B),client_id,run
000,    602077,  602077,   11.028552,   10.000000, 5029.861328, 4942.078125,   35.528164,   49.202862, 4955.142090, 4852.380371,   29.956408,   16.822216,    602077,               0,000,000
000,    603133,  603133,   10.945750,   10.000000, 5029.472656, 4942.708008,   35.422691,   48.859730, 4955.099121, 4853.557617,   29.857834,   16.779539,    603133,               0,000,001
000,    606093,  606093,   10.958997,   10.000000, 5029.862305, 4942.202148,   35.706024,   49.234234, 4955.060059, 4852.560059,   30.005617,   16.884491,    606093,               0,000,002
