tid,loop_in_cs,lock_acquires,lock_hold(ms),total_duration(s),wait_acq(ms),wait_rel(ms),lwait_acq, lwait_rel,gwait_acq,gwait_rel,glock_tries,array_size(B),client_id,run
000, 297865515,297865515, 2837.437988,   30.000000, 8290.008789, 8535.265625,    0.000000,    0.000000,    0.000000,    0.000000,         0,               0,000,000
000, 297867641,297867641, 2838.065674,   30.000000, 8290.333008, 8535.139648,    0.000000,    0.000000,    0.000000,    0.000000,         0,               0,000,001
000, 297877822,297877822, 2837.392578,   30.000000, 8289.448242, 8536.141602,    0.000000,    0.000000,    0.000000,    0.000000,         0,               0,000,002
