tid,wait_acq(ms),wait_rel(ms),client_id,run
000, 24.568371, 47.555817,000,000
000, 31.048407, 53.896999,000,001
