tid,loop_in_cs,lock_acquires,lock_hold(ms),total_duration(s),wait_acq(ms),wait_rel(ms),lwait_acq,lwait_rel,gwait_acq,gwait_rel,data_read,data_write,glock_tries,array_size(B),client_id,run
000,    335580,  335580,    6.282879,   10.000000, 6684.760254, 3299.566406,   23.497229,   43.835125, 6633.875488, 3226.455811,   22.027977,    9.456299,    688227,               0,000,000
000,    335955,  335955,    6.037871,   10.000000, 6683.210449, 3301.945068,   23.539267,   43.802868, 6632.563965, 3229.223145,   21.749619,    9.474667,    688305,               0,000,001
000,    339295,  339295,    5.970630,   10.000000, 6695.555664, 3289.878906,   23.409744,   41.376953, 6645.975586, 3221.606445,   20.616261,    9.438890,    697312,               0,000,002
000,    335914,  335914,    6.132692,   10.000000, 6687.483887, 3297.164307,   20.730009,   41.019581, 6640.633789, 3226.203125,   20.598618,    9.356653,    689646,               0,001,000
000,    336107,  336107,    5.886066,   10.000000, 6685.459473, 3300.045410,   20.806845,   40.934582, 6638.740234, 3229.474609,   20.308180,    9.364104,    689452,               0,001,001
000,    337232,  337232,    5.818243,   10.000000, 6684.006348, 3301.666992,   20.760120,   39.839962, 6637.820312, 3233.663086,   20.126348,    9.388663,    689893,               0,001,002
