tid,loop_in_cs,lock_acquires,lock_hold(ms),total_duration(s),wait_acq(ms),wait_rel(ms),lwait_acq, lwait_rel,gwait_acq,gwait_rel,glock_tries,array_size(B),client_id,run
000, 270781271,270781271, 2580.004883,   30.000000, 8518.582031, 8821.233398,    0.000000,    0.000000,    0.000000,    0.000000,         0,               0,000,000
000, 270800133,270800133, 2579.769775,   30.000000, 8519.373047, 8821.011719,    0.000000,    0.000000,    0.000000,    0.000000,         0,               0,000,001
000, 270777461,270777461, 2578.590332,   30.000000, 8519.828125, 8822.976562,    0.000000,    0.000000,    0.000000,    0.000000,         0,               0,000,002
