tid,total_duration(s),min_slock_hold,med,max,min_swait_acq,med,max,min_swait_rel,med,max,min_slwait_acq,med,max,min_slwait_rel,med,max,min_sgwait_acq,med,max,min_sgwait_rel,med,max,min_sdata_read,med,max,min_sdata_write,med,max,min_sglock_tries,med,max,array_size(B),client_id
000,10.0, 0.000015000, 0.000018333, 0.000069583, 0.007420000, 0.008362084, 0.030178750, 0.007389583, 0.008176667, 0.019130833, 0.000051667, 0.000056667, 0.003568333, 0.000071667, 0.000077917, 0.000153750, 0.007203334, 0.008130416, 0.029886667, 0.007160000, 0.007947084, 0.018873749, 0.000041667, 0.000048333, 0.003040000, 0.000025000, 0.000027500, 0.000044167, 1.000000000, 1.000000000, 1.000000000,               0,000
000,10.0, 0.000015000, 0.000018333, 0.002980833, 0.007448333, 0.008362084, 0.026806250, 0.006006250, 0.008155833, 0.144808337, 0.000051667, 0.000056667, 0.002917917, 0.000071667, 0.000075833, 0.008168333, 0.007219166, 0.008130416, 0.026509166, 0.005791666, 0.007924167, 0.125423327, 0.000041667, 0.000048333, 0.001915833, 0.000025000, 0.000027500, 0.000054583, 1.000000000, 1.000000000, 1.000000000,               0,000
000,10.0, 0.000015000, 0.000017083, 0.001564583, 0.007566667, 0.008357917, 0.034347501, 0.007452500, 0.008172916, 0.019715833, 0.000051667, 0.000056667, 0.008420833, 0.000071667, 0.000077917, 0.003345000, 0.007334583, 0.008126250, 0.034020834, 0.007229583, 0.007943333, 0.019382916, 0.000041667, 0.000048333, 0.001968333, 0.000025000, 0.000027500, 0.000056667, 1.000000000, 1.000000000, 1.000000000,               0,000
