tid,total_duration(s),min_slock_hold,med,max,min_swait_acq,med,max,min_swait_rel,med,max,min_slwait_acq,med,max,min_slwait_rel,med,max,min_sgwait_acq,med,max,min_sgwait_rel,med,max,min_sdata_read,med,max,min_sdata_write,med,max,min_sglock_tries,med,max,array_size(B),client_id
000,10.0, 0.000016667, 0.000018750, 0.003713750, 0.007490417, 0.016255001, 0.057033751, 0.007397917, 0.008145000, 0.017797500, 0.000050417, 0.000052500, 0.000086250, 0.000075417, 0.000086250, 0.003709583, 0.007262917, 0.016029166, 0.056791667, 0.007153750, 0.007896666, 0.017553750, 0.000044167, 0.000052500, 0.003425000, 0.000027083, 0.000027500, 0.000048333, 1.000000000, 2.000000000, 7.000000000,               0,001
000,10.0, 0.000016667, 0.000018750, 0.000101250, 0.007593750, 0.016215000, 0.145397916, 0.005869166, 0.008120000, 0.057490833, 0.000050417, 0.000052500, 0.000313750, 0.000075417, 0.000084583, 0.003604167, 0.007366250, 0.015987501, 0.145168334, 0.005621250, 0.007871667, 0.057019167, 0.000044167, 0.000052500, 0.003497083, 0.000027083, 0.000027500, 0.003526250, 1.000000000, 2.000000000,18.000000000,               0,001
000,10.0, 0.000016667, 0.000018750, 0.001602083, 0.007538750, 0.016191667, 0.058458749, 0.007380833, 0.008113750, 0.214892507, 0.000048333, 0.000050417, 0.001840000, 0.000075417, 0.000086250, 0.008027500, 0.007317916, 0.015970416, 0.058202084, 0.007120000, 0.007871667, 0.195617080, 0.000044167, 0.000048333, 0.003593750, 0.000027083, 0.000027500, 0.003071667, 1.000000000, 2.000000000, 6.000000000,               0,000
000,10.0, 0.000016667, 0.000018750, 0.000082083, 0.007600000, 0.016235417, 0.057197917, 0.007383334, 0.008132917, 0.022429584, 0.000050417, 0.000052500, 0.000100833, 0.000075417, 0.000084167, 0.013492917, 0.007375000, 0.016008334, 0.056953751, 0.007136667, 0.007886250, 0.022141250, 0.000042083, 0.000052500, 0.004284167, 0.000027083, 0.000027500, 0.000052500, 1.000000000, 2.000000000, 7.000000000,               0,001
