tid,wait_acq(ms),wait_rel(ms),client_id,run
000, 26.515715, 46.933334,000,000
000, 26.522442, 50.016811,000,001
