tid,total_duration(s),min_slock_hold,med,max,min_swait_acq,med,max,min_swait_rel,med,max,min_slwait_acq,med,max,min_slwait_rel,med,max,min_sgwait_acq,med,max,min_sgwait_rel,med,max,min_sdata_read,med,max,min_sdata_write,med,max,min_sglock_tries,med,max,array_size(B),client_id
000,10.0, 0.000015000, 0.000016667, 0.000075000, 0.008638334, 0.009821666, 0.029914999, 0.008416667, 0.009620000, 0.019063333, 0.000051667, 0.000053333, 0.000068333, 0.000065000, 0.000088333, 0.000208333, 0.008428333, 0.009598333, 0.029464999, 0.008205000, 0.009391666, 0.018820001, 0.000041667, 0.000045000, 0.000201667, 0.000025000, 0.000026667, 0.000041667, 1.000000000, 1.000000000, 1.000000000,               0,000
000,10.0, 0.000015000, 0.000016667, 0.003355000, 0.008685000, 0.009823333, 0.045440000, 0.008460000, 0.009631666, 0.019448332, 0.000051667, 0.000053333, 0.003253333, 0.000065000, 0.000088333, 0.003296667, 0.008441667, 0.009601667, 0.045230001, 0.008243334, 0.009403333, 0.019061666, 0.000041667, 0.000045000, 0.000171667, 0.000025000, 0.000026667, 0.000038333, 1.000000000, 1.000000000, 1.000000000,               0,000
000,10.0, 0.000015000, 0.000016667, 0.000081667, 0.008660000, 0.009805000, 0.020511666, 0.008506667, 0.009610000, 0.019509999, 0.000051667, 0.000053333, 0.003268333, 0.000065000, 0.000088333, 0.004170000, 0.008446666, 0.009581666, 0.020095000, 0.008296667, 0.009378334, 0.019150000, 0.000041667, 0.000045000, 0.000191667, 0.000025000, 0.000026667, 0.004136667, 1.000000000, 1.000000000, 1.000000000,               0,000
