tid,loop_in_cs,lock_acquires,lock_hold(ms),total_duration(s),wait_acq(ms),wait_rel(ms),lwait_acq, lwait_rel,gwait_acq,gwait_rel,glock_tries,array_size(B),client_id,run
000, 314128519,314128519, 2992.064697,   30.000000, 8885.471680, 7630.247070,    0.000000,    0.000000,    0.000000,    0.000000,         0,               0,000,000
000, 314137577,314137577, 2992.164062,   30.000000, 8885.668945, 7630.022461,    0.000000,    0.000000,    0.000000,    0.000000,         0,               0,000,001
000, 314147494,314147494, 2992.311768,   30.000000, 8885.597656, 7629.676270,    0.000000,    0.000000,    0.000000,    0.000000,         0,               0,000,002
