tid,total_duration(s),min_slock_hold,med,max,min_swait_acq,med,max,min_swait_rel,med,max,min_slwait_acq,med,max,min_slwait_rel,med,max,min_sgwait_acq,med,max,min_sgwait_rel,med,max,min_sdata_read,med,max,min_sdata_write,med,max,min_sglock_tries,med,max,array_size(B),client_id
000,10.0, 0.000015000, 0.000016667, 0.000060000, 0.008616666, 0.009620000, 0.242835000, 0.008493333, 0.009445000, 0.020961666, 0.000088333, 0.000090000, 0.000120000, 0.000073333, 0.000080000, 0.003765000, 0.008368333, 0.009366667, 0.242261663, 0.008275000, 0.009218333, 0.020719999, 0.000041667, 0.000043333, 0.000291667, 0.000025000, 0.000026667, 0.000055000, 1.000000000, 1.000000000, 1.000000000,               0,000
000,10.0, 0.000015000, 0.000018333, 0.000081667, 0.008670000, 0.009633333, 0.018916667, 0.008418334, 0.009456667, 0.019660000, 0.000088333, 0.000090000, 0.000105000, 0.000073333, 0.000080000, 0.000251667, 0.008421667, 0.009380000, 0.018656667, 0.008200000, 0.009231667, 0.019275000, 0.000041667, 0.000045000, 0.000178333, 0.000025000, 0.000026667, 0.000040000, 1.000000000, 1.000000000, 1.000000000,               0,000
000,10.0, 0.000015000, 0.000018333, 0.000085000, 0.008706667, 0.009613333, 0.019606667, 0.006660000, 0.009438333, 0.020310000, 0.000088333, 0.000090000, 0.000106667, 0.000073333, 0.000080000, 0.003313333, 0.008460000, 0.009360000, 0.019336667, 0.006385000, 0.009215000, 0.020098334, 0.000041667, 0.000045000, 0.000168333, 0.000025000, 0.000026667, 0.000040000, 1.000000000, 1.000000000, 1.000000000,               0,000
