tid,loop_in_cs,lock_acquires,lock_hold(ms),total_duration(s),wait_acq(ms),wait_rel(ms),lwait_acq,lwait_rel,gwait_acq,gwait_rel,data_read,data_write,glock_tries,array_size(B),client_id,run
000,    606518,  606518,   11.115467,   10.000000, 5032.989746, 4939.979980,   44.880131,   57.475346, 4948.668457, 4842.815918,   29.908983,   16.942076,    606518,               0,000,000
000,    606275,  606275,   11.037017,   10.000000, 5032.339844, 4940.850586,   44.971245,   57.590034, 4947.842285, 4843.535156,   29.856457,   16.933256,    606275,               0,000,001
000,    608438,  608438,   11.042504,   10.000000, 5033.876465, 4939.334473,   45.239765,   57.870308, 4949.184082, 4841.747559,   29.901573,   16.995647,    608438,               0,000,002
