tid,loop_in_cs,lock_acquires,lock_hold(ms),total_duration(s),wait_acq(ms),wait_rel(ms),lwait_acq, lwait_rel,gwait_acq,gwait_rel,glock_tries,array_size(B),client_id,run
000,    806505,  806505,    7.734562,   30.000000,16922.753906, 5560.166504,   35.393620,   37.296333,16793.755859, 5434.338379,   2482782,               0,000,000
000,    804025,  804025,    7.678105,   30.000000,16920.837891, 5561.935547,   35.272758,   37.110149,16792.158203, 5436.613281,   2473563,               0,000,001
000,    802028,  802028,    7.771166,   30.000000,16922.373047, 5560.164062,   35.446316,   37.295139,16793.355469, 5434.372559,   2467673,               0,000,002
000,    849205,  849205,    7.997083,   30.000000,17022.283203, 5458.020020,   43.849731,   51.235874,16881.591797, 5312.738770,   2680327,               0,001,000
000,    849151,  849151,    8.034100,   30.000000,17021.371094, 5458.820312,   43.434219,   51.449993,16880.982422, 5313.430176,   2680749,               0,001,001
000,    847835,  847835,    7.960371,   30.000000,17025.296875, 5454.974121,   43.539066,   51.378471,16884.814453, 5311.245117,   2678296,               0,001,002
000,    807342,  807342,    7.712847,   30.000000,16900.130859, 5582.757324,   36.120674,   38.789471,16772.916016, 5452.436035,   2475430,               0,002,000
000,    802797,  802797,    7.868741,   30.000000,16898.130859, 5584.408203,   36.090393,   38.693996,16771.656250, 5454.332031,   2460927,               0,002,001
000,    801694,  801694,    7.783912,   30.000000,16901.201172, 5581.374023,   36.100784,   38.676540,16774.041016, 5451.521973,   2458655,               0,002,002
