tid,total_duration(s),min_slock_hold,med,max,min_swait_acq,med,max,min_swait_rel,med,max,min_slwait_acq,med,max,min_slwait_rel,med,max,min_sgwait_acq,med,max,min_sgwait_rel,med,max,min_sdata_read,med,max,min_sdata_write,med,max,min_sglock_tries,med,max,array_size(B),client_id
000,10.0, 0.000015000, 0.000018333, 0.002623333, 0.008620000, 0.009932500, 0.019415000, 0.008560000, 0.009840000, 0.020245833, 0.000061667, 0.000065000, 0.002650000, 0.000075000, 0.000131667, 0.009494167, 0.008401667, 0.009693333, 0.019026667, 0.008260000, 0.009580000, 0.019859584, 0.000041667, 0.000046667, 0.000185417, 0.000025000, 0.000026667, 0.000093333, 1.000000000, 1.000000000, 1.000000000,               0,000
000,10.0, 0.000015000, 0.000018333, 0.000103333, 0.008633333, 0.009921666, 0.021171667, 0.008470000, 0.009796667, 0.020626666, 0.000061667, 0.000065000, 0.000113333, 0.000075000, 0.000131667, 0.009911667, 0.008403333, 0.009680000, 0.020785000, 0.008243334, 0.009541250, 0.020151667, 0.000041667, 0.000046667, 0.009495833, 0.000025000, 0.000026667, 0.000093333, 1.000000000, 1.000000000, 1.000000000,               0,000
000,10.0, 0.000015000, 0.000018333, 0.003733333, 0.007715833, 0.009882083, 0.020165417, 0.008565000, 0.009779166, 0.068766668, 0.000061667, 0.000065417, 0.000106667, 0.000075000, 0.000131667, 0.014390000, 0.007459166, 0.009644167, 0.019802500, 0.008343333, 0.009528333, 0.068405002, 0.000041667, 0.000046250, 0.000172500, 0.000025000, 0.000026667, 0.003960000, 1.000000000, 1.000000000, 1.000000000,               0,000
