tid,loop_in_cs,lock_acquires,lock_hold(ms),total_duration(s),wait_acq(ms),wait_rel(ms),lwait_acq, lwait_rel,gwait_acq,gwait_rel,glock_tries,array_size(B),client_id,run
000,   1589564, 1589564,   15.137315,   30.000000,11290.580078,11178.994141,   63.580475,  151.206940,11045.223633,10910.676758,   1589564,               0,000,000
000,   1584324, 1584324,   15.022100,   30.000000,11325.142578,11144.604492,   63.195889,  150.513855,11081.065430,10877.387695,   1584324,               0,000,001
000,   1595043, 1595043,   15.175146,   30.000000,11304.288086,11162.390625,   63.686905,  151.811752,11058.344727,10895.398438,   1595043,               0,000,002
