tid,wait_acq(ms),wait_rel(ms),client_id,run
000, 24.396988, 56.884106,000,000
000, 24.796057, 58.356880,000,001
