tid,loop_in_cs,lock_acquires,lock_hold(ms),total_duration(s),wait_acq(ms),wait_rel(ms),lwait_acq, lwait_rel,gwait_acq,gwait_rel,array_size(B),client_id,run
000,    392007,  392007,    3.858532,   30.000000,11243.984375,11245.643555,   21.227465,   75.079872,11174.006836,11139.827148,               0,000,000
000,    390496,  390496,    3.724340,   30.000000,11250.921875,11239.056641,   20.023682,   73.333397,11183.930664,11135.950195,               0,000,001
