tid,loop_in_cs,lock_acquires,lock_hold(ms),total_duration(s),wait_acq(ms),wait_rel(ms),lwait_acq, lwait_rel,gwait_acq,gwait_rel,glock_tries,array_size(B),client_id,run
000,    822668,  822668,    7.775770,   30.000000,16942.587891, 5540.580078,   45.843864,   85.427223,16798.148438, 5396.000488,   2529131,               0,000,000
000,    821130,  821130,    7.691169,   30.000000,16919.869141, 5563.406738,   45.542091,   85.205544,16776.007812, 5419.466797,   2526648,               0,000,001
000,    826953,  826953,    7.705969,   30.000000,16920.419922, 5563.564941,   45.878960,   85.879356,16775.421875, 5418.442383,   2544826,               0,000,002
000,    846868,  846868,    8.637904,   30.000000,17018.687500, 5464.045898,   45.080265,   99.557640,16875.570312, 5303.488770,   2668080,               0,001,000
000,    846185,  846185,    8.611897,   30.000000,17004.804688, 5477.971191,   45.050350,   99.349869,16862.699219, 5316.972168,   2664651,               0,001,001
000,    846147,  846147,    8.629786,   30.000000,17009.425781, 5473.322266,   45.095081,   99.524879,16867.074219, 5312.026855,   2667598,               0,001,002
000,    808363,  808363,    7.999261,   30.000000,16906.912109, 5575.670410,   46.525715,   85.743073,16762.812500, 5431.260254,   2464745,               0,002,000
000,    806765,  806765,    7.995504,   30.000000,16901.906250, 5580.291016,   46.777390,   86.411598,16758.031250, 5434.148926,   2460147,               0,002,001
000,    808365,  808365,    8.000048,   30.000000,16908.691406, 5573.415039,   46.705406,   86.174141,16764.583984, 5427.499512,   2466111,               0,002,002
