tid,loop_in_cs,lock_acquires,lock_hold(ms),total_duration(s),wait_acq(ms),wait_rel(ms),lwait_acq,lwait_rel,gwait_acq,gwait_rel,data_read,data_write,glock_tries,array_size(B),client_id,run
000,    339218,  339218,    6.269431,   10.000000, 6464.664062, 3519.545166,   27.722797,  285.817871, 6410.016602, 3202.256348,   22.691151,    9.125461,    670809,               0,000,000
000,    336418,  336418,    5.957225,   10.000000, 6482.845215, 3502.224854,   27.369965,  283.533905, 6428.988281, 3187.620117,   22.719259,    9.048035,    670686,               0,000,001
000,    335418,  335418,    5.853736,   10.000000, 6502.345703, 3483.117676,   27.293686,  281.701019, 6448.971680, 3170.922119,   22.145937,    9.017187,    674060,               0,000,002
000,    339457,  339457,    6.235382,   10.000000, 6484.903320, 3499.664795,   27.482231,  281.986694, 6431.923340, 3186.134521,   21.184736,    9.134256,    676788,               0,001,000
000,    335640,  335640,    5.953700,   10.000000, 6474.966797, 3510.463867,   27.145372,  284.101624, 6421.070312, 3193.758789,   23.328575,    9.048438,    667219,               0,001,001
000,    333870,  333870,    5.842208,   10.000000, 6466.031250, 3519.751465,   27.024633,  285.525665, 6411.325684, 3201.915527,   24.979139,    8.999434,    660271,               0,001,002
