tid,total_duration(s),min_slock_hold,med,max,min_swait_acq,med,max,min_swait_rel,med,max,min_slwait_acq,med,max,min_slwait_rel,med,max,min_sgwait_acq,med,max,min_sgwait_rel,med,max,min_sdata_read,med,max,min_sdata_write,med,max,min_sglock_tries,med,max,array_size(B),client_id
000,10.0, 0.000015000, 0.000018333, 0.000080000, 0.008366667, 0.009585417, 0.020012500, 0.008296667, 0.009507083, 0.020103334, 0.000063333, 0.000066667, 0.009460417, 0.000080000, 0.000093333, 0.000235833, 0.008140000, 0.009345000, 0.019685417, 0.008071667, 0.009258334, 0.019745417, 0.000043333, 0.000048333, 0.000166667, 0.000025000, 0.000027500, 0.000035833, 1.000000000, 1.000000000, 1.000000000,               0,000
000,10.0, 0.000015000, 0.000018333, 0.000084167, 0.008700000, 0.009608333, 0.046663333, 0.008523333, 0.009530833, 0.020056250, 0.000063333, 0.000066667, 0.000106667, 0.000080000, 0.000095000, 0.003333333, 0.008463333, 0.009366667, 0.046346668, 0.008295000, 0.009282917, 0.019699583, 0.000043333, 0.000048333, 0.000181250, 0.000025000, 0.000027500, 0.000037917, 1.000000000, 1.000000000, 1.000000000,               0,000
000,10.0, 0.000015000, 0.000018333, 0.000091667, 0.006305000, 0.009595834, 0.020829583, 0.008355000, 0.009515000, 0.034338750, 0.000061667, 0.000066667, 0.003837917, 0.000078333, 0.000095000, 0.004190000, 0.006065417, 0.009353750, 0.020498751, 0.008128333, 0.009265416, 0.033924583, 0.000043333, 0.000048333, 0.004193750, 0.000025000, 0.000027500, 0.000037917, 1.000000000, 1.000000000, 1.000000000,               0,000
