tid,wait_acq(ms),wait_rel(ms),client_id,run
000, 23.803699, 44.256260,000,000
000, 21.016689, 44.679585,000,001
