tid,loop_in_cs,lock_acquires,lock_hold(ms),total_duration(s),wait_acq(ms),wait_rel(ms),lwait_acq,lwait_rel,gwait_acq,gwait_rel,data_read,data_write,glock_tries,array_size(B),client_id,run,nlocks
000,  19660800,      74,   88.137451,    1.000000,   72.990189,   43.164055,    0.600831,    0.041349,   73.143730, 3814.580566,   26.917273,   41.199711,      3296,         1048576,000,000,000002
000,  19660800,      74,   89.638596,    1.000000,   75.528000,   43.950661,    0.552885,    0.059011,   74.941895,   44.159409,   26.824064,   41.975788,      2755,         1048576,001,000,000002
