tid,total_duration(s),min_slock_hold,med,max,min_swait_acq,med,max,min_swait_rel,med,max,min_slwait_acq,med,max,min_slwait_rel,med,max,min_sgwait_acq,med,max,min_sgwait_rel,med,max,min_sdata_read,med,max,min_sdata_write,med,max,min_sglock_tries,med,max,array_size(B),client_id
000,10.0, 0.000015000, 0.000017083, 0.003900000, 0.009132500, 0.019316666, 0.120542914, 0.008483334, 0.009630000, 0.019949166, 0.000061667, 0.000065000, 0.000123333, 0.000075000, 0.000111667, 0.004097083, 0.008892500, 0.019054584, 0.120204166, 0.008180000, 0.009368333, 0.019566666, 0.000041667, 0.000046667, 0.000174583, 0.000025000, 0.000028333, 0.009465417, 1.000000000, 2.000000000,12.000000000,               0,000
000,10.0, 0.000015000, 0.000017083, 0.009638750, 0.008963333, 0.019099999, 0.086928330, 0.008441667, 0.009460000, 0.020406667, 0.000063333, 0.000067083, 0.009731667, 0.000076667, 0.000106667, 0.009581666, 0.008705000, 0.018827083, 0.086595833, 0.008151666, 0.009197917, 0.019991666, 0.000043333, 0.000048333, 0.003317917, 0.000025000, 0.000027500, 0.000063333, 1.000000000, 2.000000000, 9.000000000,               0,001
000,10.0, 0.000015000, 0.000017083, 0.003895000, 0.008670000, 0.019409999, 0.105899997, 0.008548333, 0.009671667, 0.020641251, 0.000061667, 0.000065000, 0.000075833, 0.000075000, 0.000111667, 0.009590000, 0.008443333, 0.019136667, 0.105583332, 0.008313334, 0.009410000, 0.020282499, 0.000041667, 0.000046667, 0.000172917, 0.000025000, 0.000028333, 0.000048750, 1.000000000, 2.000000000,11.000000000,               0,000
000,10.0, 0.000015000, 0.000017083, 0.000082083, 0.008701666, 0.019145416, 0.105515003, 0.008593333, 0.009563333, 0.020101666, 0.000061667, 0.000065000, 0.004322083, 0.000075000, 0.000111667, 0.009534583, 0.008448333, 0.018901667, 0.105193332, 0.008366667, 0.009307084, 0.019708334, 0.000041667, 0.000046667, 0.000205000, 0.000025000, 0.000028333, 0.000050000, 1.000000000, 2.000000000,11.000000000,               0,000
000,10.0, 0.000015000, 0.000017083, 0.000075833, 0.008675000, 0.018953333, 0.107092500, 0.008336667, 0.009391666, 0.025063334, 0.000063333, 0.000067500, 0.000103333, 0.000076667, 0.000105000, 0.009820833, 0.008450000, 0.018692501, 0.106823333, 0.008113333, 0.009130416, 0.024781249, 0.000043333, 0.000048333, 0.000176667, 0.000025000, 0.000027500, 0.000057083, 1.000000000, 2.000000000,11.000000000,               0,001
