tid,loop_in_cs,lock_acquires,lock_hold(ms),total_duration(s),wait_acq(ms),wait_rel(ms),lwait_acq, lwait_rel,gwait_acq,gwait_rel,glock_tries,array_size(B),client_id,run
000, 229273030,229273030, 2182.767822,   30.000000,10852.889648, 7279.474121,    0.000000,    0.000000,    0.000000,    0.000000,         0,               0,000,000
000, 229274382,229274382, 2183.269531,   30.000000,10852.742188, 7280.454590,    0.000000,    0.000000,    0.000000,    0.000000,         0,               0,000,001
000, 229275899,229275899, 2184.022461,   30.000000,10852.749023, 7279.640137,    0.000000,    0.000000,    0.000000,    0.000000,         0,               0,000,002
