tid,loop_in_cs,lock_acquires,lock_hold(ms),total_duration(s),wait_acq(ms),wait_rel(ms),lwait_acq,lwait_rel,gwait_acq,gwait_rel,data_read,data_write,glock_tries,array_size(B),client_id,run
000,    337087,  337087,    6.331028,   10.000000, 6706.062500, 3278.430176,   25.956104,   30.683840, 6653.134277, 3210.619629,   21.885046,    9.228818,    693346,               0,000,000
000,    337341,  337341,    5.977640,   10.000000, 6703.143066, 3282.455322,   25.995462,   30.665550, 6650.641602, 3215.348389,   21.515947,    9.238429,    692753,               0,000,001
000,    339322,  339322,    5.988475,   10.000000, 6710.882324, 3274.675537,   25.984795,   29.822683, 6659.186035, 3211.758057,   21.223057,    9.239843,    699017,               0,000,002
000,    334598,  334598,    6.268606,   10.000000, 6685.759766, 3298.575928,   25.746117,   30.796947, 6632.451660, 3230.209229,   22.892591,    9.199993,    681932,               0,001,000
000,    335884,  335884,    5.954036,   10.000000, 6689.206543, 3296.212158,   25.848614,   30.241350, 6636.766602, 3230.135254,   21.671658,    9.198132,    685136,               0,001,001
000,    334776,  334776,    5.921443,   10.000000, 6694.291992, 3291.157227,   25.813007,   30.530056, 6641.934082, 3225.202393,   21.932646,    9.211996,    684728,               0,001,002
