tid,total_duration(s),min_slock_hold,med,max,min_swait_acq,med,max,min_swait_rel,med,max,min_slwait_acq,med,max,min_slwait_rel,med,max,min_sgwait_acq,med,max,min_sgwait_rel,med,max,min_sdata_read,med,max,min_sdata_write,med,max,min_sglock_tries,med,max,array_size(B),client_id
000,10.0, 0.000015000, 0.000016667, 0.000085000, 0.008468334, 0.009593333, 0.058905002, 0.008448333, 0.009433334, 0.022986667, 0.000046667, 0.000050000, 0.000101667, 0.000056667, 0.000065000, 0.003358333, 0.008253333, 0.009371666, 0.058595002, 0.008225000, 0.009210000, 0.022758333, 0.000041667, 0.000046667, 0.003875000, 0.000025000, 0.000026667, 0.003930000, 1.000000000, 1.000000000, 1.000000000,               0,000
000,10.0, 0.000015000, 0.000017083, 0.000096667, 0.008533333, 0.009635000, 0.021645000, 0.008370000, 0.009488333, 0.019999584, 0.000046667, 0.000050000, 0.003151667, 0.000056667, 0.000067500, 0.003873333, 0.008323333, 0.009412916, 0.021310000, 0.008150000, 0.009263333, 0.019656250, 0.000041667, 0.000046667, 0.003343333, 0.000025000, 0.000026667, 0.000048333, 1.000000000, 1.000000000, 1.000000000,               0,000
000,10.0, 0.000015000, 0.000016667, 0.003766667, 0.008408333, 0.009486667, 0.019586667, 0.008221666, 0.009365000, 0.020114584, 0.000046667, 0.000050000, 0.003205000, 0.000055000, 0.000065000, 0.003643333, 0.008196667, 0.009267500, 0.019346667, 0.008013333, 0.009145000, 0.019799167, 0.000041667, 0.000046667, 0.000196667, 0.000025000, 0.000026667, 0.000045000, 1.000000000, 1.000000000, 1.000000000,               0,000
