tid,loop_in_cs,lock_acquires,lock_hold(ms),total_duration(s),wait_acq(ms),wait_rel(ms),lwait_acq, lwait_rel,gwait_acq,gwait_rel,glock_tries,array_size(B),client_id,run
000,   1055162, 1055162,   10.335935,   30.000000,15056.358398, 7420.395020,   46.910789,   52.434906,14887.942383, 7251.738770,   2150136,               0,000,000
000,   1048214, 1048214,   10.244534,   30.000000,15053.798828, 7423.261230,   46.581268,   51.993366,14887.295898, 7255.967285,   2136513,               0,000,001
000,   1053825, 1053825,   10.292204,   30.000000,15056.439453, 7420.593262,   46.822845,   52.248905,14889.206055, 7252.865723,   2148631,               0,000,002
000,   1143100, 1143100,   10.938780,   30.000000,15105.477539, 7365.983887,   69.633614,   83.146141,14905.133789, 7157.004395,   2361831,               0,001,000
000,   1142434, 1142434,   10.967110,   30.000000,15105.135742, 7366.269043,   69.256607,   82.884651,14904.870117, 7157.433594,   2362278,               0,001,001
000,   1140908, 1140908,   10.977560,   30.000000,15102.178711, 7369.278320,   69.182869,   82.519081,14902.200195, 7161.005371,   2358486,               0,001,002
