tid,loop_in_cs,lock_acquires,lock_hold(ms),total_duration(s),wait_acq(ms),wait_rel(ms),lwait_acq,lwait_rel,gwait_acq,gwait_rel,data_read,data_write,glock_tries,array_size(B),client_id,run
000,    402359,  402359,    7.442584,   10.000000, 6673.607910, 3308.350098,   22.792288,   32.501980, 6623.688477, 3246.796387,   19.614639,   11.357522,    821903,               0,000,000
000,    399922,  399922,    7.286745,   10.000000, 6695.359863, 3287.077881,   22.632704,   32.280621, 6645.748047, 3225.764160,   19.352409,   11.310812,    824985,               0,000,001
000,    400354,  400354,    7.298820,   10.000000, 6690.753906, 3291.628906,   22.666725,   32.330879, 6640.981445, 3230.125000,   19.370026,   11.309275,    824833,               0,000,002
000,    402384,  402384,    7.435973,   10.000000, 6724.932617, 3257.018066,   22.483494,   32.528088, 6674.430176, 3195.294922,   19.596041,   11.265663,    834206,               0,001,000
000,    399854,  399854,    7.293282,   10.000000, 6715.218262, 3267.152100,   22.317364,   32.341080, 6665.161133, 3205.991943,   19.294840,   11.201660,    831768,               0,001,001
000,    400677,  400677,    7.302482,   10.000000, 6709.732910, 3272.646729,   22.387100,   32.407688, 6659.700195, 3211.385498,   19.370768,   11.217151,    832376,               0,001,002
