tid,loop_in_cs,lock_acquires,lock_hold(ms),total_duration(s),wait_acq(ms),wait_rel(ms),lwait_acq,lwait_rel,gwait_acq,gwait_rel,data_read,data_write,glock_tries,array_size(B),client_id,run
000,    398148,  398148,    7.371768,   10.000000, 6699.694336, 3281.947754,   29.068983,   42.425835, 6642.706055, 3210.866943,   19.636023,   11.178046,    825112,               0,000,000
000,    399781,  399781,    7.291760,   10.000000, 6693.418457, 3288.511475,   29.213659,   42.336102, 6636.138672, 3217.602783,   19.599009,   11.216494,    825917,               0,000,001
000,    400359,  400359,    7.309021,   10.000000, 6692.694824, 3288.767822,   29.268444,   42.301296, 6635.383301, 3217.923584,   19.643085,   11.234215,    827179,               0,000,002
000,    397516,  397516,    7.353552,   10.000000, 6676.561035, 3305.525879,   28.047279,   39.297039, 6621.456055, 3238.780029,   21.048445,   11.299338,    811885,               0,001,000
000,    398696,  398696,    7.274875,   10.000000, 6684.414062, 3297.978760,   27.858471,   39.465469, 6629.562500, 3231.087646,   21.011059,   11.331694,    812618,               0,001,001
000,    399267,  399267,    7.271898,   10.000000, 6683.588379, 3298.837646,   28.479860,   39.191063, 6628.062500, 3232.299316,   21.021826,   11.344425,    812334,               0,001,002
