tid,loop_in_cs,lock_acquires,lock_hold(ms),total_duration(s),wait_acq(ms),wait_rel(ms),lwait_acq,lwait_rel,gwait_acq,gwait_rel,data_read,data_write,glock_tries,array_size(B),client_id,run
000,    511395,  511395,    9.290195,   10.000000, 5026.563477, 4950.489258,   25.931187,   36.885269, 4961.583984, 4862.161133,   34.899765,   13.855073,    511395,               0,000,000
000,    513668,  513668,    8.971140,   10.000000, 5029.469238, 4948.652832,   25.987202,   36.939148, 4965.251953, 4862.115234,   33.667858,   13.871610,    513668,               0,000,001
000,    522939,  522939,    9.111875,   10.000000, 5025.531738, 4952.244629,   26.244551,   36.433331, 4962.488770, 4870.825195,   30.562571,   14.017465,    522939,               0,000,002
