tid,loop_in_cs,lock_acquires,lock_hold(ms),total_duration(s),wait_acq(ms),wait_rel(ms),lwait_acq,lwait_rel,gwait_acq,gwait_rel,data_read,data_write,glock_tries,array_size(B),client_id,run
000,    335844,  335844,    6.296451,   10.000000, 6711.176758, 3272.875000,   18.148872,   27.787115, 6665.990723, 3210.538330,   22.256147,    9.379939,    685943,               0,000,000
000,    335923,  335923,    6.015160,   10.000000, 6713.477051, 3271.676270,   18.068859,   27.697830, 6668.979980, 3210.047607,   21.908646,    9.447376,    685922,               0,000,001
000,    338162,  338162,    6.043904,   10.000000, 6711.092773, 3273.989990,   18.117100,   27.572828, 6666.936035, 3213.566406,   21.182093,    9.480133,    690735,               0,000,002
000,    335676,  335676,    6.257864,   10.000000, 6711.479004, 3273.017090,   16.662893,   25.734402, 6667.803711, 3210.602783,   22.079729,    9.152128,    692664,               0,001,000
000,    336972,  336972,    5.926973,   10.000000, 6714.739746, 3270.878174,   16.625151,   25.504662, 6671.812500, 3209.716797,   21.552937,    9.157155,    695920,               0,001,001
000,    337550,  337550,    5.964627,   10.000000, 6714.479980, 3271.063965,   16.546000,   25.398331, 6671.767578, 3211.152832,   21.171993,    9.133226,    696538,               0,001,002
