tid,total_duration(s),min_slock_hold,med,max,min_swait_acq,med,max,min_swait_rel,med,max,min_slwait_acq,med,max,min_slwait_rel,med,max,min_sgwait_acq,med,max,min_sgwait_rel,med,max,min_sdata_read,med,max,min_sdata_write,med,max,min_sglock_tries,med,max,array_size(B),client_id
000,10.0, 0.000016667, 0.000017083, 0.002795833, 0.007501250, 0.008233750, 0.021629583, 0.007385000, 0.008147500, 0.031560000, 0.000062917, 0.000067500, 0.000120000, 0.000100833, 0.000109583, 0.000153750, 0.007265416, 0.007997917, 0.021370417, 0.007132917, 0.007894583, 0.031233750, 0.000044167, 0.000048333, 0.008814584, 0.000027083, 0.000027500, 0.000046667, 1.000000000, 1.000000000, 1.000000000,               0,000
000,10.0, 0.000016667, 0.000017083, 0.001517917, 0.007500833, 0.008229166, 0.027842084, 0.006579167, 0.008132500, 0.151610836, 0.000062917, 0.000067500, 0.003547500, 0.000100833, 0.000109167, 0.012842083, 0.007257083, 0.007989584, 0.027538750, 0.006296667, 0.007884166, 0.132540837, 0.000044167, 0.000048333, 0.001909167, 0.000027083, 0.000027500, 0.000052500, 1.000000000, 1.000000000, 1.000000000,               0,000
000,10.0, 0.000016667, 0.000018750, 0.001524167, 0.007456667, 0.008235834, 0.037597917, 0.007420833, 0.008141250, 0.017301250, 0.000062917, 0.000067500, 0.003562083, 0.000100833, 0.000109167, 0.003168333, 0.007212500, 0.007995834, 0.037290417, 0.007168750, 0.007890834, 0.017029583, 0.000044167, 0.000048333, 0.001894583, 0.000027083, 0.000027500, 0.000052500, 1.000000000, 1.000000000, 1.000000000,               0,000
