tid,wait_acq(ms),wait_rel(ms),client_id,run
000, 28.849190, 53.749359,000,000
000, 28.380823, 52.943787,000,001
