tid,loop_in_cs,lock_acquires,lock_hold(ms),total_duration(s),wait_acq(ms),wait_rel(ms),lwait_acq, lwait_rel,gwait_acq,gwait_rel,glock_tries,array_size(B),client_id,run
000, 221770968,221770968, 2112.345703,   30.000000,11682.051758, 6593.198242,    0.000000,    0.000000,    0.000000,    0.000000,         0,               0,000,000
000, 221772948,221772948, 2112.300293,   30.000000,11681.993164, 6593.247559,    0.000000,    0.000000,    0.000000,    0.000000,         0,               0,000,001
000, 221772417,221772417, 2112.380859,   30.000000,11682.138672, 6593.044434,    0.000000,    0.000000,    0.000000,    0.000000,         0,               0,000,002
