tid,total_duration(s),min_slock_hold,med,max,min_swait_acq,med,max,min_swait_rel,med,max,min_slwait_acq,med,max,min_slwait_rel,med,max,min_sgwait_acq,med,max,min_sgwait_rel,med,max,min_sdata_read,med,max,min_sdata_write,med,max,min_sglock_tries,med,max,array_size(B),client_id
000,10.0, 0.000015000, 0.000016667, 0.000085000, 0.008548333, 0.009685000, 0.019776667, 0.009068334, 0.010213333, 0.020581666, 0.000075000, 0.000085000, 0.000121667, 0.000753333, 0.000813333, 0.005031667, 0.008300000, 0.009435000, 0.019403333, 0.008155000, 0.009255000, 0.019549999, 0.000041667, 0.000045000, 0.000175000, 0.000025000, 0.000026667, 0.000043333, 1.000000000, 1.000000000, 1.000000000,               0,000
000,10.0, 0.000015000, 0.000016667, 0.000098333, 0.008576667, 0.009700000, 0.019169999, 0.007643333, 0.010218333, 0.020181667, 0.000073333, 0.000085000, 0.000105000, 0.000753333, 0.000813333, 0.005125000, 0.008323333, 0.009448334, 0.018788334, 0.006693333, 0.009261667, 0.019063333, 0.000041667, 0.000045000, 0.003971667, 0.000025000, 0.000026667, 0.000043333, 1.000000000, 1.000000000, 1.000000000,               0,000
000,10.0, 0.000015000, 0.000016667, 0.000090000, 0.008671666, 0.009695000, 0.019235000, 0.009100000, 0.010223334, 0.024830000, 0.000075000, 0.000085000, 0.000108333, 0.000753333, 0.000816667, 0.005280000, 0.008430000, 0.009445000, 0.018958334, 0.008190000, 0.009265000, 0.023685001, 0.000041667, 0.000045000, 0.003786667, 0.000025000, 0.000026667, 0.000041667, 1.000000000, 1.000000000, 1.000000000,               0,000
