tid,loop_in_cs,lock_acquires,lock_hold(ms),total_duration(s),wait_acq(ms),wait_rel(ms),lwait_acq,lwait_rel,gwait_acq,gwait_rel,data_read,data_write,glock_tries,array_size(B),client_id,run
000,    341707,  341707,    6.218844,   10.000000, 6700.900879, 3283.390869,   31.154263,   39.450825, 6644.292480, 3216.062744,   19.942991,    9.258663,    701790,               0,000,000
000,    343201,  343201,    5.980528,   10.000000, 6705.506836, 3279.699951,   31.229977,   38.675041, 6649.455566, 3215.018555,   19.114676,    9.256962,    705270,               0,000,001
000,    344182,  344182,    5.945670,   10.000000, 6703.650391, 3281.628906,   31.278637,   38.253075, 6647.823242, 3217.587158,   19.050497,    9.272979,    706862,               0,000,002
000,    336325,  336325,    6.170609,   10.000000, 6676.228027, 3308.224854,   32.188606,   47.196117, 6617.002441, 3232.513184,   21.986036,    9.466700,    688066,               0,001,000
000,    336451,  336451,    5.888257,   10.000000, 6677.622559, 3307.878662,   32.148880,   47.022579, 6618.792480, 3232.619629,   21.684362,    9.436573,    688040,               0,001,001
000,    338606,  338606,    5.741024,   10.000000, 6681.670898, 3304.124268,   32.223831,   45.599384, 6623.389648, 3231.208008,   20.862408,    9.413020,    692309,               0,001,002
