tid,loop_in_cs,lock_acquires,lock_hold(ms),total_duration(s),wait_acq(ms),wait_rel(ms),lwait_acq, lwait_rel,gwait_acq,gwait_rel,glock_tries,array_size(B),client_id,run
000,   1052510, 1052510,    9.941732,   30.000000,15113.588867, 7365.978027,   34.519287,   54.063454,14958.853516, 7198.302246,   2156817,               0,000,000
000,   1050796, 1050796,    9.888385,   30.000000,15088.929688, 7390.726562,   34.282017,   54.015656,14936.552734, 7225.656738,   2157269,               0,000,001
000,   1054482, 1054482,    9.923791,   30.000000,15087.183594, 7392.359863,   34.432030,   54.274319,14934.223633, 7226.694336,   2165022,               0,000,002
000,   1162274, 1162274,   10.905325,   30.000000,15093.824219, 7383.521973,   38.923717,   61.638275,14924.936523, 7196.848633,   2381950,               0,001,000
000,   1157633, 1157633,   10.804568,   30.000000,15097.667969, 7379.917480,   38.660519,   60.808048,14929.569336, 7194.687500,   2380689,               0,001,001
000,   1158563, 1158563,   10.833203,   30.000000,15097.630859, 7379.957031,   39.086567,   60.715454,14928.847656, 7194.520996,   2382419,               0,001,002
