tid,loop_in_cs,lock_acquires,lock_hold(ms),total_duration(s),wait_acq(ms),wait_rel(ms),lwait_acq,lwait_rel,gwait_acq,gwait_rel,data_read,data_write,glock_tries,array_size(B),client_id,run
000,    509975,  509975,    9.281948,   10.000000, 5020.586914, 4956.654297,   25.542921,   42.904938, 4956.438477, 4861.739258,   35.453144,   13.881880,    509975,               0,000,000
000,    513741,  513741,    8.966336,   10.000000, 5024.512207, 4953.836914,   25.524818,   42.130474, 4961.560059, 4862.704590,   33.568855,   13.885039,    513741,               0,000,001
000,    513118,  513118,    8.977310,   10.000000, 5024.594727, 4953.665527,   25.575420,   42.282818, 4961.376465, 4862.977051,   33.972588,   13.915160,    513118,               0,000,002
