tid,loop_in_cs,lock_acquires,lock_hold(ms),total_duration(s),wait_acq(ms),wait_rel(ms),lwait_acq,lwait_rel,gwait_acq,gwait_rel,data_read,data_write,glock_tries,array_size(B),client_id,run
000,    506376,  506376,    9.204066,   10.000000, 5025.969238, 4951.947754,   38.514301,   46.717960, 4948.458008, 4850.665527,   38.383415,   13.606584,    506376,               0,000,000
000,    506711,  506711,    8.856717,   10.000000, 5027.467773, 4951.600098,   38.511639,   46.719494, 4950.497070, 4850.875977,   37.895058,   13.608242,    506711,               0,000,001
000,    506943,  506943,    8.861015,   10.000000, 5028.849121, 4950.220215,   38.511116,   46.619732, 4951.909668, 4850.060547,   37.845818,   13.606612,    506943,               0,000,002
