tid,total_duration(s),min_slock_hold,med,max,min_swait_acq,med,max,min_swait_rel,med,max,min_slwait_acq,med,max,min_slwait_rel,med,max,min_sgwait_acq,med,max,min_sgwait_rel,med,max,min_sdata_read,med,max,min_sdata_write,med,max,min_sglock_tries,med,max,array_size(B),client_id
000,10.0, 0.000015000, 0.000016667, 0.000070000, 0.008691667, 0.019046666, 0.087851666, 0.006441667, 0.009430000, 0.019815000, 0.000085000, 0.000088333, 0.003726667, 0.000080000, 0.000111667, 0.004276667, 0.008448333, 0.018780001, 0.087583333, 0.006201667, 0.009175000, 0.019373333, 0.000041667, 0.000046667, 0.003856667, 0.000025000, 0.000026667, 0.000046250, 1.000000000, 2.000000000, 9.000000000,               0,000
000,10.0, 0.000015000, 0.000017083, 0.009483334, 0.008700000, 0.019356666, 0.096467502, 0.006840000, 0.009583334, 0.020524167, 0.000086667, 0.000091667, 0.000185417, 0.000080000, 0.000108333, 0.004240000, 0.008433334, 0.019062916, 0.096174583, 0.006556666, 0.009315833, 0.020170834, 0.000041667, 0.000048333, 0.000166667, 0.000025000, 0.000027500, 0.000040000, 1.000000000, 2.000000000,10.000000000,               0,001
000,10.0, 0.000015000, 0.000016667, 0.003520000, 0.009013333, 0.019378332, 0.097113334, 0.008578333, 0.009583334, 0.020277500, 0.000086667, 0.000091667, 0.000162083, 0.000078333, 0.000108333, 0.000269583, 0.008730417, 0.019080000, 0.096814997, 0.008315000, 0.009316667, 0.019930834, 0.000041667, 0.000048333, 0.009578750, 0.000025000, 0.000027500, 0.000045000, 1.000000000, 2.000000000,10.000000000,               0,001
000,10.0, 0.000015000, 0.000016667, 0.000066667, 0.008660000, 0.019173333, 0.086980000, 0.008295000, 0.009492083, 0.019980833, 0.000085000, 0.000088333, 0.003960000, 0.000080000, 0.000111667, 0.003483333, 0.008410000, 0.018896667, 0.086613335, 0.008048333, 0.009236666, 0.019629583, 0.000041667, 0.000046667, 0.000256667, 0.000025000, 0.000026667, 0.000045000, 1.000000000, 2.000000000, 9.000000000,               0,000
000,10.0, 0.000015000, 0.000017083, 0.004637917, 0.008901667, 0.019362083, 0.105329998, 0.008593333, 0.009582916, 0.020358751, 0.000086667, 0.000091667, 0.003578333, 0.000080000, 0.000108333, 0.009792916, 0.008650000, 0.019066667, 0.104996666, 0.008366667, 0.009317917, 0.020059584, 0.000043333, 0.000048333, 0.009627500, 0.000025000, 0.000027500, 0.000046667, 1.000000000, 2.000000000,11.000000000,               0,001
