tid,loop_in_cs,lock_acquires,lock_hold(ms),total_duration(s),wait_acq(ms),wait_rel(ms),lwait_acq,lwait_rel,gwait_acq,gwait_rel,data_read,data_write,glock_tries,array_size(B),client_id,run
000,    338150,  338150,    6.309390,   10.000000, 6704.306641, 3279.959229,   23.166138,   38.219162, 6655.920410, 3215.676270,   20.965565,    9.409520,    695362,               0,000,000
000,    338549,  338549,    5.960099,   10.000000, 6702.963379, 3282.465820,   23.273111,   37.898418, 6654.934082, 3218.995361,   20.434601,    9.432796,    695899,               0,000,001
000,    337868,  337868,    5.917528,   10.000000, 6706.417969, 3279.056152,   23.069017,   37.662125, 6658.698242, 3215.943359,   20.365381,    9.390215,    696032,               0,000,002
000,    335446,  335446,    6.227169,   10.000000, 6697.722656, 3286.913818,   23.371712,   41.383339, 6647.327148, 3216.906738,   23.360868,    9.137974,    687771,               0,001,000
000,    334522,  334522,    5.879393,   10.000000, 6701.815430, 3283.989014,   23.313017,   41.534061, 6651.718750, 3214.363281,   23.149031,    9.164804,    686517,               0,001,001
000,    332222,  332222,    5.874817,   10.000000, 6703.225586, 3282.580566,   23.415154,   42.581837, 6652.492188, 3211.802246,   23.854008,    9.115808,    682301,               0,001,002
