tid,loop_in_cs,lock_acquires,lock_hold(ms),total_duration(s),wait_acq(ms),wait_rel(ms),lwait_acq,lwait_rel,gwait_acq,gwait_rel,data_read,data_write,glock_tries,array_size(B),client_id,run
000,    607452,  607452,   11.074293,   10.000000, 5061.701172, 4911.629883,   88.373360,   49.046734, 4933.814453, 4822.397949,   35.361874,   16.903923,    607452,               0,000,000
000,    604327,  604327,   11.040428,   10.000000, 5043.927246, 4929.540527,   88.261833,   49.399708, 4916.231934, 4840.089355,   35.269524,   16.865246,    604327,               0,000,001
000,    604529,  604529,   10.959797,   10.000000, 5043.585449, 4930.116211,   88.268639,   49.308571, 4915.937500, 4841.125977,   35.215977,   16.889742,    604529,               0,000,002
