tid,loop_in_cs,lock_acquires,lock_hold(ms),total_duration(s),wait_acq(ms),wait_rel(ms),lwait_acq,lwait_rel,gwait_acq,gwait_rel,data_read,data_write,glock_tries,array_size(B),client_id,run
000,    610676,  610676,   11.176785,   10.000000, 5030.954102, 4939.545410,   29.962387,   39.472866, 4961.014648, 4858.524414,   29.909973,   17.083542,    610676,               0,000,000
000,    610549,  610549,   11.103383,   10.000000, 5028.071777, 4942.679199,   29.938137,   39.518349, 4958.487305, 4858.922852,   29.813627,   17.155766,    610549,               0,000,001
000,    610355,  610355,   11.041320,   10.000000, 5034.101562, 4936.864746,   30.090710,   39.346741, 4961.857422, 4855.984375,   29.612350,   17.068451,    610355,               0,000,002
