tid,loop_in_cs,lock_acquires,lock_hold(ms),total_duration(s),wait_acq(ms),wait_rel(ms),lwait_acq,lwait_rel,gwait_acq,gwait_rel,data_read,data_write,glock_tries,array_size(B),client_id,run
000,    603802,  603802,   11.044745,   10.000000, 5025.673828, 4947.673340,   54.780304,   53.597126, 4931.664062, 4854.747070,   29.764864,   16.816439,    603802,               0,000,000
000,    603489,  603489,   11.025615,   10.000000, 5028.320312, 4945.080078,   54.974632,   53.934738, 4934.182617, 4851.592773,   29.843197,   16.840981,    603489,               0,000,001
000,    603404,  603404,   10.930400,   10.000000, 5027.300293, 4946.425293,   54.964958,   53.753380, 4933.332031, 4853.440918,   29.622606,   16.813095,    603404,               0,000,002
