tid,loop_in_cs,lock_acquires,lock_hold(ms),total_duration(s),wait_acq(ms),wait_rel(ms),lwait_acq,lwait_rel,gwait_acq,gwait_rel,data_read,data_write,glock_tries,array_size(B),client_id,run,nlocks
000, 454033408,    3463, 1898.266724,    3.000000,  549.860046,  549.525391,   16.643246,    0.996285,  532.079102,  547.654114,  465.343353,  475.873810,      3464,          524288,000,000,000001
000, 454295552,    3465, 1900.433716,    3.000000,  547.558960,  549.979797,   16.575846,    0.878637,  529.849731,  548.237671,  463.002502,  476.303040,      3466,          524288,000,001,000001
000, 454426624,    3466, 1899.979126,    3.000000,  548.045776,  550.026550,   16.569607,    0.919360,  530.356079,  548.268066,  463.338409,  476.278442,      3467,          524288,000,002,000001
