tid,loop_in_cs,lock_acquires,lock_hold(ms),total_duration(s),wait_acq(ms),wait_rel(ms),lwait_acq, lwait_rel,gwait_acq,gwait_rel,glock_tries,array_size(B),client_id,run
000,   1099323, 1099323,   10.545789,   30.000000,15019.164062, 7459.741211,   43.678036,  145.243896,14850.257812, 7235.291992,   2240912,               0,000,000
000,   1115073, 1115073,   10.653610,   30.000000,15013.620117, 7465.036621,   44.237885,  147.133362,14842.665039, 7237.562012,   2271180,               0,000,001
000,   1086141, 1086141,   10.428975,   30.000000,15029.803711, 7449.303223,   43.208115,  143.647064,14862.810547, 7227.132812,   2216556,               0,000,002
000,   1147078, 1147078,   11.772613,   30.000000,15096.070312, 7379.281738,   47.082100,  155.788895,14918.187500, 7140.950195,   2363911,               0,001,000
000,   1143427, 1143427,   11.720126,   30.000000,15093.623047, 7382.527344,   46.843616,  155.139496,14916.392578, 7145.690430,   2357439,               0,001,001
000,   1145435, 1145435,   11.740816,   30.000000,15085.419922, 7390.380859,   46.992741,  155.353165,14908.065430, 7153.276855,   2358097,               0,001,002
