tid,loop_in_cs,lock_acquires,lock_hold(ms),total_duration(s),wait_acq(ms),wait_rel(ms),lwait_acq, lwait_rel,gwait_acq,gwait_rel,glock_tries,array_size(B),client_id,run
000, 254571555,254571555, 2425.457520,   30.000000, 9052.624023, 8596.821289,    0.000000,    0.000000,    0.000000,    0.000000,         0,               0,000,000
000, 254574289,254574289, 2423.851562,   30.000000, 9054.023438, 8598.306641,    0.000000,    0.000000,    0.000000,    0.000000,         0,               0,000,001
000, 254572840,254572840, 2424.649658,   30.000000, 9053.364258, 8597.647461,    0.000000,    0.000000,    0.000000,    0.000000,         0,               0,000,002
