tid,loop_in_cs,lock_acquires,lock_hold(ms),total_duration(s),wait_acq(ms),wait_rel(ms),lwait_acq, lwait_rel,gwait_acq,gwait_rel,glock_tries,array_size(B),client_id,run
000,   1646229, 1646229,   15.848125,   30.000000,11325.218750,11142.912109,   83.924072,  162.988708,11057.569336,10867.180664,   1646229,               0,000,000
000,   1643008, 1643008,   15.802092,   30.000000,11326.620117,11141.655273,   83.578812,  162.652924,11059.924805,10866.405273,   1643008,               0,000,001
000,   1642793, 1642793,   15.663171,   30.000000,11290.467773,11178.006836,   83.371330,  164.295593,11024.189453,10901.207031,   1642793,               0,000,002
