tid,loop_in_cs,lock_acquires,lock_hold(ms),total_duration(s),wait_acq(ms),wait_rel(ms),lwait_acq, lwait_rel,gwait_acq,gwait_rel,glock_tries,array_size(B),client_id,run
000,   1087276, 1087276,   10.202473,   30.000000,15045.396484, 7432.230957,   40.819180,   45.936760,14882.351562, 7268.183105,   2216547,               0,000,000
000,   1092108, 1092108,   10.215846,   30.000000,15045.536133, 7431.900391,   40.595852,   46.034145,14882.808594, 7267.066895,   2227732,               0,000,001
000,   1087127, 1087127,   10.166803,   30.000000,15057.972656, 7419.739746,   40.556961,   45.807941,14895.756836, 7255.545410,   2222279,               0,000,002
000,   1155564, 1155564,   10.963798,   30.000000,15144.534180, 7331.679199,   46.159149,   51.249737,14966.006836, 7151.003418,   2383086,               0,001,000
000,   1156088, 1156088,   10.969108,   30.000000,15138.662109, 7337.532715,   46.209808,   51.235088,14960.097656, 7156.464844,   2383685,               0,001,001
000,   1152211, 1152211,   10.968595,   30.000000,15111.683594, 7364.057617,   45.967220,   51.042225,14935.340820, 7183.832520,   2376348,               0,001,002
