tid,loop_in_cs,lock_acquires,lock_hold(ms),total_duration(s),wait_acq(ms),wait_rel(ms),lwait_acq, lwait_rel,gwait_acq,gwait_rel,glock_tries,array_size(B),client_id,run
000,   1619990, 1619990,   15.319062,   30.000000,11265.301758,11203.422852,   63.195122,   69.789383,11017.252930,10952.439453,   1619990,               0,000,000
000,   1595371, 1595371,   14.939893,   30.000000,11261.421875,11208.081055,   62.024166,   67.864021,11018.084961,10961.359375,   1595371,               0,000,001
000,   1601355, 1601355,   14.996215,   30.000000,11266.550781,11202.806641,   62.215271,   67.932533,11022.495117,10956.188477,   1601355,               0,000,002
