tid,total_duration(s),min_slock_hold,med,max,min_swait_acq,med,max,min_swait_rel,med,max,min_slwait_acq,med,max,min_slwait_rel,med,max,min_sgwait_acq,med,max,min_sgwait_rel,med,max,min_sdata_read,med,max,min_sdata_write,med,max,min_sglock_tries,med,max,array_size(B),client_id
000,10.0, 0.000015000, 0.000016667, 0.003441667, 0.009125000, 0.019275000, 0.107144997, 0.008273333, 0.009611666, 0.084639996, 0.000046667, 0.000050000, 0.000103333, 0.000071667, 0.000093333, 0.003976667, 0.008918334, 0.019043334, 0.106916666, 0.008041667, 0.009365000, 0.084278330, 0.000041667, 0.000044167, 0.003590000, 0.000025000, 0.000026667, 0.000038333, 1.000000000, 2.000000000,11.000000000,               0,001
000,10.0, 0.000015000, 0.000016667, 0.000069583, 0.008731667, 0.019200001, 0.088895001, 0.008482084, 0.009540834, 0.020145833, 0.000046667, 0.000053333, 0.009460833, 0.000071667, 0.000096667, 0.009522083, 0.008490000, 0.018962083, 0.088578753, 0.008248333, 0.009292916, 0.019784583, 0.000041667, 0.000046667, 0.009542083, 0.000025000, 0.000027083, 0.000041667, 1.000000000, 2.000000000, 9.000000000,               0,000
000,10.0, 0.000015000, 0.000016667, 0.000075000, 0.009068334, 0.019268334, 0.106896669, 0.008385000, 0.009596666, 0.028596668, 0.000046667, 0.000050000, 0.003585000, 0.000070000, 0.000093333, 0.004025000, 0.008830000, 0.019036667, 0.106603332, 0.008153333, 0.009353333, 0.028320000, 0.000041667, 0.000043333, 0.003618333, 0.000025000, 0.000026667, 0.000038333, 1.000000000, 2.000000000,11.000000000,               0,001
000,10.0, 0.000015000, 0.000016667, 0.000085000, 0.008525000, 0.019165417, 0.106661253, 0.008440000, 0.009520000, 0.020085000, 0.000046667, 0.000053333, 0.003715000, 0.000071667, 0.000095000, 0.009467500, 0.008310000, 0.018932501, 0.106421247, 0.008205000, 0.009271666, 0.019716667, 0.000041667, 0.000046667, 0.000166250, 0.000025000, 0.000027083, 0.000041667, 1.000000000, 2.000000000,11.000000000,               0,000
000,10.0, 0.000015000, 0.000016667, 0.000080000, 0.008856666, 0.019376667, 0.116923332, 0.008558333, 0.009640000, 0.021191666, 0.000046667, 0.000050000, 0.003736667, 0.000071667, 0.000095000, 0.000156667, 0.008643333, 0.019130001, 0.116696663, 0.008336667, 0.009390000, 0.020863334, 0.000041667, 0.000044583, 0.000180000, 0.000025000, 0.000026667, 0.000040000, 1.000000000, 2.000000000,12.000000000,               0,001
