tid,loop_in_cs,lock_acquires,lock_hold(ms),total_duration(s),wait_acq(ms),wait_rel(ms),lwait_acq,lwait_rel,gwait_acq,gwait_rel,data_read,data_write,glock_tries,array_size(B),client_id,run
000,    405328,  405328,    7.497923,   10.000000, 6691.967773, 3289.228271,   30.616407,   28.229240, 6633.705566, 3232.369629,   19.851721,   11.355885,    828914,               0,000,000
000,    405625,  405625,    7.391777,   10.000000, 6697.148926, 3284.395020,   30.620880,   28.299107, 6638.921875, 3227.427002,   19.756107,   11.361184,    831207,               0,000,001
000,    403648,  403648,    7.377344,   10.000000, 6704.302246, 3277.192383,   30.468281,   28.063919, 6646.535645, 3220.606934,   19.688351,   11.303484,    830336,               0,000,002
000,    404525,  404525,    7.482340,   10.000000, 6694.296875, 3287.322266,   30.491289,   29.045780, 6636.216797, 3229.056152,   19.718903,   11.346216,    822757,               0,001,000
000,    404847,  404847,    7.383682,   10.000000, 6689.277344, 3292.685547,   30.477623,   29.557547, 6631.243652, 3234.194336,   19.607336,   11.347556,    823500,               0,001,001
000,    402779,  402779,    7.335322,   10.000000, 6681.058594, 3301.013916,   30.345976,   29.053310, 6623.356445, 3243.142578,   19.526501,   11.309014,    821104,               0,001,002
