tid,loop_in_cs,lock_acquires,lock_hold(ms),total_duration(s),wait_acq(ms),wait_rel(ms),lwait_acq,lwait_rel,gwait_acq,gwait_rel,data_read,data_write,glock_tries,array_size(B),client_id,run
000,    607784,  607784,   11.141433,   10.000000, 5021.111816, 4951.673828,   46.005402,   40.718586, 4935.545410, 4869.462402,   29.966734,   16.989916,    607784,               0,000,000
000,    607582,  607582,   11.054261,   10.000000, 5024.697754, 4948.668945,   45.977669,   40.535313, 4939.406738, 4867.261230,   29.782097,   16.964399,    607582,               0,000,001
000,    606991,  606991,   10.992488,   10.000000, 5024.184570, 4949.381348,   45.925095,   40.693375, 4938.907715, 4868.095703,   29.727476,   16.965626,    606991,               0,000,002
