tid,loop_in_cs,lock_acquires,lock_hold(ms),total_duration(s),wait_acq(ms),wait_rel(ms),lwait_acq,lwait_rel,gwait_acq,gwait_rel,data_read,data_write,glock_tries,array_size(B),client_id,run
000,    341875,  341875,    6.444403,   10.000000, 6717.521484, 3265.219238,   16.741522,   27.470276, 6674.461914, 3204.006592,   21.368893,    9.352085,    707142,               0,000,000
000,    339484,  339484,    6.053798,   10.000000, 6711.443359, 3272.482178,   16.646204,   27.731871, 6668.156738, 3209.409180,   21.974930,    9.307550,    699912,               0,000,001
000,    339905,  339905,    6.072175,   10.000000, 6706.908691, 3276.929443,   16.712103,   27.791533, 6663.604492, 3214.367920,   21.936052,    9.318985,    699454,               0,000,002
000,    334298,  334298,    6.341137,   10.000000, 6693.793457, 3290.027832,   16.442764,   28.466070, 6649.972656, 3224.080322,   24.100281,    9.194369,    684317,               0,001,000
000,    335868,  335868,    5.967488,   10.000000, 6697.272949, 3287.697266,   16.508774,   28.273506, 6654.186523, 3223.535400,   22.885891,    9.228017,    688221,               0,001,001
000,    338809,  338809,    5.995204,   10.000000, 6698.340820, 3286.481201,   16.567266,   28.002096, 6656.018555, 3225.330322,   21.636009,    9.278807,    695382,               0,001,002
