tid,loop_in_cs,lock_acquires,lock_hold(ms),total_duration(s),wait_acq(ms),wait_rel(ms),lwait_acq, lwait_rel,gwait_acq,gwait_rel,glock_tries,array_size(B),client_id,run
000,   1606723, 1606723,   15.141718,   30.000000,11293.659180,11175.613281,   61.878605,  213.160355,11047.118164,10852.795898,   1606723,               0,000,000
000,   1603991, 1603991,   15.083540,   30.000000,11294.225586,11175.229492,   61.683434,  212.301437,11048.669922,10853.543945,   1603991,               0,000,001
000,   1605292, 1605292,   15.044127,   30.000000,11296.172852,11173.309570,   61.712696,  212.311203,11050.491211,10851.953125,   1605292,               0,000,002
