tid,loop_in_cs,lock_acquires,lock_hold(ms),total_duration(s),wait_acq(ms),wait_rel(ms),lwait_acq, lwait_rel,gwait_acq,gwait_rel,glock_tries,array_size(B),client_id,run
000,   1055398, 1055398,    9.929185,   30.000000,15089.944336, 7389.993652,   31.686018,   56.067261,14936.440430, 7220.148926,   2164614,               0,000,000
000,   1046900, 1046900,    9.819486,   30.000000,15085.108398, 7395.088867,   31.430977,   55.697670,14932.801758, 7226.797363,   2148491,               0,000,001
000,   1059584, 1059584,    9.910518,   30.000000,15087.295898, 7392.683594,   31.796967,   56.250263,14933.046875, 7222.564941,   2175470,               0,000,002
000,   1152215, 1152215,   11.289013,   30.000000,15097.655273, 7379.301270,   33.454758,   52.342216,14933.265625, 7200.463379,   2366813,               0,001,000
000,   1149049, 1149049,   10.912786,   30.000000,15094.907227, 7382.619629,   33.429489,   52.162109,14932.118164, 7204.733398,   2363948,               0,001,001
000,   1150299, 1150299,   10.895944,   30.000000,15090.788086, 7386.739746,   33.446564,   52.082394,14927.291016, 7208.546387,   2362680,               0,001,002
