tid,total_duration(s),min_slock_hold,med,max,min_swait_acq,med,max,min_swait_rel,med,max,min_slwait_acq,med,max,min_slwait_rel,med,max,min_sgwait_acq,med,max,min_sgwait_rel,med,max,min_sdata_read,med,max,min_sdata_write,med,max,min_sglock_tries,med,max,array_size(B),client_id
000,10.0, 0.000015000, 0.000016667, 0.000078333, 0.008670000, 0.009591667, 0.020025000, 0.008433334, 0.009435000, 0.032823332, 0.000060000, 0.000070000, 0.000083333, 0.000073333, 0.000093333, 0.003653333, 0.008438333, 0.009351667, 0.019787082, 0.008211667, 0.009193750, 0.032227501, 0.000041667, 0.000048333, 0.000171667, 0.000025000, 0.000026667, 0.003246250, 1.000000000, 1.000000000, 1.000000000,               0,000
000,10.0, 0.000015000, 0.000016667, 0.000078333, 0.008630000, 0.009590000, 0.021658333, 0.008581666, 0.009420000, 0.024001667, 0.000060000, 0.000071667, 0.003251667, 0.000073333, 0.000091667, 0.003955000, 0.008405000, 0.009349584, 0.021401666, 0.008345000, 0.009178333, 0.023523333, 0.000041667, 0.000048333, 0.004005000, 0.000025000, 0.000026667, 0.003120000, 1.000000000, 1.000000000, 1.000000000,               0,000
000,10.0, 0.000015000, 0.000016667, 0.000081667, 0.008601666, 0.009568334, 0.020683333, 0.008470000, 0.009420000, 0.021176666, 0.000060000, 0.000073333, 0.000115833, 0.000073333, 0.000091667, 0.004288333, 0.008371667, 0.009326667, 0.020323334, 0.008246667, 0.009181667, 0.020383334, 0.000041667, 0.000048333, 0.003323333, 0.000025000, 0.000026667, 0.000045000, 1.000000000, 1.000000000, 1.000000000,               0,000
