tid,loop_in_cs,lock_acquires,lock_hold(ms),total_duration(s),wait_acq(ms),wait_rel(ms),lwait_acq,lwait_rel,gwait_acq,gwait_rel,data_read,data_write,glock_tries,array_size(B),client_id,run
000,    402910,  402910,    7.459862,   10.000000, 6678.520508, 3302.805664,   33.397011,   29.924427, 6617.814453, 3243.613770,   19.689817,   11.350899,    822408,               0,000,000
000,    403328,  403328,    7.347106,   10.000000, 6679.483887, 3302.134277,   33.428196,   31.222887, 6618.642578, 3241.473877,   19.595301,   11.361368,    823866,               0,000,001
000,    404310,  404310,    7.376977,   10.000000, 6676.551758, 3305.043457,   33.554100,   30.047764, 6615.641602, 3245.716064,   19.677700,   11.387727,    824300,               0,000,002
000,    403675,  403675,    7.482298,   10.000000, 6706.395508, 3275.507324,   31.992397,   28.057426, 6646.680176, 3218.392822,   19.754400,   11.488383,    829562,               0,001,000
000,    404284,  404284,    7.366032,   10.000000, 6705.229980, 3277.023926,   31.977676,   27.846760, 6645.842773, 3220.294434,   19.651436,   11.508590,    830245,               0,001,001
000,    405047,  405047,    7.381014,   10.000000, 6708.076660, 3274.130371,   32.059681,   28.040216, 6648.370117, 3217.155029,   19.711317,   11.512340,    832780,               0,001,002
