tid,loop_in_cs,lock_acquires,lock_hold(ms),total_duration(s),wait_acq(ms),wait_rel(ms),lwait_acq, lwait_rel,gwait_acq,gwait_rel,glock_tries,array_size(B),client_id,run
000,   1085001, 1085001,   10.303174,   30.000000,15052.547852, 7426.331055,   48.665359,  106.436478,14880.308594, 7243.304199,   2215235,               0,000,000
000,   1081006, 1081006,   10.124839,   30.000000,15065.754883, 7413.647949,   48.373089,  105.359543,14894.871094, 7232.337402,   2210548,               0,000,001
000,   1081822, 1081822,   10.094893,   30.000000,15065.352539, 7414.206055,   48.392464,  106.121902,14894.299805, 7232.176758,   2212644,               0,000,002
000,   1170309, 1170309,   10.976334,   30.000000,15136.331055, 7340.830566,   49.178204,  112.865738,14955.489258, 7144.929199,   2412796,               0,001,000
000,   1167203, 1167203,   10.848140,   30.000000,15109.968750, 7367.213379,   48.749760,  112.624008,14930.617188, 7171.662109,   2408715,               0,001,001
000,   1166898, 1166898,   10.888874,   30.000000,15115.471680, 7362.031250,   48.768253,  112.087784,14931.823242, 7167.740234,   2409558,               0,001,002
