tid,loop_in_cs,lock_acquires,lock_hold(ms),total_duration(s),wait_acq(ms),wait_rel(ms),lwait_acq, lwait_rel,gwait_acq,gwait_rel,glock_tries,array_size(B),client_id,run
000,   1641055, 1641055,   15.545796,   30.000000,11306.066406,11162.557617,   76.726730,  154.170029,11044.897461,10896.238281,   1641055,               0,000,000
000,   1640109, 1640109,   15.289152,   30.000000,11294.179688,11174.878906,   76.143990,  153.278015,11035.126953,10909.844727,   1640109,               0,000,001
000,   1629323, 1629323,   15.300568,   30.000000,11278.528320,11190.504883,   75.626183,  151.357056,11021.817383,10927.999023,   1629323,               0,000,002
