tid,loop_in_cs,lock_acquires,lock_hold(ms),total_duration(s),wait_acq(ms),wait_rel(ms),lwait_acq, lwait_rel,gwait_acq,gwait_rel,glock_tries,array_size(B),client_id,run
000, 251423693,251423693, 2394.917480,   30.000000,11317.035156, 6393.498047,    0.000000,    0.000000,    0.000000,    0.000000,         0,               0,000,000
000, 251425920,251425920, 2394.930176,   30.000000,11317.219727, 6393.168457,    0.000000,    0.000000,    0.000000,    0.000000,         0,               0,000,001
000, 251425312,251425312, 2394.597168,   30.000000,11317.440430, 6393.166504,    0.000000,    0.000000,    0.000000,    0.000000,         0,               0,000,002
