tid,loop_in_cs,lock_acquires,lock_hold(ms),total_duration(s),wait_acq(ms),wait_rel(ms),lwait_acq,lwait_rel,gwait_acq,gwait_rel,data_read,data_write,glock_tries,array_size(B),client_id,run
000,    505828,  505828,    9.017730,   10.000000, 5033.016113, 4944.831543,   27.363199,   42.387886, 4966.430664, 4849.352051,   35.895981,   13.484502,    505828,               0,000,000
000,    505381,  505381,    8.666098,   10.000000, 5030.789551, 4948.152344,   27.303543,   42.436474, 4964.473633, 4852.545898,   35.815224,   13.473112,    505381,               0,000,001
000,    505336,  505336,    8.678898,   10.000000, 5031.967285, 4946.983398,   27.376030,   42.387989, 4965.621094, 4851.436523,   35.847332,   13.466162,    505336,               0,000,002
