tid,loop_in_cs,lock_acquires,lock_hold(ms),total_duration(s),wait_acq(ms),wait_rel(ms),lwait_acq,lwait_rel,gwait_acq,gwait_rel,data_read,data_write,glock_tries,array_size(B),client_id,run
000,    339668,  339668,    6.391221,   10.000000, 6684.664551, 3298.194580,   19.705473,   33.437138, 6637.281738, 3228.095703,   23.723303,    9.357117,    693833,               0,000,000
000,    340068,  340068,    6.094281,   10.000000, 6686.350098, 3297.443604,   19.698204,   33.446045, 6639.266602, 3227.701660,   23.454082,    9.376801,    694853,               0,000,001
000,    340965,  340965,    6.127260,   10.000000, 6688.991211, 3294.756592,   19.726877,   33.329247, 6642.228027, 3226.232178,   22.855061,    9.403955,    697417,               0,000,002
000,    336575,  336575,    6.202280,   10.000000, 6681.167969, 3303.507812,   18.105526,   33.313644, 6635.527344, 3226.680908,   21.081228,    9.095077,    688570,               0,001,000
000,    337410,  337410,    5.921280,   10.000000, 6683.220703, 3302.540771,   18.137558,   33.116081, 6638.038086, 3226.637939,   20.713579,    9.122307,    690097,               0,001,001
000,    336716,  336716,    5.928361,   10.000000, 6679.788086, 3305.919434,   18.105989,   33.204575, 6634.844238, 3229.422607,   20.865458,    9.108912,    688377,               0,001,002
