tid,loop_in_cs,lock_acquires,lock_hold(ms),total_duration(s),wait_acq(ms),wait_rel(ms),lwait_acq,lwait_rel,gwait_acq,gwait_rel,data_read,data_write,glock_tries,array_size(B),client_id,run
000,    507180,  507180,    9.201613,   10.000000, 5014.878906, 4963.123047,   34.072613,   64.409042, 4945.772949, 4863.088379,   29.138224,   13.540218,    507180,               0,000,000
000,    508605,  508605,    8.883233,   10.000000, 5016.872070, 4962.371094,   34.214882,   63.555813, 4948.108398, 4863.608398,   28.282400,   13.563960,    508605,               0,000,001
000,    509192,  509192,    8.897073,   10.000000, 5017.354492, 4961.813477,   34.230103,   63.697594, 4948.490723, 4863.225586,   28.300247,   13.585190,    509192,               0,000,002
