tid,loop_in_cs,lock_acquires,lock_hold(ms),total_duration(s),wait_acq(ms),wait_rel(ms),lwait_acq,lwait_rel,gwait_acq,gwait_rel,data_read,data_write,glock_tries,array_size(B),client_id,run
000,    337467,  337467,    6.254911,   10.000000, 6691.974609, 3292.375977,   21.808323,   45.554695, 6644.920410, 3218.191895,   19.285994,    9.412516,    690343,               0,000,000
000,    337564,  337564,    5.869365,   10.000000, 6693.002930, 3292.551025,   21.811234,   45.212143, 6646.232910, 3219.315918,   18.726151,    9.387179,    690584,               0,000,001
000,    337353,  337353,    5.883146,   10.000000, 6695.456543, 3290.085449,   21.782175,   45.007210, 6648.673828, 3218.079834,   18.615589,    9.384982,    690743,               0,000,002
000,    340913,  340913,    6.270714,   10.000000, 6702.229980, 3282.180176,   22.720884,   42.729980, 6654.876465, 3210.173828,   20.241543,    9.220520,    698357,               0,001,000
000,    341386,  341386,    5.927869,   10.000000, 6702.825684, 3282.647705,   22.824926,   42.663795, 6655.720703, 3211.113525,   19.872435,    9.234522,    699046,               0,001,001
000,    341146,  341146,    5.955887,   10.000000, 6701.778320, 3283.644043,   22.839293,   42.489258, 6654.651855, 3213.013428,   19.896822,    9.224745,    698179,               0,001,002
