tid,loop_in_cs,lock_acquires,lock_hold(ms),total_duration(s),wait_acq(ms),wait_rel(ms),lwait_acq, lwait_rel,gwait_acq,gwait_rel,glock_tries,array_size(B),client_id,run
000, 257261513,257261513, 2450.354004,   30.000000, 8836.245117, 8763.062500,    0.000000,    0.000000,    0.000000,    0.000000,         0,               0,000,000
000, 257263629,257263629, 2450.384766,   30.000000, 8836.128906, 8763.076172,    0.000000,    0.000000,    0.000000,    0.000000,         0,               0,000,001
000, 257263662,257263662, 2450.341553,   30.000000, 8835.965820, 8763.341797,    0.000000,    0.000000,    0.000000,    0.000000,         0,               0,000,002
