tid,loop_in_cs,lock_acquires,lock_hold(ms),total_duration(s),wait_acq(ms),wait_rel(ms),lwait_acq,lwait_rel,gwait_acq,gwait_rel,data_read,data_write,glock_tries,array_size(B),client_id,run
000,    510792,  510792,    9.274256,   10.000000, 5045.461914, 4931.061523,   48.006313,   56.747681, 4960.510254, 4835.391113,   37.220215,   13.610061,    510792,               0,000,000
000,    511387,  511387,    8.961549,   10.000000, 5045.625488, 4931.760742,   48.191917,   56.457081, 4960.910645, 4836.846680,   36.840332,   13.630188,    511387,               0,000,001
000,    511491,  511491,    8.989656,   10.000000, 5046.470703, 4931.023926,   48.205666,   56.477180, 4961.732422, 4837.800293,   36.850395,   13.607583,    511491,               0,000,002
