tid,loop_in_cs,lock_acquires,lock_hold(ms),total_duration(s),wait_acq(ms),wait_rel(ms),lwait_acq,lwait_rel,gwait_acq,gwait_rel,data_read,data_write,glock_tries,array_size(B),client_id,run
000,    336032,  336032,    6.323676,   10.000000, 6701.159668, 3283.348145,   30.937590,   46.314285, 6644.431152, 3209.303711,   20.584604,    9.039773,    690656,               0,000,000
000,    340003,  340003,    6.017032,   10.000000, 6705.109375, 3280.386719,   31.158367,   43.736355, 6649.515625, 3210.211914,   19.051514,    9.083484,    698753,               0,000,001
000,    336663,  336663,    5.988696,   10.000000, 6700.028809, 3285.509521,   31.080126,   45.271633, 6643.913086, 3214.438477,   19.642517,    9.071275,    691428,               0,000,002
000,    330350,  330350,    6.258181,   10.000000, 6677.541016, 3306.176025,   29.312321,   44.092785, 6619.859375, 3231.861572,   25.289473,    9.401419,    676404,               0,001,000
000,    333474,  333474,    5.930054,   10.000000, 6677.844238, 3306.893066,   29.573891,   42.566925, 6621.094727, 3235.249268,   23.031878,    9.449774,    682439,               0,001,001
000,    332548,  332548,    5.919498,   10.000000, 6680.166016, 3304.624268,   29.484632,   42.842415, 6623.294922, 3233.647949,   23.185091,    9.442063,    681075,               0,001,002
