tid,wait_acq(ms),wait_rel(ms),client_id,run
000, 23.336420, 48.996120,000,000
000, 25.631817, 49.325508,000,001
