tid,wait_acq(ms),wait_rel(ms),client_id,run
000, 19.816919, 43.477161,000,000
000, 20.365610, 43.009174,000,001
