tid,loop_in_cs,lock_acquires,lock_hold(ms),total_duration(s),wait_acq(ms),wait_rel(ms),lwait_acq, lwait_rel,gwait_acq,gwait_rel,glock_tries,array_size(B),client_id,run
000,    792086,  792086,    7.536226,   30.000000,16928.000000, 5556.694824,   29.153748,   38.700005,16807.437500, 5430.799805,   2433045,               0,000,000
000,    786510,  786510,    7.462382,   30.000000,16933.265625, 5551.640137,   29.208607,   37.931831,16813.863281, 5427.520508,   2416745,               0,000,001
000,    788921,  788921,    7.498060,   30.000000,16932.972656, 5551.858398,   30.172581,   37.791180,16812.515625, 5427.555176,   2423929,               0,000,002
000,    849337,  849337,    7.986193,   30.000000,17005.214844, 5477.784180,   36.345570,   47.423466,16873.113281, 5331.104492,   2678407,               0,001,000
000,    848993,  848993,    7.956478,   30.000000,17000.619141, 5482.577148,   35.007980,   47.342236,16869.037109, 5335.734863,   2675448,               0,001,001
000,    849058,  849058,    7.978684,   30.000000,17002.632812, 5480.506348,   35.517147,   47.474579,16869.666016, 5335.342773,   2676307,               0,001,002
000,    797526,  797526,    7.816015,   30.000000,16945.267578, 5537.950684,   30.239241,   34.170418,16824.072266, 5414.373535,   2447960,               0,002,000
000,    792524,  792524,    7.837501,   30.000000,16944.498047, 5538.865723,   30.091513,   34.071571,16823.273438, 5416.204590,   2430445,               0,002,001
000,    791807,  791807,    7.701246,   30.000000,16948.738281, 5534.648926,   30.204535,   34.031441,16827.113281, 5413.232422,   2430782,               0,002,002
