tid,total_duration(s),min_slock_hold,med,max,min_swait_acq,med,max,min_swait_rel,med,max,min_slwait_acq,med,max,min_slwait_rel,med,max,min_sgwait_acq,med,max,min_sgwait_rel,med,max,min_sdata_read,med,max,min_sdata_write,med,max,min_sglock_tries,med,max,array_size(B),client_id
000,10.0, 0.000016667, 0.000017083, 0.000082083, 0.007509583, 0.008258750, 0.018412916, 0.007376667, 0.008088334, 0.017446250, 0.000086250, 0.000096667, 0.003143333, 0.000080000, 0.000090833, 0.002941250, 0.007229583, 0.007991667, 0.018094582, 0.007134583, 0.007846250, 0.017200001, 0.000044167, 0.000050417, 0.000111667, 0.000027083, 0.000027500, 0.000037917, 1.000000000, 1.000000000, 1.000000000,               0,000
000,10.0, 0.000015000, 0.000018333, 0.001549167, 0.007534584, 0.008288750, 0.148117915, 0.007250000, 0.008117917, 0.023418751, 0.000081667, 0.000096667, 0.000122083, 0.000078333, 0.000090833, 0.008303333, 0.007265416, 0.008021250, 0.135530412, 0.007018333, 0.007875834, 0.017240001, 0.000043333, 0.000050417, 0.006259167, 0.000025000, 0.000027500, 0.003682083, 1.000000000, 1.000000000, 1.000000000,               0,000
000,10.0, 0.000016667, 0.000018750, 0.001545000, 0.007455000, 0.008240000, 0.021572500, 0.007347083, 0.008071667, 0.018040000, 0.000086250, 0.000095000, 0.002915833, 0.000080000, 0.000090417, 0.002970417, 0.007189167, 0.007974584, 0.017979167, 0.007109583, 0.007833750, 0.017778751, 0.000044167, 0.000050417, 0.001722083, 0.000027083, 0.000027500, 0.000042083, 1.000000000, 1.000000000, 1.000000000,               0,000
