tid,loop_in_cs,lock_acquires,lock_hold(ms),total_duration(s),wait_acq(ms),wait_rel(ms),lwait_acq,lwait_rel,gwait_acq,gwait_rel,data_read,data_write,glock_tries,array_size(B),client_id,run
000,    491211,  491211,    8.905916,   10.000000, 4856.831543, 5121.554199,   41.208778,  409.132477, 4778.307129, 4669.286133,   33.336262,   13.091733,    491211,               0,000,000
000,    491868,  491868,    8.568207,   10.000000, 4858.632324, 5120.799316,   41.223682,  409.249573, 4780.710938, 4668.964844,   32.596729,   13.080421,    491868,               0,000,001
000,    492373,  492373,    8.592586,   10.000000, 4857.935059, 5121.434570,   41.054798,  409.770355, 4780.265137, 4669.438477,   32.459412,   13.091713,    492373,               0,000,002
