tid,total_duration(s),min_slock_hold,med,max,min_swait_acq,med,max,min_swait_rel,med,max,min_slwait_acq,med,max,min_slwait_rel,med,max,min_sgwait_acq,med,max,min_sgwait_rel,med,max,min_sdata_read,med,max,min_sdata_write,med,max,min_sglock_tries,med,max,array_size(B),client_id
000,10.0, 0.000015000, 0.000017083, 0.000090417, 0.005961667, 0.008202083, 0.021221668, 0.007880000, 0.008775000, 0.018912917, 0.000080000, 0.000088333, 0.000136667, 0.000753333, 0.000800000, 0.010402500, 0.005706667, 0.007943333, 0.020965001, 0.006971667, 0.007817083, 0.017942084, 0.000041667, 0.000048333, 0.000117917, 0.000025000, 0.000027500, 0.000046667, 1.000000000, 1.000000000, 1.000000000,               0,000
000,10.0, 0.000015000, 0.000017083, 0.001570417, 0.007376667, 0.008212917, 0.023555834, 0.007896666, 0.008789167, 0.020590000, 0.000080000, 0.000088333, 0.003281667, 0.000753333, 0.000800000, 0.010470000, 0.007115000, 0.007955000, 0.023254583, 0.006995000, 0.007829583, 0.019588333, 0.000041667, 0.000048333, 0.009640417, 0.000025000, 0.000027500, 0.000048750, 1.000000000, 1.000000000, 1.000000000,               0,000
000,10.0, 0.000015000, 0.000017083, 0.003096667, 0.007346667, 0.008213334, 0.040810417, 0.007871667, 0.008789583, 0.018425001, 0.000080000, 0.000088333, 0.009705417, 0.000753333, 0.000800000, 0.010374167, 0.007095000, 0.007955417, 0.040532500, 0.006950000, 0.007833334, 0.017471250, 0.000040000, 0.000048333, 0.009648333, 0.000025000, 0.000027500, 0.000048333, 1.000000000, 1.000000000, 1.000000000,               0,000
