tid,loop_in_cs,lock_acquires,lock_hold(ms),total_duration(s),wait_acq(ms),wait_rel(ms),lwait_acq, lwait_rel,gwait_acq,gwait_rel,array_size(B),client_id,run
000,    394677,  394677,    3.931891,   30.000000,11316.115234,11171.440430,   19.120235,   37.876606,11254.933594,11087.146484,               0,000,000
000,    393971,  393971,    3.638976,   30.000000,11308.747070,11179.550781,   18.382271,   39.530460,11249.021484,11095.394531,               0,000,001
