tid,total_duration(s),min_slock_hold,med,max,min_swait_acq,med,max,min_swait_rel,med,max,min_slwait_acq,med,max,min_slwait_rel,med,max,min_sgwait_acq,med,max,min_sgwait_rel,med,max,min_sdata_read,med,max,min_sdata_write,med,max,min_sglock_tries,med,max,array_size(B),client_id
000,10.0, 0.000015000, 0.000016667, 0.000086667, 0.008620000, 0.009728333, 0.019201666, 0.008415000, 0.009563750, 0.019916249, 0.000056667, 0.000060000, 0.003538333, 0.000066667, 0.000121667, 0.003895000, 0.008396666, 0.009493333, 0.018933333, 0.008208334, 0.009325000, 0.019566666, 0.000041667, 0.000050000, 0.003770000, 0.000025000, 0.000026667, 0.000046667, 1.000000000, 1.000000000, 1.000000000,               0,000
000,10.0, 0.000015000, 0.000016667, 0.003331667, 0.008400000, 0.009740000, 0.019091666, 0.008501667, 0.009566667, 0.019239999, 0.000056667, 0.000060000, 0.003548333, 0.000066667, 0.000121667, 0.003563333, 0.008171666, 0.009500000, 0.018823333, 0.008293333, 0.009325000, 0.018965000, 0.000041667, 0.000050000, 0.001770000, 0.000025000, 0.000026667, 0.000046667, 1.000000000, 1.000000000, 1.000000000,               0,000
000,10.0, 0.000015000, 0.000016667, 0.000096667, 0.008655000, 0.009713333, 0.019763334, 0.007120000, 0.009548333, 0.022800000, 0.000056667, 0.000060000, 0.003841667, 0.000066667, 0.000121667, 0.000281667, 0.008418334, 0.009481667, 0.019485001, 0.006885000, 0.009310000, 0.022561667, 0.000041667, 0.000050000, 0.003818333, 0.000025000, 0.000026667, 0.003895000, 1.000000000, 1.000000000, 1.000000000,               0,000
