tid,loop_in_cs,lock_acquires,lock_hold(ms),total_duration(s),wait_acq(ms),wait_rel(ms),lwait_acq,lwait_rel,gwait_acq,gwait_rel,data_read,data_write,glock_tries,array_size(B),client_id,run,nlocks
000,  33554432,     127,   36.491833,    1.000000,   40.720081,   59.596920,    0.900831,    0.080416,   39.795773,   59.760414,   36.722225,   57.500778,       213,         1048576,000,000,000032
000,  30146560,     114,   32.971832,    1.000000,   37.181435,   55.811390,    0.825991,    0.059402,   36.769520, 7578.179199,   33.887501,   53.937042,       195,         1048576,001,000,000032
