tid,total_duration(s),min_slock_hold,med,max,min_swait_acq,med,max,min_swait_rel,med,max,min_slwait_acq,med,max,min_slwait_rel,med,max,min_sgwait_acq,med,max,min_sgwait_rel,med,max,min_sdata_read,med,max,min_sdata_write,med,max,min_sglock_tries,med,max,array_size(B),client_id
000,10.0, 0.000015000, 0.000017083, 0.003448333, 0.007361667, 0.008260833, 0.018097084, 0.007330000, 0.008137084, 0.037140835, 0.000080000, 0.000090417, 0.003203333, 0.000075000, 0.000088333, 0.009526666, 0.007116667, 0.008000000, 0.017828749, 0.007103333, 0.007903334, 0.036741249, 0.000041667, 0.000048333, 0.003452500, 0.000025000, 0.000027500, 0.003448333, 1.000000000, 1.000000000, 1.000000000,               0,000
000,10.0, 0.000015000, 0.000017083, 0.003631667, 0.007401667, 0.008267500, 0.172924161, 0.007290000, 0.008138750, 0.029063333, 0.000080000, 0.000090417, 0.003023333, 0.000075000, 0.000088333, 0.009510417, 0.007143334, 0.008006250, 0.158610836, 0.007048334, 0.007905000, 0.028768333, 0.000041667, 0.000048333, 0.008136666, 0.000025000, 0.000027500, 0.000058750, 1.000000000, 1.000000000, 1.000000000,               0,000
000,10.0, 0.000016667, 0.000018750, 0.001530417, 0.007560000, 0.008277500, 0.021364167, 0.007387500, 0.008143334, 0.020800000, 0.000084167, 0.000090833, 0.003895000, 0.000077917, 0.000088333, 0.003922083, 0.007292917, 0.008014583, 0.019227499, 0.007153750, 0.007909583, 0.020509584, 0.000044167, 0.000048333, 0.001888333, 0.000027083, 0.000027500, 0.000046250, 1.000000000, 1.000000000, 1.000000000,               0,000
