tid,total_duration(s),min_slock_hold,med,max,min_swait_acq,med,max,min_swait_rel,med,max,min_slwait_acq,med,max,min_slwait_rel,med,max,min_sgwait_acq,med,max,min_sgwait_rel,med,max,min_sdata_read,med,max,min_sdata_write,med,max,min_sglock_tries,med,max,array_size(B),client_id
000,10.0, 0.000016667, 0.000017083, 0.003000000, 0.007608333, 0.016082084, 0.103052497, 0.007381250, 0.008088334, 0.022728333, 0.000084167, 0.000088333, 0.003010833, 0.000075417, 0.000084583, 0.002991667, 0.007345000, 0.015820833, 0.102740832, 0.007134583, 0.007850833, 0.022437917, 0.000044167, 0.000048333, 0.008770416, 0.000027083, 0.000027500, 0.000042083, 1.000000000, 2.000000000, 7.000000000,               0,001
000,10.0, 0.000016667, 0.000017917, 0.000077917, 0.007566250, 0.016122084, 0.043997917, 0.006113750, 0.008113750, 0.021797501, 0.000084167, 0.000088333, 0.003545417, 0.000075417, 0.000084167, 0.000217083, 0.007301250, 0.015861250, 0.043711666, 0.005837917, 0.007880000, 0.021513751, 0.000044167, 0.000048333, 0.003726250, 0.000027083, 0.000027500, 0.002970417, 1.000000000, 2.000000000, 5.000000000,               0,001
000,10.0, 0.000016667, 0.000018750, 0.003667500, 0.007614583, 0.016204167, 0.214469582, 0.005391667, 0.008204167, 0.024665417, 0.000084167, 0.000088750, 0.003092917, 0.000075833, 0.000084167, 0.008334584, 0.007328333, 0.015941249, 0.200088754, 0.005151667, 0.007968750, 0.017686250, 0.000044167, 0.000048333, 0.008056667, 0.000027083, 0.000029583, 0.000056667, 1.000000000, 2.000000000, 5.000000000,               0,000
000,10.0, 0.000016667, 0.000017083, 0.000094583, 0.007635833, 0.016117917, 0.221345410, 0.007387500, 0.008101250, 0.017661249, 0.000084167, 0.000088333, 0.003086250, 0.000075833, 0.000084167, 0.003570833, 0.007366250, 0.015856666, 0.221023336, 0.007138750, 0.007869584, 0.017429167, 0.000044167, 0.000048333, 0.003457083, 0.000027083, 0.000027500, 0.000037917, 1.000000000, 2.000000000,26.000000000,               0,001
