tid,loop_in_cs,lock_acquires,lock_hold(ms),total_duration(s),wait_acq(ms),wait_rel(ms),lwait_acq, lwait_rel,gwait_acq,gwait_rel,array_size(B),client_id,run
000,    376252,  376252,    3.722835,   30.000000,11408.535156,11081.906250,   29.056938,   49.935291,11331.123047,11000.810547,               0,000,000
000,    371703,  371703,    3.889452,   30.000000,11381.716797,11108.354492,   29.276600,   51.360199,11303.641602,11025.388672,               0,000,001
