tid,total_duration(s),min_slock_hold,med,max,min_swait_acq,med,max,min_swait_rel,med,max,min_slwait_acq,med,max,min_slwait_rel,med,max,min_sgwait_acq,med,max,min_sgwait_rel,med,max,min_sdata_read,med,max,min_sdata_write,med,max,min_sglock_tries,med,max,array_size(B),client_id
000,10.0, 0.000015000, 0.000018333, 0.000075833, 0.007608333, 0.008290417, 0.022444583, 0.007302917, 0.008044166, 0.018202083, 0.000133333, 0.000145417, 0.003795417, 0.000066667, 0.000075833, 0.003705000, 0.007275833, 0.007966250, 0.017447917, 0.007084167, 0.007816667, 0.017911667, 0.000052500, 0.000057083, 0.003515833, 0.000025000, 0.000027500, 0.003431667, 1.000000000, 1.000000000, 1.000000000,               0,000
000,10.0, 0.000015000, 0.000017083, 0.001578750, 0.007470000, 0.008277916, 0.022873750, 0.007271667, 0.008080000, 0.153799996, 0.000133333, 0.000145417, 0.003427083, 0.000066667, 0.000075417, 0.014231250, 0.007161667, 0.007953750, 0.022511667, 0.007058333, 0.007857083, 0.133126244, 0.000051667, 0.000057083, 0.003035833, 0.000025000, 0.000027500, 0.000046667, 1.000000000, 1.000000000, 1.000000000,               0,000
000,10.0, 0.000015000, 0.000017083, 0.004526667, 0.007537083, 0.008286250, 0.024715833, 0.007391250, 0.008095000, 0.018379167, 0.000133333, 0.000145417, 0.003075417, 0.000066667, 0.000075833, 0.000155833, 0.007208333, 0.007960000, 0.024362084, 0.007164167, 0.007867500, 0.018062918, 0.000052500, 0.000057083, 0.001812917, 0.000025000, 0.000027500, 0.000065000, 1.000000000, 1.000000000, 1.000000000,               0,000
