tid,loop_in_cs,lock_acquires,lock_hold(ms),total_duration(s),wait_acq(ms),wait_rel(ms),lwait_acq,lwait_rel,gwait_acq,gwait_rel,data_read,data_write,glock_tries,array_size(B),client_id,run
000,    405578,  405578,    7.509294,   10.000000, 6685.989746, 3295.650391,   20.993509,   27.352386, 6636.866699, 3239.379639,   19.902575,   11.350416,    831286,               0,000,000
000,    405221,  405221,    7.386885,   10.000000, 6688.356934, 3293.697754,   20.955233,   27.350586, 6639.466797, 3237.421387,   19.742233,   11.332891,    831741,               0,000,001
000,    404605,  404605,    7.403053,   10.000000, 6685.697266, 3296.313965,   20.976944,   27.407858, 6636.836914, 3240.084229,   19.717291,   11.491187,    829595,               0,000,002
000,    404709,  404709,    7.486889,   10.000000, 6711.966309, 3269.885498,   20.910244,   29.463474, 6663.372559, 3211.429932,   20.851892,   12.579610,    830798,               0,001,000
000,    404306,  404306,    7.373782,   10.000000, 6707.070312, 3275.144775,   20.898741,   29.276274, 6658.593750, 3217.189941,   20.781691,   12.558845,    827792,               0,001,001
000,    403774,  403774,    7.352588,   10.000000, 6710.339844, 3271.916260,   20.865267,   29.777727, 6662.075195, 3213.324707,   20.862925,   12.538507,    827962,               0,001,002
