tid,loop_in_cs,lock_acquires,lock_hold(ms),total_duration(s),wait_acq(ms),wait_rel(ms),lwait_acq,lwait_rel,gwait_acq,gwait_rel,data_read,data_write,glock_tries,array_size(B),client_id,run
000,    610324,  610324,   10.876739,   10.000000, 5036.353516, 4937.031738,   31.146753,   40.784538, 4965.123535, 4855.098633,   29.509594,   16.703159,    610324,               0,000,000
000,    613543,  613543,   10.906201,   10.000000, 5036.900879, 4936.559082,   31.234900,   40.908253, 4965.540527, 4854.402344,   29.629807,   16.801716,    613543,               0,000,001
000,    611189,  611189,   10.790720,   10.000000, 5037.881348, 4935.861328,   31.164671,   40.792412, 4966.794434, 4854.286621,   29.416220,   16.718723,    611189,               0,000,002
