tid,loop_in_cs,lock_acquires,lock_hold(ms),total_duration(s),wait_acq(ms),wait_rel(ms),lwait_acq,lwait_rel,gwait_acq,gwait_rel,data_read,data_write,glock_tries,array_size(B),client_id,run
000,    400834,  400834,    7.306354,   10.000000, 6679.857422, 3301.395264,   36.225719,   36.189644, 6616.724121, 3237.766357,   20.063528,   10.987697,    814678,               0,000,000
000,    400739,  400739,    7.190632,   10.000000, 6681.019531, 3300.624756,   36.244099,   36.277901, 6618.020508, 3237.191650,   19.723225,   10.982735,    814891,               0,000,001
000,    400674,  400674,    7.136095,   10.000000, 6682.264160, 3299.580566,   36.272587,   36.246738, 6619.288086, 3236.301758,   19.940054,   10.963770,    814486,               0,000,002
000,    402188,  402188,    7.439188,   10.000000, 6700.264648, 3281.530762,   37.201275,   37.027447, 6635.298340, 3216.209229,   19.880440,   11.356465,    825148,               0,001,000
000,    402152,  402152,    7.327868,   10.000000, 6699.476562, 3282.652344,   37.193527,   37.274479, 6634.636719, 3217.145752,   19.737310,   11.368466,    824623,               0,001,001
000,    402061,  402061,    7.334757,   10.000000, 6700.561035, 3281.588623,   37.190811,   37.168118, 6635.741699, 3216.109131,   19.740847,   11.360924,    824559,               0,001,002
