tid,wait_acq(ms),wait_rel(ms),client_id,run
000, 24.607441, 43.462673,000,000
000, 22.386971, 44.751259,000,001
