tid,loop_in_cs,lock_acquires,lock_hold(ms),total_duration(s),wait_acq(ms),wait_rel(ms),lwait_acq,lwait_rel,gwait_acq,gwait_rel,data_read,data_write,glock_tries,array_size(B),client_id,run
000,    400708,  400708,    7.428290,   10.000000, 6701.518066, 3280.124756,   36.962002,   37.224724, 6637.200684, 3214.396484,   19.413664,   11.262895,    821292,               0,000,000
000,    401697,  401697,    7.342570,   10.000000, 6707.626465, 3274.294434,   37.028408,   37.153713, 6643.129883, 3208.685059,   19.360563,   11.291814,    825381,               0,000,001
000,    399923,  399923,    7.224866,   10.000000, 6684.807129, 3297.490967,   36.882214,   37.189507, 6620.842285, 3232.768555,   19.129715,   11.233876,    820279,               0,000,002
000,    399650,  399650,    7.387434,   10.000000, 6658.303223, 3322.110596,   36.963882,   38.158092, 6593.622559, 3254.678711,   19.966063,   11.323830,    808904,               0,001,000
000,    400335,  400335,    7.313452,   10.000000, 6656.613770, 3324.081787,   37.010685,   38.238438, 6591.949219, 3256.710938,   19.759012,   11.348599,    809259,               0,001,001
000,    398675,  398675,    7.258123,   10.000000, 6670.684570, 3310.147949,   36.851086,   37.946442, 6606.307129, 3244.362549,   19.627087,   11.302780,    810775,               0,001,002
