tid,wait_acq(ms),wait_rel(ms),client_id,run
000, 28.775515, 49.547466,000,000
000, 22.006815, 47.176960,000,001
