tid,loop_in_cs,lock_acquires,lock_hold(ms),total_duration(s),wait_acq(ms),wait_rel(ms),lwait_acq,lwait_rel,gwait_acq,gwait_rel,data_read,data_write,glock_tries,array_size(B),client_id,run
000,    609188,  609188,   11.178524,   10.000000, 5019.248047, 4953.588379,   41.674213,   42.564606, 4933.152832, 4869.098145,   30.687496,   17.109221,    609188,               0,000,000
000,    611321,  611321,   11.144669,   10.000000, 5017.823730, 4955.088867,   41.734753,   42.964191, 4931.562988, 4869.671875,   30.755323,   17.185232,    611321,               0,000,001
000,    610832,  610832,   11.084712,   10.000000, 5019.610840, 4953.497559,   41.791889,   43.079121, 4933.276367, 4868.654785,   30.694956,   17.160967,    610832,               0,000,002
