tid,loop_in_cs,lock_acquires,lock_hold(ms),total_duration(s),wait_acq(ms),wait_rel(ms),lwait_acq,lwait_rel,gwait_acq,gwait_rel,data_read,data_write,glock_tries,array_size(B),client_id,run
000,    403188,  403188,    7.461350,   10.000000, 6681.700195, 3299.970459,   29.015877,   29.864691, 6625.152832, 3241.130127,   19.772182,   11.339355,    824191,               0,000,000
000,    403270,  403270,    7.349530,   10.000000, 6682.139648, 3299.941650,   28.996679,   29.773764, 6625.611328, 3241.319580,   19.792437,   11.350280,    824189,               0,000,001
000,    402594,  402594,    7.333473,   10.000000, 6687.591797, 3294.515625,   28.973886,   29.838516, 6631.243652, 3236.110596,   19.687162,   11.318965,    825108,               0,000,002
000,    402346,  402346,    7.441782,   10.000000, 6709.901855, 3271.792236,   27.478718,   28.442886, 6654.134277, 3213.772217,   19.884609,   11.527752,    826114,               0,001,000
000,    402221,  402221,    7.332275,   10.000000, 6709.658691, 3272.406982,   27.480797,   28.574038, 6654.139648, 3214.146240,   19.757233,   11.422742,    825570,               0,001,001
000,    401608,  401608,    7.329377,   10.000000, 6707.858887, 3274.201904,   27.446718,   28.571550, 6652.281738, 3216.162354,   19.715878,   11.396129,    825810,               0,001,002
