tid,loop_in_cs,lock_acquires,lock_hold(ms),total_duration(s),wait_acq(ms),wait_rel(ms),lwait_acq, lwait_rel,gwait_acq,gwait_rel,glock_tries,array_size(B),client_id,run
000,   1620955, 1620955,   15.227327,   30.000000,11249.623047,11219.625000,   45.138592,   72.633034,11026.710938,10972.738281,   1620955,               0,000,000
000,   1607492, 1607492,   15.201867,   30.000000,11248.753906,11220.604492,   44.599804,   72.116669,11027.822266,10975.319336,   1607492,               0,000,001
000,   1617801, 1617801,   15.155506,   30.000000,11254.390625,11215.027344,   44.852604,   72.351707,11032.563477,10969.020508,   1617801,               0,000,002
