tid,loop_in_cs,lock_acquires,lock_hold(ms),total_duration(s),wait_acq(ms),wait_rel(ms),lwait_acq, lwait_rel,gwait_acq,gwait_rel,glock_tries,array_size(B),client_id,run
000,    812341,  812341,    7.625704,   30.000000,16935.808594, 5548.708496,   23.915482,   39.493366,16820.550781, 5418.478027,   2495736,               0,000,000
000,    810096,  810096,    7.630690,   30.000000,16928.517578, 5556.053223,   23.839067,   39.389210,16813.867188, 5426.279785,   2494294,               0,000,001
000,    810627,  810627,    7.574758,   30.000000,16917.431641, 5567.225586,   23.822132,   39.382187,16802.798828, 5437.517578,   2486998,               0,000,002
000,    849811,  849811,    7.886156,   30.000000,17041.304688, 5442.420898,   24.805548,   39.554661,16918.019531, 5307.684570,   2693593,               0,001,000
000,    850751,  850751,    7.878875,   30.000000,17029.363281, 5454.398926,   24.817377,   39.555328,16906.251953, 5319.582520,   2689892,               0,001,001
000,    849589,  849589,    7.858978,   30.000000,17036.710938, 5447.116211,   24.853399,   39.588779,16913.257812, 5312.379395,   2690720,               0,001,002
000,    798020,  798020,    7.982312,   30.000000,16948.619141, 5533.578125,   22.494577,   34.836651,16833.658203, 5407.532715,   2455313,               0,002,000
000,    800088,  800088,    8.130072,   30.000000,16928.314453, 5553.805664,   22.474693,   34.974220,16813.060547, 5427.729980,   2459361,               0,002,001
000,    800638,  800638,    7.968945,   30.000000,16922.015625, 5560.274414,   22.644529,   35.087379,16807.539062, 5434.160156,   2463274,               0,002,002
