tid,loop_in_cs,lock_acquires,lock_hold(ms),total_duration(s),wait_acq(ms),wait_rel(ms),lwait_acq, lwait_rel,gwait_acq,gwait_rel,array_size(B),client_id,run
000,    394963,  394963,    3.725886,   30.000000,11383.368164,11102.676758,   30.231686,   37.616856,11308.973633,11021.281250,               0,000,000
000,    387224,  387224,    3.839621,   30.000000,11368.223633,11116.610352,   30.731501,   37.998096,11292.689453,11034.603516,               0,000,001
