tid,loop_in_cs,lock_acquires,lock_hold(ms),total_duration(s),wait_acq(ms),wait_rel(ms),lwait_acq, lwait_rel,gwait_acq,gwait_rel,glock_tries,array_size(B),client_id,run
000, 242092275,242092275, 2305.800537,   30.000000,10620.926758, 7267.234375,    0.000000,    0.000000,    0.000000,    0.000000,         0,               0,000,000
000, 242096591,242096591, 2305.703125,   30.000000,10620.979492, 7267.285156,    0.000000,    0.000000,    0.000000,    0.000000,         0,               0,000,001
000, 242094403,242094403, 2306.878662,   30.000000,10620.956055, 7267.196777,    0.000000,    0.000000,    0.000000,    0.000000,         0,               0,000,002
