tid,loop_in_cs,lock_acquires,lock_hold(ms),total_duration(s),wait_acq(ms),wait_rel(ms),lwait_acq,lwait_rel,gwait_acq,gwait_rel,data_read,data_write,glock_tries,array_size(B),client_id,run
000,    399575,  399575,    7.393297,   10.000000, 6709.605957, 3272.419922,   36.385189,   40.154655, 6645.441895, 3204.284912,   19.608034,   11.208910,    828752,               0,000,000
000,    399923,  399923,    7.288057,   10.000000, 6707.650391, 3274.752441,   36.449169,   40.656223, 6643.437500, 3206.008545,   19.476278,   11.215261,    828811,               0,000,001
000,    399917,  399917,    7.305003,   10.000000, 6706.879883, 3275.463135,   36.294052,   40.645428, 6642.760254, 3206.890137,   19.520674,   11.209491,    828751,               0,000,002
000,    397342,  397342,    7.361200,   10.000000, 6656.347656, 3325.796387,   36.467175,   41.390717, 6592.428223, 3256.367676,   19.475225,   11.256618,    802763,               0,001,000
000,    397839,  397839,    7.252572,   10.000000, 6653.925781, 3328.578857,   36.448730,   41.755997, 6590.199707, 3259.071045,   19.331873,   11.268715,    803525,               0,001,001
000,    397650,  397650,    7.259188,   10.000000, 6655.561523, 3326.954346,   36.405235,   41.740616, 6591.876465, 3257.602295,   19.336584,   11.281390,    803329,               0,001,002
