tid,loop_in_cs,lock_acquires,lock_hold(ms),total_duration(s),wait_acq(ms),wait_rel(ms),lwait_acq, lwait_rel,gwait_acq,gwait_rel,glock_tries,array_size(B),client_id,run
000, 311599732,311599732, 2967.942139,   30.000000, 8903.673828, 7660.513184,    0.000000,    0.000000,    0.000000,    0.000000,         0,               0,000,000
000, 311642745,311642745, 2968.397705,   30.000000, 8904.557617, 7658.566406,    0.000000,    0.000000,    0.000000,    0.000000,         0,               0,000,001
000, 311654117,311654117, 2968.812256,   30.000000, 8905.645508, 7656.951660,    0.000000,    0.000000,    0.000000,    0.000000,         0,               0,000,002
