tid,wait_acq(ms),wait_rel(ms),client_id,run
000, 23.764305, 49.832134,000,000
000, 22.097473, 46.076874,000,001
