tid,loop_in_cs,lock_acquires,lock_hold(ms),total_duration(s),wait_acq(ms),wait_rel(ms),lwait_acq, lwait_rel,gwait_acq,gwait_rel,glock_tries,array_size(B),client_id,run
000,   1600271, 1600271,   15.023928,   30.000000,11259.877930,11209.745117,   43.510841,   77.279327,11041.231445,10958.867188,   1600271,               0,000,000
000,   1610005, 1610005,   14.920456,   30.000000,11255.659180,11214.060547,   43.708817,   77.472961,11036.495117,10962.406250,   1610005,               0,000,001
000,   1592406, 1592406,   14.769090,   30.000000,11255.291992,11214.734375,   43.225010,   76.590683,11038.654297,10966.232422,   1592406,               0,000,002
