tid,loop_in_cs,lock_acquires,lock_hold(ms),total_duration(s),wait_acq(ms),wait_rel(ms),lwait_acq, lwait_rel,gwait_acq,gwait_rel,glock_tries,array_size(B),client_id,run
000,   1063661, 1063661,    9.988917,   30.000000,15046.658203, 7433.091797,   31.549231,   57.815701,14893.120117, 7259.597656,   2170960,               0,000,000
000,   1061184, 1061184,    9.903555,   30.000000,15051.750000, 7428.168945,   31.417685,   57.462185,14898.619141, 7255.485840,   2169655,               0,000,001
000,   1056358, 1056358,    9.874035,   30.000000,15065.935547, 7414.056152,   31.293537,   57.227451,14913.506836, 7242.386719,   2165092,               0,000,002
000,   1155925, 1155925,   10.983342,   30.000000,15133.271484, 7343.349609,   33.039467,   57.041763,14968.899414, 7156.319824,   2381893,               0,001,000
000,   1153620, 1153620,   10.985820,   30.000000,15115.031250, 7361.754883,   32.976505,   57.212078,14951.161133, 7174.738770,   2377372,               0,001,001
000,   1155334, 1155334,   11.011715,   30.000000,15094.887695, 7382.196289,   33.014477,   56.863449,14929.626953, 7197.340820,   2380580,               0,001,002
