tid,loop_in_cs,lock_acquires,lock_hold(ms),total_duration(s),wait_acq(ms),wait_rel(ms),lwait_acq, lwait_rel,gwait_acq,gwait_rel,glock_tries,array_size(B),client_id,run
000,    808479,  808479,    7.564648,   30.000000,16931.806641, 5552.908691,   21.938690,   46.886951,16818.234375, 5419.418945,   2477604,               0,000,000
000,    799002,  799002,    7.467217,   30.000000,16944.558594, 5540.325684,   21.732435,   46.664810,16833.787109, 5408.098145,   2454175,               0,000,001
000,    802243,  802243,    7.491272,   30.000000,16947.273438, 5537.589844,   21.776670,   46.234329,16836.207031, 5405.613281,   2466968,               0,000,002
000,    848242,  848242,    7.896485,   30.000000,17080.607422, 5403.198242,   30.374475,   57.788120,16952.056641, 5245.289062,   2702111,               0,001,000
000,    849309,  849309,    7.875302,   30.000000,17040.744141, 5443.133301,   30.414366,   57.842720,16912.228516, 5284.605469,   2698137,               0,001,001
000,    849895,  849895,    7.936540,   30.000000,17040.638672, 5443.146973,   30.422110,   57.883389,16912.046875, 5284.856445,   2700810,               0,001,002
000,    807352,  807352,    7.864754,   30.000000,16894.384766, 5589.069336,   22.219088,   39.625755,16781.746094, 5461.349609,   2465753,               0,002,000
000,    799440,  799440,    7.696109,   30.000000,16901.107422, 5582.774902,   21.899321,   38.990894,16790.906250, 5458.343750,   2448104,               0,002,001
000,    794296,  794296,    7.798786,   30.000000,16902.019531, 5581.365234,   21.870310,   38.372749,16791.314453, 5456.880859,   2431764,               0,002,002
