tid,total_duration(s),min_slock_hold,med,max,min_swait_acq,med,max,min_swait_rel,med,max,min_slwait_acq,med,max,min_slwait_rel,med,max,min_sgwait_acq,med,max,min_sgwait_rel,med,max,min_sdata_read,med,max,min_sdata_write,med,max,min_sglock_tries,med,max,array_size(B),client_id
000,10.0, 0.000016667, 0.000017083, 0.000082083, 0.007688333, 0.016181249, 0.050353333, 0.005728333, 0.008082083, 0.016768333, 0.000065000, 0.000067500, 0.002924167, 0.000060833, 0.000065000, 0.003404167, 0.007440000, 0.015940834, 0.050107501, 0.005482083, 0.007854584, 0.016462917, 0.000044167, 0.000048333, 0.000115833, 0.000027083, 0.000027500, 0.000044167, 1.000000000, 2.000000000, 6.000000000,               0,001
000,10.0, 0.000016667, 0.000018750, 0.000084167, 0.007660833, 0.016181249, 0.057782918, 0.007309583, 0.008077917, 0.017145000, 0.000065000, 0.000067500, 0.000147500, 0.000058750, 0.000065000, 0.003437917, 0.007421250, 0.015940834, 0.057524167, 0.007080000, 0.007850417, 0.016884167, 0.000044167, 0.000048333, 0.000122083, 0.000027083, 0.000027500, 0.000046250, 1.000000000, 2.000000000, 7.000000000,               0,001
000,10.0, 0.000016667, 0.000018750, 0.000075833, 0.007637917, 0.016142916, 0.051524166, 0.007400000, 0.008120000, 0.022743333, 0.000067083, 0.000071667, 0.000113750, 0.000062917, 0.000067500, 0.003237917, 0.007389583, 0.015899166, 0.051275834, 0.007185417, 0.007890834, 0.022484167, 0.000044167, 0.000048333, 0.002982917, 0.000027083, 0.000027500, 0.000097083, 1.000000000, 2.000000000, 6.000000000,               0,000
000,10.0, 0.000016667, 0.000018750, 0.002920000, 0.007608333, 0.016162083, 0.057345416, 0.007322083, 0.008136666, 0.087932914, 0.000065000, 0.000067500, 0.003046250, 0.000056667, 0.000065000, 0.003557917, 0.007364166, 0.015920833, 0.057071667, 0.007107083, 0.007909583, 0.087707497, 0.000044167, 0.000048333, 0.003492500, 0.000027083, 0.000027500, 0.000048333, 1.000000000, 2.000000000, 7.000000000,               0,001
