tid,total_duration(s),min_slock_hold,med,max,min_swait_acq,med,max,min_swait_rel,med,max,min_slwait_acq,med,max,min_slwait_rel,med,max,min_sgwait_acq,med,max,min_sgwait_rel,med,max,min_sdata_read,med,max,min_sdata_write,med,max,min_sglock_tries,med,max,array_size(B),client_id
000,10.0, 0.000016667, 0.000018750, 0.000080000, 0.007422917, 0.008162083, 0.017103333, 0.007338750, 0.008056667, 0.024646251, 0.000067083, 0.000067500, 0.003602083, 0.000058750, 0.000065417, 0.000149583, 0.007177083, 0.007915833, 0.016854584, 0.007128750, 0.007835833, 0.024410417, 0.000046250, 0.000048750, 0.000124167, 0.000027083, 0.000027500, 0.000101250, 1.000000000, 1.000000000, 1.000000000,               0,000
000,10.0, 0.000015000, 0.000018333, 0.001526250, 0.007413333, 0.008136666, 0.134237915, 0.005827083, 0.008048333, 0.035246249, 0.000063333, 0.000067500, 0.003450417, 0.000056667, 0.000065417, 0.006728333, 0.007180000, 0.007890416, 0.116490416, 0.005589583, 0.007827084, 0.023600001, 0.000045000, 0.000048750, 0.011593750, 0.000025000, 0.000027500, 0.003444167, 1.000000000, 1.000000000, 1.000000000,               0,000
000,10.0, 0.000016667, 0.000017083, 0.001539167, 0.005343333, 0.008149583, 0.017549166, 0.005842083, 0.008050417, 0.020415001, 0.000067083, 0.000067500, 0.003037917, 0.000058750, 0.000065417, 0.003022917, 0.005107500, 0.007902917, 0.017286250, 0.005551666, 0.007825417, 0.020174583, 0.000046250, 0.000048750, 0.004440000, 0.000027083, 0.000027500, 0.000101250, 1.000000000, 1.000000000, 1.000000000,               0,000
