tid,loop_in_cs,lock_acquires,lock_hold(ms),total_duration(s),wait_acq(ms),wait_rel(ms),lwait_acq,lwait_rel,gwait_acq,gwait_rel,data_read,data_write,glock_tries,array_size(B),client_id,run
000,    339267,  339267,    6.335387,   10.000000, 6695.173340, 3289.252686,   18.513638,   32.075253, 6650.259766, 3222.251221,   21.737022,    9.230382,    693946,               0,000,000
000,    339608,  339608,    5.951149,   10.000000, 6698.874512, 3286.672119,   18.345963,   31.933964, 6654.651367, 3220.598877,   21.141584,    9.214503,    695208,               0,000,001
000,    339348,  339348,    5.988190,   10.000000, 6700.650391, 3284.854736,   18.374046,   31.870581, 6656.475098, 3219.194336,   21.181053,    9.220478,    694626,               0,000,002
000,    338655,  338655,    6.285346,   10.000000, 6686.321289, 3298.024414,   16.846003,   31.085304, 6642.946289, 3231.088623,   20.864464,    9.165392,    690915,               0,001,000
000,    338221,  338221,    5.945915,   10.000000, 6687.152344, 3298.272705,   16.852701,   31.210957, 6643.955078, 3231.189941,   20.688463,    9.164646,    690111,               0,001,001
000,    339943,  339943,    5.985786,   10.000000, 6692.940918, 3292.325439,   16.881666,   30.967703, 6650.163086, 3227.801758,   20.151499,    9.189973,    694113,               0,001,002
