tid,total_duration(s),min_slock_hold,med,max,min_swait_acq,med,max,min_swait_rel,med,max,min_slwait_acq,med,max,min_slwait_rel,med,max,min_sgwait_acq,med,max,min_sgwait_rel,med,max,min_sdata_read,med,max,min_sdata_write,med,max,min_sglock_tries,med,max,array_size(B),client_id
000,10.0, 0.000016667, 0.000018750, 0.000096667, 0.007557916, 0.015993750, 0.111332916, 0.007309583, 0.007997917, 0.017865418, 0.000054583, 0.000055000, 0.000088333, 0.000073333, 0.000077917, 0.003520000, 0.007330417, 0.015766250, 0.111071669, 0.007067083, 0.007760000, 0.017504999, 0.000044167, 0.000048333, 0.004355833, 0.000027083, 0.000027500, 0.003018750, 1.000000000, 2.000000000,13.000000000,               0,001
000,10.0, 0.000016667, 0.000017083, 0.002855000, 0.007463333, 0.016031668, 0.040842082, 0.005204167, 0.008084167, 0.021679999, 0.000054583, 0.000055000, 0.000094583, 0.000073333, 0.000077917, 0.000151250, 0.007237917, 0.015806250, 0.040617082, 0.004932917, 0.007844167, 0.021393333, 0.000044167, 0.000048333, 0.000126250, 0.000027083, 0.000027500, 0.000037917, 1.000000000, 2.000000000, 5.000000000,               0,001
000,10.0, 0.000016667, 0.000018750, 0.001488333, 0.007604167, 0.016160000, 0.049424998, 0.007368333, 0.008160000, 0.146374583, 0.000054583, 0.000056667, 0.003010417, 0.000073333, 0.000077917, 0.006663333, 0.007379167, 0.015932918, 0.049147502, 0.007137083, 0.007917916, 0.128709167, 0.000044167, 0.000048333, 0.001844167, 0.000027083, 0.000027500, 0.003435833, 1.000000000, 2.000000000, 6.000000000,               0,000
000,10.0, 0.000016667, 0.000018750, 0.000077917, 0.007473750, 0.016069584, 0.049593750, 0.005096667, 0.008103333, 0.017880000, 0.000054583, 0.000055000, 0.002934583, 0.000071667, 0.000077917, 0.003884167, 0.007248333, 0.015842084, 0.049347084, 0.004829583, 0.007865000, 0.017564166, 0.000044167, 0.000048333, 0.003511667, 0.000027083, 0.000027500, 0.000046667, 1.000000000, 2.000000000, 6.000000000,               0,001
