tid,total_duration(s),min_slock_hold,med,max,min_swait_acq,med,max,min_swait_rel,med,max,min_slwait_acq,med,max,min_slwait_rel,med,max,min_sgwait_acq,med,max,min_sgwait_rel,med,max,min_sdata_read,med,max,min_sdata_write,med,max,min_sglock_tries,med,max,array_size(B),client_id
000,10.0, 0.000016667, 0.000017083, 0.003307500, 0.007484167, 0.008206250, 0.018585417, 0.007330417, 0.008056667, 0.019625416, 0.000052500, 0.000052500, 0.000059167, 0.000060833, 0.000069167, 0.000164583, 0.007263334, 0.007985417, 0.018368751, 0.007069584, 0.007833750, 0.019301251, 0.000042083, 0.000044167, 0.000111667, 0.000027083, 0.000027500, 0.003006250, 1.000000000, 1.000000000, 1.000000000,               0,000
000,10.0, 0.000015000, 0.000018333, 0.003484167, 0.007460834, 0.008210833, 0.143890411, 0.007283333, 0.008055000, 0.022846250, 0.000050000, 0.000052500, 0.000075833, 0.000056667, 0.000069167, 0.006551250, 0.007223333, 0.007991667, 0.129671663, 0.007043333, 0.007831667, 0.017357918, 0.000041667, 0.000046250, 0.007989584, 0.000025000, 0.000027500, 0.000057083, 1.000000000, 1.000000000, 1.000000000,               0,000
000,10.0, 0.000016667, 0.000018750, 0.001535000, 0.007452500, 0.008216667, 0.019206250, 0.005503333, 0.008065416, 0.020260833, 0.000052500, 0.000052500, 0.003549583, 0.000060833, 0.000069167, 0.000143333, 0.007231667, 0.007995834, 0.018937083, 0.005258750, 0.007844167, 0.019962084, 0.000044167, 0.000044583, 0.001804167, 0.000027083, 0.000027500, 0.000048750, 1.000000000, 1.000000000, 1.000000000,               0,000
