tid,loop_in_cs,lock_acquires,lock_hold(ms),total_duration(s),wait_acq(ms),wait_rel(ms),lwait_acq, lwait_rel,gwait_acq,gwait_rel,glock_tries,array_size(B),client_id,run
000, 225944883,225944883, 2152.179688,   30.000000,11086.789062, 7108.895996,    0.000000,    0.000000,    0.000000,    0.000000,         0,               0,000,000
000, 225951385,225951385, 2152.134033,   30.000000,11086.818359, 7108.908203,    0.000000,    0.000000,    0.000000,    0.000000,         0,               0,000,001
000, 225952359,225952359, 2152.024658,   30.000000,11086.901367, 7108.816406,    0.000000,    0.000000,    0.000000,    0.000000,         0,               0,000,002
