tid,loop_in_cs,lock_acquires,lock_hold(ms),total_duration(s),wait_acq(ms),wait_rel(ms),lwait_acq, lwait_rel,gwait_acq,gwait_rel,glock_tries,array_size(B),client_id,run
000,   1079337, 1079337,   10.357037,   30.000000,15065.516602, 7406.395020,   73.634972,  107.521919,14870.574219, 7225.148926,   2198626,               0,000,000
000,   1081120, 1081120,   10.390738,   30.000000,15064.688477, 7407.231934,   73.742401,  107.873703,14868.775391, 7225.827637,   2201575,               0,000,001
000,   1078664, 1078664,   10.338477,   30.000000,15066.360352, 7405.746582,   73.578735,  107.594719,14871.139648, 7224.494629,   2196997,               0,000,002
000,   1148585, 1148585,   10.727485,   30.000000,15094.867188, 7381.998535,   73.113335,  123.385536,14896.064453, 7180.007812,   2363867,               0,001,000
000,   1147507, 1147507,   10.788845,   30.000000,15100.629883, 7376.074219,   73.180862,  123.139511,14900.057617, 7175.382812,   2361608,               0,001,001
000,   1144968, 1144968,   10.650382,   30.000000,15101.643555, 7375.034180,   73.048592,  122.981522,14900.968750, 7176.601562,   2356272,               0,001,002
