tid,total_duration(s),min_slock_hold,med,max,min_swait_acq,med,max,min_swait_rel,med,max,min_slwait_acq,med,max,min_slwait_rel,med,max,min_sgwait_acq,med,max,min_sgwait_rel,med,max,min_sdata_read,med,max,min_sdata_write,med,max,min_sglock_tries,med,max,array_size(B),client_id
000,10.0, 0.000015000, 0.000016667, 0.000100000, 0.008490000, 0.009578333, 0.019840833, 0.008468334, 0.009445000, 0.019580834, 0.000046667, 0.000050000, 0.004037917, 0.000065000, 0.000078333, 0.003460000, 0.008281667, 0.009358333, 0.019534167, 0.008231667, 0.009210000, 0.019244583, 0.000041667, 0.000046667, 0.009482916, 0.000025000, 0.000026667, 0.000040000, 1.000000000, 1.000000000, 1.000000000,               0,000
000,10.0, 0.000015000, 0.000017083, 0.000101667, 0.008480000, 0.009628333, 0.019848751, 0.008350000, 0.009490000, 0.021497916, 0.000046667, 0.000050000, 0.000081667, 0.000066667, 0.000080000, 0.003990000, 0.008270000, 0.009408333, 0.019511251, 0.008136666, 0.009251666, 0.021257916, 0.000041667, 0.000048333, 0.003126667, 0.000025000, 0.000026667, 0.004178334, 1.000000000, 1.000000000, 1.000000000,               0,000
000,10.0, 0.000015000, 0.000016667, 0.000098333, 0.008563333, 0.009586667, 0.019943334, 0.008283333, 0.009473333, 0.020537084, 0.000046667, 0.000050000, 0.000066667, 0.000065000, 0.000078333, 0.000135000, 0.008346667, 0.009368333, 0.019598333, 0.008038334, 0.009240000, 0.020172499, 0.000041667, 0.000046667, 0.000190000, 0.000025000, 0.000026667, 0.000044167, 1.000000000, 1.000000000, 1.000000000,               0,000
