tid,total_duration(s),min_slock_hold,med,max,min_swait_acq,med,max,min_swait_rel,med,max,min_slwait_acq,med,max,min_slwait_rel,med,max,min_sgwait_acq,med,max,min_sgwait_rel,med,max,min_sdata_read,med,max,min_sdata_write,med,max,min_sglock_tries,med,max,array_size(B),client_id
000,10.0, 0.000016667, 0.000017083, 0.003440000, 0.007502917, 0.008225417, 0.028147500, 0.007353750, 0.008060833, 0.019326666, 0.000092500, 0.000096667, 0.000195417, 0.000088333, 0.000100833, 0.010646250, 0.007233750, 0.007955833, 0.027835833, 0.007111667, 0.007810417, 0.019052500, 0.000046250, 0.000048333, 0.000126250, 0.000027083, 0.000027500, 0.000044167, 1.000000000, 1.000000000, 1.000000000,               0,000
000,10.0, 0.000015000, 0.000017083, 0.001513750, 0.007451667, 0.008189167, 0.150669172, 0.007308333, 0.008027083, 0.025185417, 0.000086667, 0.000096667, 0.000218750, 0.000083333, 0.000100833, 0.009572500, 0.007191667, 0.007917916, 0.136614576, 0.007076667, 0.007775000, 0.021336667, 0.000041667, 0.000048333, 0.007905417, 0.000025000, 0.000027500, 0.000080000, 1.000000000, 1.000000000, 1.000000000,               0,000
000,10.0, 0.000016667, 0.000018750, 0.001535000, 0.005658750, 0.008242084, 0.037913751, 0.005353750, 0.008075833, 0.037557915, 0.000092500, 0.000096667, 0.003179167, 0.000088333, 0.000101250, 0.003680000, 0.005400000, 0.007972500, 0.037532918, 0.005086250, 0.007823333, 0.018008750, 0.000046250, 0.000048333, 0.001747500, 0.000027083, 0.000027500, 0.000069583, 1.000000000, 1.000000000, 1.000000000,               0,000
