tid,total_duration(s),min_slock_hold,med,max,min_swait_acq,med,max,min_swait_rel,med,max,min_slwait_acq,med,max,min_slwait_rel,med,max,min_sgwait_acq,med,max,min_sgwait_rel,med,max,min_sdata_read,med,max,min_sdata_write,med,max,min_sglock_tries,med,max,array_size(B),client_id
000,10.0, 0.000015000, 0.000017083, 0.000069583, 0.008680000, 0.009629583, 0.026761666, 0.008611667, 0.009492500, 0.022620000, 0.000045000, 0.000050000, 0.000075833, 0.000063333, 0.000070000, 0.009848333, 0.008473333, 0.009405416, 0.026416667, 0.008375000, 0.009268333, 0.022376666, 0.000043333, 0.000050000, 0.000161667, 0.000025000, 0.000027083, 0.000038333, 1.000000000, 1.000000000, 1.000000000,               0,000
000,10.0, 0.000015000, 0.000017083, 0.000063333, 0.008588334, 0.009630000, 0.020179167, 0.008410000, 0.009495000, 0.020109583, 0.000045000, 0.000050000, 0.004136667, 0.000061667, 0.000069583, 0.004068333, 0.008376666, 0.009406666, 0.019839583, 0.008203333, 0.009271250, 0.019770000, 0.000043333, 0.000050000, 0.004066667, 0.000025000, 0.000027083, 0.008658334, 1.000000000, 1.000000000, 1.000000000,               0,000
000,10.0, 0.000015000, 0.000017083, 0.000067500, 0.008635000, 0.009625000, 0.020509584, 0.008546666, 0.009488333, 0.020106666, 0.000045000, 0.000050000, 0.000070000, 0.000061667, 0.000070000, 0.003563333, 0.008421667, 0.009400000, 0.020117916, 0.008331667, 0.009263333, 0.019885000, 0.000043333, 0.000050000, 0.000166667, 0.000025000, 0.000027083, 0.003815000, 1.000000000, 1.000000000, 1.000000000,               0,000
