tid,loop_in_cs,lock_acquires,lock_hold(ms),total_duration(s),wait_acq(ms),wait_rel(ms),lwait_acq,lwait_rel,gwait_acq,gwait_rel,data_read,data_write,glock_tries,array_size(B),client_id,run
000,    335897,  335897,    6.293874,   10.000000, 6708.242188, 3274.916504,   30.494980,   42.234661, 6650.548340, 3204.366699,   22.629856,    9.216490,    690153,               0,000,000
000,    336410,  336410,    5.975339,   10.000000, 6707.556152, 3276.753662,   30.584923,   42.129448, 6650.070801, 3206.836182,   22.107689,    9.215505,    690725,               0,000,001
000,    336669,  336669,    5.980721,   10.000000, 6707.602051, 3276.694336,   30.630480,   42.033272, 6650.113281, 3206.932129,   22.046089,    9.224684,    691346,               0,000,002
000,    333285,  333285,    6.313828,   10.000000, 6701.386230, 3283.103760,   31.397226,   45.418179, 6642.294434, 3208.441406,   23.055208,    9.161292,    682756,               0,001,000
000,    333865,  333865,    5.983711,   10.000000, 6701.109863, 3284.463867,   31.523716,   45.219147, 6642.457031, 3210.264160,   22.552013,    9.146987,    683891,               0,001,001
000,    334020,  334020,    5.985544,   10.000000, 6698.583008, 3286.929688,   31.448177,   45.323051, 6639.917480, 3213.154053,   22.493549,    9.159768,    683617,               0,001,002
