tid,loop_in_cs,lock_acquires,lock_hold(ms),total_duration(s),wait_acq(ms),wait_rel(ms),lwait_acq, lwait_rel,gwait_acq,gwait_rel,glock_tries,array_size(B),client_id,run
000,    806027,  806027,    7.562814,   30.000000,16913.867188, 5569.033203,   41.709297,   87.022781,16783.179688, 5423.483398,   2478071,               0,000,000
000,    804759,  804759,    7.544143,   30.000000,16926.322266, 5556.577148,   41.681980,   87.060173,16795.466797, 5411.070801,   2482049,               0,000,001
000,    798159,  798159,    7.545851,   30.000000,16937.273438, 5545.735840,   41.379986,   86.163422,16807.716797, 5401.498047,   2467576,               0,000,002
000,    854601,  854601,    8.304934,   30.000000,17075.738281, 5406.959473,   51.005856,   98.668251,16932.257812, 5248.340332,   2711837,               0,001,000
000,    855227,  855227,    8.250683,   30.000000,17069.962891, 5412.805664,   50.908634,   98.605324,16926.115234, 5254.322754,   2711557,               0,001,001
000,    849275,  849275,    8.092648,   30.000000,17037.488281, 5445.528809,   50.622925,   97.887688,16892.898438, 5287.467285,   2693447,               0,001,002
000,    787957,  787957,    7.727076,   30.000000,16905.326172, 5578.151855,   40.349075,   79.356697,16775.000000, 5442.504395,   2408842,               0,002,000
000,    786435,  786435,    7.836370,   30.000000,16892.048828, 5591.182129,   40.548077,   79.778473,16761.697266, 5454.730469,   2401814,               0,002,001
000,    782455,  782455,    7.669094,   30.000000,16897.140625, 5586.448242,   40.254227,   79.530807,16767.730469, 5450.193848,   2392151,               0,002,002
