tid,loop_in_cs,lock_acquires,lock_hold(ms),total_duration(s),wait_acq(ms),wait_rel(ms),lwait_acq, lwait_rel,gwait_acq,gwait_rel,glock_tries,array_size(B),client_id,run
000, 258218801,258218801, 2459.438477,   30.000000, 8934.843750, 8646.240234,    0.000000,    0.000000,    0.000000,    0.000000,         0,               0,000,000
000, 258218865,258218865, 2459.310303,   30.000000, 8935.419922, 8645.555664,    0.000000,    0.000000,    0.000000,    0.000000,         0,               0,000,001
000, 258213140,258213140, 2459.179688,   30.000000, 8935.548828, 8645.524414,    0.000000,    0.000000,    0.000000,    0.000000,         0,               0,000,002
