tid,loop_in_cs,lock_acquires,lock_hold(ms),total_duration(s),wait_acq(ms),wait_rel(ms),lwait_acq, lwait_rel,gwait_acq,gwait_rel,glock_tries,array_size(B),client_id,run
000, 193432117,193432117, 1842.416626,   30.000000,13928.893555, 4886.215820,    0.000000,    0.000000,    0.000000,    0.000000,         0,               0,000,000
000, 193484919,193484919, 1842.839722,   30.000000,13926.513672, 4887.781250,    0.000000,    0.000000,    0.000000,    0.000000,         0,               0,000,001
000, 193521039,193521039, 1843.192139,   30.000000,13924.984375, 4888.687500,    0.000000,    0.000000,    0.000000,    0.000000,         0,               0,000,002
