tid,loop_in_cs,lock_acquires,lock_hold(ms),total_duration(s),wait_acq(ms),wait_rel(ms),lwait_acq,lwait_rel,gwait_acq,gwait_rel,data_read,data_write,glock_tries,array_size(B),client_id,run
000,    606219,  606219,   11.089843,   10.000000, 5039.250977, 4934.010254,   57.368793,   57.592525, 4941.891113, 4836.222168,   30.738297,   16.984373,    606219,               0,000,000
000,    604888,  604888,   11.039295,   10.000000, 5038.723633, 4934.675781,   57.134472,   58.479153, 4941.747070, 4836.118164,   30.603821,   16.937120,    604888,               0,000,001
000,    605371,  605371,   10.978310,   10.000000, 5037.455566, 4936.095215,   57.066895,   56.861301, 4940.538086, 4839.250977,   30.545330,   16.970890,    605371,               0,000,002
