tid,total_duration(s),min_slock_hold,med,max,min_swait_acq,med,max,min_swait_rel,med,max,min_slwait_acq,med,max,min_slwait_rel,med,max,min_sgwait_acq,med,max,min_sgwait_rel,med,max,min_sdata_read,med,max,min_sdata_write,med,max,min_sglock_tries,med,max,array_size(B),client_id,nlocks
000,1.0, 1.092499971, 1.201815844, 1.382347941, 0.487363338, 0.495398760, 2.099033356, 0.270175010, 0.430757910, 1.278321624, 0.004766667, 0.007858333, 0.008026667, 0.000340000, 0.000443333, 0.000746667, 0.017417917, 0.166311666, 1.634909987, 0.016295001, 0.021974999, 0.022473333, 0.248395830, 0.445056677, 0.464947909, 0.249111667, 0.402697086, 1.252968311, 1.000000000,10.000000000,119.000000000,         1048576,000,000002
000,1.0, 1.097054958, 1.157556653, 1.394780397, 0.283956677, 0.480464995, 2.242140055, 0.269575000, 0.300240010, 1.301455021, 0.004740000, 0.006712917, 0.007913333, 0.000256667, 0.000386667, 0.027441667, 0.020069584, 0.027889583, 1.750479579, 0.016046667, 0.021720000, 0.037844166, 0.248830840, 0.443236679, 0.479456663, 0.248898327, 0.269521236, 1.273468375, 1.000000000, 1.000000000,97.000000000,         1048576,001,000002
