tid,total_duration(s),min_slock_hold,med,max,min_swait_acq,med,max,min_swait_rel,med,max,min_slwait_acq,med,max,min_slwait_rel,med,max,min_sgwait_acq,med,max,min_sgwait_rel,med,max,min_sdata_read,med,max,min_sdata_write,med,max,min_sglock_tries,med,max,array_size(B),client_id,nlocks
000,3.0, 0.522949994, 0.536257505, 0.553046644, 0.152590007, 0.155114174, 0.156660005, 0.153190002, 0.155655831, 0.178461671, 0.004515000, 0.004585000, 0.004791667, 0.000236667, 0.000244167, 0.000256667, 0.014145000, 0.016151667, 0.017201666, 0.014295000, 0.016148333, 0.017231667, 0.130913332, 0.131501660, 0.131871670, 0.132811666, 0.134650826, 0.156778336, 1.000000000, 1.000000000, 1.000000000,          524288,000,000001
000,3.0, 0.523105025, 0.525051653, 0.555558324, 0.154304996, 0.157267496, 0.174313337, 0.154514998, 0.155632496, 0.174176663, 0.004490000, 0.004518333, 0.004751666, 0.000238333, 0.000242500, 0.000258333, 0.014980000, 0.016851667, 0.017401667, 0.015263333, 0.016769167, 0.017203333, 0.131084993, 0.132098332, 0.149315000, 0.133778334, 0.134181663, 0.154473335, 1.000000000, 1.000000000, 1.000000000,          524288,000,000001
000,3.0, 0.526101649, 0.550601661, 0.557304978, 0.154308334, 0.156322494, 0.171113327, 0.154731661, 0.155382499, 0.180509999, 0.004563333, 0.004742500, 0.004816667, 0.000245000, 0.000250000, 0.000380000, 0.015973333, 0.016930001, 0.017728332, 0.016036667, 0.016689166, 0.017408334, 0.130838335, 0.131799161, 0.146321669, 0.133410007, 0.134143338, 0.158851668, 1.000000000, 1.000000000, 1.000000000,          524288,000,000001
