tid,loop_in_cs,lock_acquires,lock_hold(ms),total_duration(s),wait_acq(ms),wait_rel(ms),lwait_acq,lwait_rel,gwait_acq,gwait_rel,data_read,data_write,glock_tries,array_size(B),client_id,run
000,    512659,  512659,    9.304237,   10.000000, 5034.182617, 4943.304688,   45.510616,   56.066933, 4951.735840, 4848.585449,   30.662933,   13.802552,    512659,               0,000,000
000,    513564,  513564,    8.979285,   10.000000, 5034.068359, 4944.466309,   45.477886,   55.594540, 4952.184082, 4850.780762,   29.928789,   13.801220,    513564,               0,000,001
000,    512964,  512964,    8.967278,   10.000000, 5036.204590, 4942.404297,   45.372314,   56.087421, 4954.226562, 4849.490723,   30.567020,   13.786279,    512964,               0,000,002
