tid,loop_in_cs,lock_acquires,lock_hold(ms),total_duration(s),wait_acq(ms),wait_rel(ms),lwait_acq,lwait_rel,gwait_acq,gwait_rel,data_read,data_write,glock_tries,array_size(B),client_id,run
000,    599390,  599390,   10.974725,   10.000000, 5029.304199, 4944.153320,   50.705738,   48.957066, 4939.717773, 4855.069336,   29.371027,   16.733913,    599390,               0,000,000
000,    599095,  599095,   10.932390,   10.000000, 5028.074219, 4945.469727,   50.548962,   49.045845, 4938.727539, 4856.393066,   29.326237,   16.741117,    599095,               0,000,001
000,    599555,  599555,   10.870775,   10.000000, 5028.552734, 4945.236816,   50.515469,   48.880585, 4939.311523, 4856.504395,   29.319860,   16.736450,    599555,               0,000,002
