tid,loop_in_cs,lock_acquires,lock_hold(ms),total_duration(s),wait_acq(ms),wait_rel(ms),lwait_acq, lwait_rel,gwait_acq,gwait_rel,glock_tries,array_size(B),client_id,run
000,  46040420,46040420,  447.008331,   30.000000, 2028.508057,19491.710938,    0.000000,    0.000000,    0.000000,    0.000000,         0,               0,000,000
000,  46041423,46041423,  446.225006,   30.000000, 2027.782715,19492.990234,    0.000000,    0.000000,    0.000000,    0.000000,         0,               0,000,001
000,  46041922,46041922,  446.211975,   30.000000, 2027.646606,19493.140625,    0.000000,    0.000000,    0.000000,    0.000000,         0,               0,000,002
