tid,total_duration(s),min_slock_hold,med,max,min_swait_acq,med,max,min_swait_rel,med,max,min_slwait_acq,med,max,min_slwait_rel,med,max,min_sgwait_acq,med,max,min_sgwait_rel,med,max,min_sdata_read,med,max,min_sdata_write,med,max,min_sglock_tries,med,max,array_size(B),client_id
000,10.0, 0.000015000, 0.000016667, 0.000056667, 0.008706667, 0.009725000, 0.019368334, 0.008580000, 0.009593333, 0.020323750, 0.000060000, 0.000065000, 0.003751667, 0.000095000, 0.000108333, 0.009273333, 0.008475000, 0.009488333, 0.019138750, 0.008278334, 0.009335000, 0.019950416, 0.000041667, 0.000050000, 0.000162500, 0.000025000, 0.000026667, 0.000043333, 1.000000000, 1.000000000, 1.000000000,               0,000
000,10.0, 0.000013333, 0.000016667, 0.000056667, 0.008043333, 0.009678333, 1.605970025, 0.007905000, 0.009541667, 0.027623333, 0.000055000, 0.000065000, 0.004086667, 0.000091667, 0.000106667, 0.004603333, 0.007815000, 0.009441666, 1.605171680, 0.007666667, 0.009290000, 0.027341668, 0.000040000, 0.000050000, 0.000418333, 0.000021667, 0.000026667, 0.003940000, 1.000000000, 1.000000000, 1.000000000,               0,000
000,10.0, 0.000015000, 0.000016667, 0.000056667, 0.007813334, 0.009732500, 0.023990000, 0.008538334, 0.009590000, 0.019244166, 0.000060000, 0.000065000, 0.000163333, 0.000096667, 0.000108333, 0.004795000, 0.007556667, 0.009496666, 0.023680000, 0.008285000, 0.009333333, 0.018959166, 0.000041667, 0.000050000, 0.003333333, 0.000025000, 0.000026667, 0.000035833, 1.000000000, 1.000000000, 1.000000000,               0,000
