tid,total_duration(s),min_slock_hold,med,max,min_swait_acq,med,max,min_swait_rel,med,max,min_slwait_acq,med,max,min_slwait_rel,med,max,min_sgwait_acq,med,max,min_sgwait_rel,med,max,min_sdata_read,med,max,min_sdata_write,med,max,min_sglock_tries,med,max,array_size(B),client_id
000,10.0, 0.000015000, 0.000016667, 0.000075000, 0.009015000, 0.019473333, 0.108149581, 0.008528333, 0.009696667, 0.020713750, 0.000060000, 0.000063333, 0.000143333, 0.000096667, 0.000133333, 0.009661250, 0.008738333, 0.019203750, 0.107898749, 0.008236666, 0.009421250, 0.020334583, 0.000041667, 0.000046250, 0.004229583, 0.000025000, 0.000027083, 0.004261666, 1.000000000, 2.000000000,11.000000000,               0,001
000,10.0, 0.000015000, 0.000017083, 0.003843333, 0.008828334, 0.019343333, 0.088242084, 0.008555000, 0.009610416, 0.020515416, 0.000060000, 0.000067083, 0.003598333, 0.000100000, 0.000131667, 0.009583750, 0.008581666, 0.019075833, 0.087987497, 0.008248333, 0.009337083, 0.020144166, 0.000041667, 0.000048333, 0.004055000, 0.000025000, 0.000027500, 0.003480000, 1.000000000, 2.000000000, 9.000000000,               0,000
000,10.0, 0.000015000, 0.000017083, 0.009449583, 0.008778334, 0.019473333, 0.106838331, 0.008568333, 0.009696667, 0.020672500, 0.000060000, 0.000065000, 0.003440000, 0.000095000, 0.000133333, 0.004085000, 0.008520000, 0.019203333, 0.106598333, 0.008320000, 0.009420834, 0.020305000, 0.000041667, 0.000046250, 0.003897083, 0.000025000, 0.000027500, 0.000046667, 1.000000000, 2.000000000,11.000000000,               0,001
000,10.0, 0.000015000, 0.000017083, 0.003718333, 0.008971667, 0.019320000, 0.108948335, 0.008653333, 0.009604166, 0.021574583, 0.000060000, 0.000067083, 0.009472083, 0.000100000, 0.000131667, 0.009609167, 0.008735000, 0.019055000, 0.108696669, 0.008396666, 0.009330417, 0.021317916, 0.000041667, 0.000048333, 0.000153333, 0.000025000, 0.000027500, 0.000042083, 1.000000000, 2.000000000,11.000000000,               0,000
000,10.0, 0.000015000, 0.000017083, 0.003831667, 0.008942917, 0.019428751, 0.106619164, 0.008553334, 0.009675417, 0.025563333, 0.000060000, 0.000063333, 0.000084167, 0.000096667, 0.000133333, 0.009573333, 0.008682083, 0.019161666, 0.106366247, 0.008256666, 0.009401667, 0.025261667, 0.000041667, 0.000045000, 0.009495000, 0.000025000, 0.000027500, 0.000062917, 1.000000000, 2.000000000,11.000000000,               0,001
