tid,loop_in_cs,lock_acquires,lock_hold(ms),total_duration(s),wait_acq(ms),wait_rel(ms),lwait_acq,lwait_rel,gwait_acq,gwait_rel,data_read,data_write,glock_tries,array_size(B),client_id,run
000,    403481,  403481,    7.614165,   10.000000, 6683.043457, 3298.538330,   28.733723,   35.623428, 6626.602051, 3234.681641,   19.896891,   11.388481,    827998,               0,000,000
000,    402818,  402818,    7.467186,   10.000000, 6689.925293, 3292.087158,   28.514284,   35.389015, 6633.857422, 3228.460693,   19.719986,   11.362812,    828805,               0,000,001
000,    402879,  402879,    7.509192,   10.000000, 6687.234375, 3294.655029,   28.505106,   35.345928, 6631.323242, 3231.361084,   19.741110,   11.353427,    828643,               0,000,002
000,    402079,  402079,    7.460993,   10.000000, 6658.902832, 3322.772705,   33.490311,   35.690258, 6597.858398, 3257.740479,   21.993912,   12.399493,    811419,               0,001,000
000,    399313,  399313,    7.279242,   10.000000, 6676.031738, 3306.159912,   33.261745,   38.046223, 6614.665527, 3238.044678,   25.580418,   12.302170,    808637,               0,001,001
000,    399389,  399389,    7.282126,   10.000000, 6674.872559, 3307.316406,   33.260807,   40.466118, 6613.538086, 3237.040527,   25.470135,   12.306152,    808822,               0,001,002
