tid,loop_in_cs,lock_acquires,lock_hold(ms),total_duration(s),wait_acq(ms),wait_rel(ms),lwait_acq,lwait_rel,gwait_acq,gwait_rel,data_read,data_write,glock_tries,array_size(B),client_id,run
000,    606688,  606688,   11.102101,   10.000000, 5034.986816, 4938.147461,   39.153862,   51.480640, 4956.188477, 4846.884277,   30.463869,   17.024155,    606688,               0,000,000
000,    606840,  606840,   11.051831,   10.000000, 5035.166504, 4938.139648,   39.170238,   52.354420, 4956.426270, 4846.030273,   30.402769,   17.030954,    606840,               0,000,001
000,    606621,  606621,   11.002263,   10.000000, 5032.237305, 4940.971680,   39.174622,   51.138588, 4953.532227, 4850.226074,   30.533894,   17.023760,    606621,               0,000,002
