tid,total_duration(s),min_slock_hold,med,max,min_swait_acq,med,max,min_swait_rel,med,max,min_slwait_acq,med,max,min_slwait_rel,med,max,min_sgwait_acq,med,max,min_sgwait_rel,med,max,min_sdata_read,med,max,min_sdata_write,med,max,min_sglock_tries,med,max,array_size(B),client_id
000,10.0, 0.000015000, 0.000016667, 0.012685000, 0.008525000, 0.009635000, 0.019983333, 0.006558334, 0.009488333, 0.020006666, 0.000070000, 0.000071667, 0.004448333, 0.000055000, 0.000061667, 0.004286667, 0.008271666, 0.009371666, 0.019675000, 0.006346667, 0.009236666, 0.019718334, 0.000065000, 0.000070000, 0.003581667, 0.000025000, 0.000030000, 0.000083333, 1.000000000, 1.000000000, 1.000000000,               0,000
000,10.0, 0.000015000, 0.000016667, 0.000065000, 0.008700000, 0.009608333, 0.019535000, 0.008566666, 0.009460000, 0.036411665, 0.000070000, 0.000071667, 0.000090000, 0.000055000, 0.000063333, 0.003688333, 0.008441667, 0.009343334, 0.019233333, 0.008296667, 0.009201666, 0.036186665, 0.000065000, 0.000070000, 0.000170000, 0.000025000, 0.000030000, 0.000046667, 1.000000000, 1.000000000, 1.000000000,               0,000
000,10.0, 0.000015000, 0.000016667, 0.000063333, 0.008641667, 0.009673334, 0.020136667, 0.008403333, 0.009525000, 0.020690000, 0.000070000, 0.000071667, 0.000110000, 0.000055000, 0.000063333, 0.003771667, 0.008381667, 0.009408333, 0.019859999, 0.008170000, 0.009270000, 0.020240000, 0.000065000, 0.000070000, 0.000171667, 0.000025000, 0.000030000, 0.000050000, 1.000000000, 1.000000000, 1.000000000,               0,000
