tid,total_duration(s),min_slock_hold,med,max,min_swait_acq,med,max,min_swait_rel,med,max,min_slwait_acq,med,max,min_slwait_rel,med,max,min_sgwait_acq,med,max,min_sgwait_rel,med,max,min_sdata_read,med,max,min_sdata_write,med,max,min_sglock_tries,med,max,array_size(B),client_id
000,10.0, 0.000016667, 0.000017083, 0.000084167, 0.007589583, 0.016166249, 0.036223333, 0.008120000, 0.008833750, 0.022273749, 0.000075417, 0.000084167, 0.008812500, 0.000795417, 0.000806250, 0.004408333, 0.007330417, 0.015909584, 0.035966251, 0.007153750, 0.007858750, 0.021295000, 0.000046250, 0.000048333, 0.000107083, 0.000027083, 0.000031250, 0.000103333, 1.000000000, 2.000000000, 4.000000000,               0,001
000,10.0, 0.000016667, 0.000017083, 0.000075833, 0.007648750, 0.016189583, 0.058179166, 0.006267083, 0.008846250, 0.020214584, 0.000075417, 0.000084167, 0.010578750, 0.000795833, 0.000806667, 0.012420833, 0.007393750, 0.015934583, 0.057911668, 0.005290833, 0.007869584, 0.017305000, 0.000046250, 0.000048333, 0.000117917, 0.000027083, 0.000031250, 0.000050417, 1.000000000, 2.000000000, 7.000000000,               0,001
000,10.0, 0.000015000, 0.000017083, 0.001572500, 0.007619167, 0.016166249, 0.042225417, 0.008134583, 0.008873750, 0.038551666, 0.000075000, 0.000088333, 0.002997917, 0.000756667, 0.000806250, 0.004412500, 0.007357917, 0.015907083, 0.041947499, 0.007157917, 0.007905000, 0.037330415, 0.000043333, 0.000048333, 0.003031667, 0.000025000, 0.000027500, 0.004330417, 1.000000000, 2.000000000, 5.000000000,               0,000
000,10.0, 0.000015000, 0.000018333, 0.003953750, 0.007696667, 0.016218750, 0.042608749, 0.008037916, 0.008858750, 0.036124166, 0.000071667, 0.000084167, 0.003625417, 0.000756667, 0.000806250, 0.004433750, 0.007440000, 0.015962083, 0.042324167, 0.007082083, 0.007882084, 0.035128750, 0.000043333, 0.000048333, 0.003122083, 0.000025000, 0.000031250, 0.000103333, 1.000000000, 2.000000000, 5.000000000,               0,001
