tid,total_duration(s),min_slock_hold,med,max,min_swait_acq,med,max,min_swait_rel,med,max,min_slwait_acq,med,max,min_slwait_rel,med,max,min_sgwait_acq,med,max,min_sgwait_rel,med,max,min_sdata_read,med,max,min_sdata_write,med,max,min_sglock_tries,med,max,array_size(B),client_id
000,10.0, 0.000015000, 0.000017083, 0.000083333, 0.009002083, 0.019470001, 0.106993333, 0.008631667, 0.009581250, 0.020302083, 0.000135000, 0.000140000, 0.009734167, 0.000065000, 0.000105000, 0.000227083, 0.008688333, 0.019115834, 0.106603332, 0.008355000, 0.009328334, 0.019927083, 0.000041667, 0.000048333, 0.004113750, 0.000025000, 0.000027500, 0.000044167, 1.000000000, 2.000000000,11.000000000,               0,000
000,10.0, 0.000015000, 0.000017083, 0.003500000, 0.009027500, 0.019481666, 0.106090836, 0.006876667, 0.009586667, 0.021206666, 0.000135000, 0.000138333, 0.009568334, 0.000065000, 0.000105000, 0.011183334, 0.008713750, 0.019126667, 0.105679996, 0.006641667, 0.009330417, 0.020088751, 0.000041667, 0.000048333, 0.009505416, 0.000025000, 0.000027500, 0.000107083, 1.000000000, 2.000000000,11.000000000,               0,000
000,10.0, 0.000015000, 0.000016667, 0.000059167, 0.008801667, 0.019266667, 0.106238335, 0.008641667, 0.009540834, 0.023901250, 0.000133333, 0.000138333, 0.000166667, 0.000065000, 0.000098333, 0.010543333, 0.008495000, 0.018944167, 0.105851665, 0.008406667, 0.009292916, 0.023467500, 0.000041667, 0.000046667, 0.009729584, 0.000025000, 0.000028333, 0.000041667, 1.000000000, 2.000000000,11.000000000,               0,001
000,10.0, 0.000015000, 0.000017083, 0.000086667, 0.008763334, 0.019456666, 0.098982915, 0.008640000, 0.009570833, 0.020295417, 0.000135000, 0.000140000, 0.004017083, 0.000065000, 0.000105000, 0.009510834, 0.008465000, 0.019102916, 0.098617084, 0.008398334, 0.009317917, 0.019945417, 0.000041667, 0.000048333, 0.004338333, 0.000025000, 0.000027500, 0.000107500, 1.000000000, 2.000000000, 9.000000000,               0,000
000,10.0, 0.000015000, 0.000017083, 0.009611666, 0.009066666, 0.019429583, 0.089891665, 0.008648333, 0.009628333, 0.020763334, 0.000133333, 0.000138333, 0.009774583, 0.000065000, 0.000098333, 0.009565833, 0.008765000, 0.019088333, 0.089503333, 0.008405000, 0.009378750, 0.020386666, 0.000041667, 0.000046667, 0.009674584, 0.000025000, 0.000028333, 0.000044167, 1.000000000, 2.000000000, 9.000000000,               0,001
