tid,total_duration(s),min_slock_hold,med,max,min_swait_acq,med,max,min_swait_rel,med,max,min_slwait_acq,med,max,min_slwait_rel,med,max,min_sgwait_acq,med,max,min_sgwait_rel,med,max,min_sdata_read,med,max,min_sdata_write,med,max,min_sglock_tries,med,max,array_size(B),client_id
000,10.0, 0.000015000, 0.000016667, 0.000083333, 0.008588334, 0.009910000, 0.019636666, 0.008326666, 0.009685000, 0.020208333, 0.000135000, 0.000141667, 0.003905000, 0.000065000, 0.000098333, 0.008660000, 0.008295000, 0.009600000, 0.019305000, 0.008120000, 0.009450000, 0.019816667, 0.000041667, 0.000043333, 0.000171667, 0.000025000, 0.000026667, 0.000040000, 1.000000000, 1.000000000, 1.000000000,               0,000
000,10.0, 0.000015000, 0.000016667, 0.000085000, 0.008601666, 0.009808334, 0.019153334, 0.008365000, 0.009605000, 0.018165000, 0.000135000, 0.000141667, 0.000151667, 0.000063333, 0.000075000, 0.003375000, 0.008296667, 0.009505000, 0.018815000, 0.008160000, 0.009383333, 0.017844999, 0.000041667, 0.000043333, 0.003501667, 0.000025000, 0.000026667, 0.004083334, 1.000000000, 1.000000000, 1.000000000,               0,000
000,10.0, 0.000015000, 0.000016667, 0.003558333, 0.006496666, 0.009841667, 0.023746667, 0.008355000, 0.009633333, 0.021003334, 0.000135000, 0.000141667, 0.004750000, 0.000063333, 0.000075000, 0.003713333, 0.006181667, 0.009535000, 0.023276666, 0.008145000, 0.009411667, 0.020579999, 0.000041667, 0.000043333, 0.008801667, 0.000025000, 0.000026667, 0.000040000, 1.000000000, 1.000000000, 1.000000000,               0,000
