tid,loop_in_cs,lock_acquires,lock_hold(ms),total_duration(s),wait_acq(ms),wait_rel(ms),lwait_acq,lwait_rel,gwait_acq,gwait_rel,data_read,data_write,glock_tries,array_size(B),client_id,run
000,    511933,  511933,    8.995492,   10.000000, 5022.750488, 4955.259766,   36.879238,   39.642174, 4948.361816, 4857.339355,   43.322628,   15.223436,    511933,               0,000,000
000,    513491,  513491,    8.661290,   10.000000, 5024.255371, 4954.822754,   36.989506,   40.376671, 4949.936523, 4856.162109,   43.297726,   15.258797,    513491,               0,000,001
000,    512443,  512443,    8.662290,   10.000000, 5024.145996, 4954.943359,   36.885292,   40.136227, 4950.234863, 4857.446777,   42.789337,   15.227490,    512443,               0,000,002
