tid,total_duration(s),min_slock_hold,med,max,min_swait_acq,med,max,min_swait_rel,med,max,min_slwait_acq,med,max,min_slwait_rel,med,max,min_sgwait_acq,med,max,min_sgwait_rel,med,max,min_sdata_read,med,max,min_sdata_write,med,max,min_sglock_tries,med,max,array_size(B),client_id
000,10.0, 0.000016667, 0.000018750, 0.000067500, 0.007595833, 0.016195834, 0.056720000, 0.007286250, 0.008069583, 0.021141250, 0.000050417, 0.000052500, 0.000120000, 0.000058750, 0.000071250, 0.003109583, 0.007370417, 0.015968749, 0.056482084, 0.007044167, 0.007837917, 0.020806249, 0.000044167, 0.000052500, 0.003277917, 0.000027083, 0.000031667, 0.000042083, 1.000000000, 2.000000000, 7.000000000,               0,001
000,10.0, 0.000016667, 0.000017083, 0.003269167, 0.007549583, 0.016122084, 0.056972917, 0.007227083, 0.008048333, 0.034751251, 0.000050417, 0.000052500, 0.002895000, 0.000058750, 0.000071667, 0.003404583, 0.007332500, 0.015899166, 0.056743335, 0.007010417, 0.007812916, 0.034408748, 0.000044167, 0.000048333, 0.000177083, 0.000027083, 0.000031667, 0.002905417, 1.000000000, 2.000000000, 7.000000000,               0,001
000,10.0, 0.000016667, 0.000018750, 0.001535000, 0.007593750, 0.016044166, 0.051444583, 0.007364166, 0.008082083, 0.164696664, 0.000050417, 0.000052500, 0.019935001, 0.000060833, 0.000067083, 0.006545417, 0.007377083, 0.015821250, 0.051185418, 0.007120000, 0.007856667, 0.147206664, 0.000044167, 0.000048333, 0.003435833, 0.000027083, 0.000027500, 0.000054583, 1.000000000, 2.000000000, 6.000000000,               0,000
000,10.0, 0.000016667, 0.000018750, 0.000058750, 0.007658750, 0.016155833, 0.048456665, 0.007324167, 0.008048333, 0.018029584, 0.000050417, 0.000052500, 0.003454583, 0.000058750, 0.000071667, 0.003850417, 0.007412917, 0.015926249, 0.048202083, 0.007075833, 0.007814583, 0.017762084, 0.000044167, 0.000054583, 0.000107083, 0.000027083, 0.000031667, 0.003004167, 1.000000000, 2.000000000, 5.000000000,               0,001
