tid,total_duration(s),min_slock_hold,med,max,min_swait_acq,med,max,min_swait_rel,med,max,min_slwait_acq,med,max,min_slwait_rel,med,max,min_sgwait_acq,med,max,min_sgwait_rel,med,max,min_sdata_read,med,max,min_sdata_write,med,max,min_sglock_tries,med,max,array_size(B),client_id
000,10.0, 0.000015000, 0.000016667, 0.002690000, 0.008616666, 0.009643333, 0.019730000, 0.008561667, 0.009471667, 0.018971667, 0.000086667, 0.000090000, 0.000130000, 0.000083333, 0.000098333, 0.003828333, 0.008363334, 0.009381667, 0.019471666, 0.008325000, 0.009228333, 0.018710000, 0.000041667, 0.000046667, 0.003918333, 0.000025000, 0.000028333, 0.000040000, 1.000000000, 1.000000000, 1.000000000,               0,000
000,10.0, 0.000015000, 0.000016667, 0.004035000, 0.008586667, 0.009628333, 0.021366667, 0.008455000, 0.009455000, 0.032040000, 0.000086667, 0.000090000, 0.003591667, 0.000083333, 0.000096667, 0.003570000, 0.008330000, 0.009368333, 0.021088334, 0.008216667, 0.009215000, 0.031748332, 0.000041667, 0.000048333, 0.000190000, 0.000025000, 0.000028333, 0.000038333, 1.000000000, 1.000000000, 1.000000000,               0,000
000,10.0, 0.000015000, 0.000016667, 0.000100000, 0.008503334, 0.009615000, 0.019096667, 0.008530000, 0.009445000, 0.020841667, 0.000086667, 0.000090000, 0.000141667, 0.000083333, 0.000096667, 0.003966667, 0.008248333, 0.009355000, 0.018818334, 0.008295000, 0.009203333, 0.020481667, 0.000041667, 0.000046667, 0.000198333, 0.000025000, 0.000028333, 0.000038333, 1.000000000, 1.000000000, 1.000000000,               0,000
