tid,total_duration(s),min_slock_hold,med,max,min_swait_acq,med,max,min_swait_rel,med,max,min_slwait_acq,med,max,min_slwait_rel,med,max,min_sgwait_acq,med,max,min_sgwait_rel,med,max,min_sdata_read,med,max,min_sdata_write,med,max,min_sglock_tries,med,max,array_size(B),client_id
000,10.0, 0.000015000, 0.000016667, 0.000077917, 0.009003334, 0.018923333, 0.088590004, 0.008618333, 0.009486667, 0.019265000, 0.000086667, 0.000090000, 0.000118333, 0.000083333, 0.000096667, 0.003501667, 0.008753333, 0.018660000, 0.088321663, 0.008376666, 0.009231667, 0.018999999, 0.000041667, 0.000046667, 0.004135000, 0.000025000, 0.000026667, 0.000040000, 1.000000000, 2.000000000, 9.000000000,               0,000
000,10.0, 0.000015000, 0.000016667, 0.000073333, 0.008833333, 0.019350000, 0.109040000, 0.008616666, 0.009678333, 0.019681251, 0.000090000, 0.000095000, 0.000131667, 0.000091667, 0.000125000, 0.004016667, 0.008576667, 0.019055000, 0.108738333, 0.008345000, 0.009408333, 0.019308334, 0.000041667, 0.000045000, 0.004080000, 0.000025000, 0.000028333, 0.003805000, 1.000000000, 2.000000000,11.000000000,               0,001
000,10.0, 0.000015000, 0.000016667, 0.001488333, 0.008720000, 0.019365000, 0.161261663, 0.008480000, 0.009683333, 0.023645001, 0.000090000, 0.000095000, 0.000190000, 0.000091667, 0.000125000, 0.009686667, 0.008451667, 0.019061666, 0.153186664, 0.008241666, 0.009408333, 0.018971667, 0.000041667, 0.000045000, 0.003955000, 0.000025000, 0.000028333, 0.000050417, 1.000000000, 2.000000000,11.000000000,               0,001
000,10.0, 0.000015000, 0.000016667, 0.003958333, 0.009033334, 0.018863333, 0.106208332, 0.008503334, 0.009460000, 0.019291667, 0.000086667, 0.000090000, 0.000126667, 0.000083333, 0.000095000, 0.003433333, 0.008780000, 0.018604999, 0.105873331, 0.008273333, 0.009208334, 0.019020000, 0.000041667, 0.000046667, 0.000193333, 0.000025000, 0.000026667, 0.000043333, 1.000000000, 2.000000000,11.000000000,               0,000
000,10.0, 0.000015000, 0.000016667, 0.003418333, 0.008795000, 0.019203333, 0.107840002, 0.008510000, 0.009618334, 0.146585003, 0.000091667, 0.000095000, 0.004116667, 0.000091667, 0.000123333, 0.004180000, 0.008503334, 0.018921666, 0.107568331, 0.008270000, 0.009355000, 0.146184996, 0.000041667, 0.000045000, 0.009931667, 0.000025000, 0.000028333, 0.000040000, 1.000000000, 2.000000000,11.000000000,               0,001
