tid,total_duration(s),min_slock_hold,med,max,min_swait_acq,med,max,min_swait_rel,med,max,min_slwait_acq,med,max,min_slwait_rel,med,max,min_sgwait_acq,med,max,min_sgwait_rel,med,max,min_sdata_read,med,max,min_sdata_write,med,max,min_sglock_tries,med,max,array_size(B),client_id
000,10.0, 0.000015000, 0.000018333, 0.000053333, 0.008608334, 0.009658333, 0.019843332, 0.008470000, 0.009540000, 0.020026667, 0.000063333, 0.000070000, 0.003681667, 0.000065000, 0.000080000, 0.000245000, 0.008370000, 0.009421667, 0.019578334, 0.008255000, 0.009301250, 0.019615000, 0.000041667, 0.000045000, 0.003981667, 0.000025000, 0.000026667, 0.000038333, 1.000000000, 1.000000000, 1.000000000,               0,000
000,10.0, 0.000015000, 0.000018333, 0.003948333, 0.008550000, 0.009638334, 0.020958334, 0.008456667, 0.009533334, 0.020003751, 0.000063333, 0.000070000, 0.000092917, 0.000063333, 0.000077917, 0.000230000, 0.008320000, 0.009400000, 0.020615000, 0.008225000, 0.009295000, 0.019650416, 0.000041667, 0.000045000, 0.000145000, 0.000025000, 0.000026667, 0.003758333, 1.000000000, 1.000000000, 1.000000000,               0,000
000,10.0, 0.000015000, 0.000018333, 0.000058333, 0.008431667, 0.009608333, 0.022593332, 0.008345000, 0.009508333, 0.019055000, 0.000063333, 0.000070000, 0.000301667, 0.000065000, 0.000075000, 0.003831667, 0.008203333, 0.009373333, 0.022308333, 0.008136666, 0.009276667, 0.018823333, 0.000041667, 0.000045000, 0.000160000, 0.000025000, 0.000026667, 0.000038333, 1.000000000, 1.000000000, 1.000000000,               0,000
