tid,loop_in_cs,lock_acquires,lock_hold(ms),total_duration(s),wait_acq(ms),wait_rel(ms),lwait_acq,lwait_rel,gwait_acq,gwait_rel,data_read,data_write,glock_tries,array_size(B),client_id,run
000,    605492,  605492,   11.098218,   10.000000, 5017.872070, 4955.416504,   47.364471,   53.642410, 4931.114258, 4862.183594,   30.711546,   17.584871,    605492,               0,000,000
000,    604076,  604076,   11.011048,   10.000000, 5016.787598, 4956.748535,   47.115643,   54.480980, 4930.455566, 4862.857910,   30.605499,   17.549065,    604076,               0,000,001
000,    604076,  604076,   10.956457,   10.000000, 5016.242676, 4957.482422,   47.207336,   54.976738, 4929.886719, 4863.176270,   30.547077,   17.557138,    604076,               0,000,002
