tid,loop_in_cs,lock_acquires,lock_hold(ms),total_duration(s),wait_acq(ms),wait_rel(ms),lwait_acq,lwait_rel,gwait_acq,gwait_rel,data_read,data_write,glock_tries,array_size(B),client_id,run
000,    335607,  335607,    6.327619,   10.000000, 6683.201660, 3301.264404,   22.095385,   42.267654, 6633.945801, 3230.212646,   22.306068,    9.462625,    687584,               0,000,000
000,    335604,  335604,    5.939577,   10.000000, 6683.153320, 3302.412598,   22.193855,   42.372875, 6634.193359, 3231.508789,   21.990986,    9.477393,    687210,               0,000,001
000,    337757,  337757,    5.963246,   10.000000, 6682.828613, 3302.677246,   22.325853,   41.385689, 6634.166504, 3234.037598,   21.565163,    9.479248,    691086,               0,000,002
000,    339042,  339042,    6.456975,   10.000000, 6708.653320, 3275.521729,   22.945526,   41.551014, 6658.000488, 3203.941162,   23.353201,    9.448000,    699449,               0,001,000
000,    340851,  340851,    6.093299,   10.000000, 6713.139160, 3272.041992,   23.223330,   40.300491, 6663.221680, 3202.512695,   22.195606,    9.461907,    703819,               0,001,001
000,    342726,  342726,    6.118523,   10.000000, 6712.186035, 3272.975098,   23.428263,   39.306870, 6662.592773, 3205.752686,   21.378927,    9.499188,    707985,               0,001,002
