tid,loop_in_cs,lock_acquires,lock_hold(ms),total_duration(s),wait_acq(ms),wait_rel(ms),lwait_acq, lwait_rel,gwait_acq,gwait_rel,glock_tries,array_size(B),client_id,run
000,   1654930, 1654930,   15.537868,   30.000000,11240.872070,11224.487305,   51.713261,   87.527298,11003.673828,10956.821289,   1654930,               0,000,000
000,   1647449, 1647449,   15.507990,   30.000000,11241.811523,11226.945312,   51.461140,   86.801163,11009.163086,10961.183594,   1647449,               0,000,001
000,   1649620, 1649620,   15.417897,   30.000000,11239.365234,11229.495117,   51.455944,   86.713661,11006.743164,10963.797852,   1649620,               0,000,002
