tid,loop_in_cs,lock_acquires,lock_hold(ms),total_duration(s),wait_acq(ms),wait_rel(ms),lwait_acq, lwait_rel,gwait_acq,gwait_rel,glock_tries,array_size(B),client_id,run
000,   1071045, 1071045,   10.057235,   30.000000,15075.694336, 7403.329102,   34.968750,   62.825958,14919.889648, 7225.126953,   2198539,               0,000,000
000,   1080620, 1080620,   10.094315,   30.000000,15065.640625, 7413.286621,   35.246159,   63.288132,14908.752930, 7233.787598,   2213688,               0,000,001
000,   1070425, 1070425,    9.981603,   30.000000,15065.960938, 7413.194824,   34.988621,   62.665085,14910.425781, 7235.631348,   2190531,               0,000,002
000,   1183704, 1183704,   10.984907,   30.000000,15102.806641, 7374.762695,   42.378502,   72.898499,14923.949219, 7171.625488,   2435980,               0,001,000
000,   1174720, 1174720,   10.929647,   30.000000,15099.265625, 7378.435059,   42.088696,   72.320610,14921.586914, 7176.520508,   2420467,               0,001,001
000,   1166742, 1166742,   10.813690,   30.000000,15099.122070, 7378.806641,   41.765259,   71.802422,14923.165039, 7177.890137,   2403917,               0,001,002
