tid,loop_in_cs,lock_acquires,lock_hold(ms),total_duration(s),wait_acq(ms),wait_rel(ms),lwait_acq, lwait_rel,gwait_acq,gwait_rel,glock_tries,array_size(B),client_id,run
000,    784011,  784011,    7.384049,   30.000000,16928.974609, 5555.544434,   26.132677,   46.694393,16814.042969, 5424.216797,   2412233,               0,000,000
000,    779475,  779475,    7.349229,   30.000000,16927.646484, 5557.022949,   25.942738,   46.417625,16813.843750, 5426.252930,   2398756,               0,000,001
000,    783854,  783854,    7.393433,   30.000000,16934.708984, 5549.814453,   26.082367,   46.638424,16820.105469, 5418.368164,   2414017,               0,000,002
000,    844654,  844654,    7.991410,   30.000000,17038.542969, 5445.115723,   28.287729,   45.454071,16913.933594, 5301.687012,   2675060,               0,001,000
000,    843860,  843860,    7.963785,   30.000000,17029.580078, 5454.181152,   28.270334,   45.506664,16903.714844, 5311.602539,   2671074,               0,001,001
000,    844069,  844069,    7.923015,   30.000000,17029.943359, 5453.806641,   28.270018,   45.897854,16904.673828, 5310.242188,   2673394,               0,001,002
000,    799358,  799358,    7.733649,   30.000000,16923.533203, 5560.041504,   25.357403,   41.013680,16806.658203, 5428.010254,   2463065,               0,002,000
000,    799722,  799722,    7.765589,   30.000000,16924.238281, 5559.102051,   25.261354,   41.246517,16807.457031, 5426.691895,   2463656,               0,002,001
000,    800445,  800445,    7.744116,   30.000000,16924.861328, 5558.657227,   25.392675,   40.725471,16808.058594, 5427.477051,   2465960,               0,002,002
