tid,loop_in_cs,lock_acquires,lock_hold(ms),total_duration(s),wait_acq(ms),wait_rel(ms),lwait_acq, lwait_rel,gwait_acq,gwait_rel,glock_tries,array_size(B),client_id,run
000,    790767,  790767,    7.643539,   30.000000,16923.070312, 5561.469238,   28.761715,  104.529694,16804.044922, 5398.170898,   2420935,               0,000,000
000,    792891,  792891,    7.564221,   30.000000,16923.294922, 5561.410645,   28.845474,  104.227089,16804.576172, 5397.966797,   2427825,               0,000,001
000,    786393,  786393,    7.476017,   30.000000,16926.931641, 5557.947754,   28.588760,  103.361137,16809.681641, 5396.132324,   2411563,               0,000,002
000,    839348,  839348,    8.001228,   30.000000,17025.648438, 5456.278809,   36.582458,  127.371536,16889.542969, 5266.355957,   2676110,               0,001,000
000,    839737,  839737,    7.997595,   30.000000,17021.972656, 5460.014648,   36.641262,  128.166855,16885.505859, 5268.980957,   2676657,               0,001,001
000,    840762,  840762,    7.948987,   30.000000,17027.582031, 5454.546387,   36.610287,  128.442123,16891.035156, 5264.063965,   2682452,               0,001,002
000,    806389,  806389,    8.020226,   30.000000,16905.896484, 5577.577637,   29.882540,  109.170509,16783.591797, 5407.311523,   2467813,               0,002,000
000,    805786,  805786,    7.988365,   30.000000,16903.826172, 5579.534180,   30.221170,  109.244469,16781.794922, 5408.963379,   2464829,               0,002,001
000,    806804,  806804,    8.047674,   30.000000,16909.109375, 5574.187988,   30.085327,  109.200890,16785.373047, 5404.833984,   2468297,               0,002,002
