tid,loop_in_cs,lock_acquires,lock_hold(ms),total_duration(s),wait_acq(ms),wait_rel(ms),lwait_acq,lwait_rel,gwait_acq,gwait_rel,data_read,data_write,glock_tries,array_size(B),client_id,run
000,    507811,  507811,    9.079866,   10.000000, 5026.624023, 4951.393555,   31.894333,   60.521294, 4955.653320, 4849.844238,   36.750347,   13.661615,    507811,               0,000,000
000,    508415,  508415,    8.899276,   10.000000, 5028.203613, 4950.517578,   31.766993,   59.897678, 4957.836914, 4850.053711,   36.079769,   13.656178,    508415,               0,000,001
000,    508234,  508234,    8.746716,   10.000000, 5028.211426, 4950.865723,   31.679817,   60.274685, 4957.899902, 4851.490723,   36.237144,   13.639521,    508234,               0,000,002
