tid,loop_in_cs,lock_acquires,lock_hold(ms),total_duration(s),wait_acq(ms),wait_rel(ms),lwait_acq, lwait_rel,gwait_acq,gwait_rel,glock_tries,array_size(B),client_id,run
000, 305037186,305037186, 2905.638184,   30.000000, 8892.297852, 7796.671387,    0.000000,    0.000000,    0.000000,    0.000000,         0,               0,000,000
000, 305036104,305036104, 2905.604248,   30.000000, 8892.381836, 7796.518555,    0.000000,    0.000000,    0.000000,    0.000000,         0,               0,000,001
000, 305041211,305041211, 2905.671387,   30.000000, 8892.331055, 7796.712402,    0.000000,    0.000000,    0.000000,    0.000000,         0,               0,000,002
