tid,total_duration(s),min_slock_hold,med,max,min_swait_acq,med,max,min_swait_rel,med,max,min_slwait_acq,med,max,min_slwait_rel,med,max,min_sgwait_acq,med,max,min_sgwait_rel,med,max,min_sdata_read,med,max,min_sdata_write,med,max,min_sglock_tries,med,max,array_size(B),client_id
000,10.0, 0.000016667, 0.000018750, 0.002968333, 0.005427500, 0.008257084, 0.017406249, 0.007477917, 0.008202083, 0.106029585, 0.000069167, 0.000073750, 0.003357917, 0.000082083, 0.000090417, 0.003665417, 0.005189583, 0.008019167, 0.017135000, 0.007214583, 0.007966250, 0.105568334, 0.000042083, 0.000044167, 0.000126250, 0.000027083, 0.000027500, 0.000042083, 1.000000000, 1.000000000, 1.000000000,               0,000
000,10.0, 0.000016667, 0.000018750, 0.003532500, 0.005688333, 0.008257084, 0.022936666, 0.007477917, 0.008215000, 0.155755833, 0.000069167, 0.000073750, 0.001820833, 0.000082083, 0.000090417, 0.011288334, 0.005431667, 0.008017084, 0.022667499, 0.007240000, 0.007979167, 0.137793750, 0.000042083, 0.000044167, 0.001880000, 0.000027083, 0.000027500, 0.000042083, 1.000000000, 1.000000000, 1.000000000,               0,000
000,10.0, 0.000016667, 0.000018750, 0.008882083, 0.007395833, 0.008254583, 0.017227501, 0.007364166, 0.008216667, 0.028132917, 0.000069167, 0.000073750, 0.000120000, 0.000082083, 0.000090417, 0.019928332, 0.007149583, 0.008014583, 0.016953750, 0.007134583, 0.007980834, 0.017182916, 0.000042083, 0.000044167, 0.003615000, 0.000027083, 0.000027500, 0.000050417, 1.000000000, 1.000000000, 1.000000000,               0,000
