tid,total_duration(s),min_slock_hold,med,max,min_swait_acq,med,max,min_swait_rel,med,max,min_slwait_acq,med,max,min_slwait_rel,med,max,min_sgwait_acq,med,max,min_sgwait_rel,med,max,min_sdata_read,med,max,min_sdata_write,med,max,min_sglock_tries,med,max,array_size(B),client_id
000,10.0, 0.000016667, 0.000017083, 0.000061250, 0.007627500, 0.016099166, 0.056242082, 0.007488333, 0.008202083, 0.023025416, 0.000062917, 0.000067500, 0.000103333, 0.000075417, 0.000086250, 0.003648333, 0.007382917, 0.015860833, 0.055976667, 0.007248333, 0.007962083, 0.022732500, 0.000046250, 0.000048333, 0.000113333, 0.000027083, 0.000027500, 0.000048333, 1.000000000, 2.000000000, 6.000000000,               0,001
000,10.0, 0.000016667, 0.000018750, 0.003913750, 0.007528333, 0.016109167, 0.159160003, 0.007501250, 0.008181250, 0.057517916, 0.000062917, 0.000067500, 0.003446250, 0.000075417, 0.000086667, 0.004286250, 0.007290417, 0.015869167, 0.158907503, 0.007267500, 0.007940833, 0.057246249, 0.000046250, 0.000048333, 0.000109583, 0.000027083, 0.000027500, 0.000048333, 1.000000000, 2.000000000,19.000000000,               0,001
000,10.0, 0.000016667, 0.000018750, 0.001477917, 0.007579166, 0.016126251, 0.232208326, 0.007467083, 0.008195833, 0.023936667, 0.000062917, 0.000067500, 0.003309583, 0.000077917, 0.000092500, 0.008222917, 0.007339166, 0.015888333, 0.217742920, 0.007225417, 0.007951667, 0.017789166, 0.000044167, 0.000048333, 0.008132917, 0.000027083, 0.000027500, 0.000060833, 1.000000000, 2.000000000, 5.000000000,               0,000
000,10.0, 0.000016667, 0.000018750, 0.000065000, 0.007543333, 0.016132500, 0.239899173, 0.007414583, 0.008134583, 0.017442083, 0.000062917, 0.000067500, 0.000086250, 0.000075417, 0.000086667, 0.004212500, 0.007305417, 0.015892500, 0.239646256, 0.007175000, 0.007894583, 0.017132500, 0.000046250, 0.000048333, 0.000139167, 0.000027083, 0.000027500, 0.000048333, 1.000000000, 2.000000000,30.000000000,               0,001
