tid,loop_in_cs,lock_acquires,lock_hold(ms),total_duration(s),wait_acq(ms),wait_rel(ms),lwait_acq, lwait_rel,gwait_acq,gwait_rel,glock_tries,array_size(B),client_id,run
000, 210114586,210114586, 2001.363525,   30.000000,10734.172852, 7763.055176,    0.000000,    0.000000,    0.000000,    0.000000,         0,               0,000,000
000, 210120799,210120799, 2001.370361,   30.000000,10734.291016, 7762.898438,    0.000000,    0.000000,    0.000000,    0.000000,         0,               0,000,001
000, 210118001,210118001, 2001.365479,   30.000000,10734.166016, 7763.067383,    0.000000,    0.000000,    0.000000,    0.000000,         0,               0,000,002
