tid,loop_in_cs,lock_acquires,lock_hold(ms),total_duration(s),wait_acq(ms),wait_rel(ms),lwait_acq,lwait_rel,gwait_acq,gwait_rel,data_read,data_write,glock_tries,array_size(B),client_id,run
000,    400609,  400609,    7.415783,   10.000000, 6696.309570, 3285.565430,   20.259502,   29.232206, 6648.522461, 3227.721191,   18.819719,   11.223515,    827078,               0,000,000
000,    401189,  401189,    7.315910,   10.000000, 6692.854004, 3289.347656,   20.316242,   29.438379, 6645.141113, 3231.187500,   18.714769,   11.231203,    827048,               0,000,001
000,    400742,  400742,    7.319917,   10.000000, 6695.041992, 3287.103760,   20.296223,   29.409607, 6647.182129, 3229.004639,   18.739887,   11.218652,    826946,               0,000,002
000,    400802,  400802,    7.421525,   10.000000, 6714.352051, 3267.369629,   21.175844,   30.520176, 6665.200684, 3207.878174,   19.654913,   11.223436,    828420,               0,001,000
000,    401537,  401537,    7.326928,   10.000000, 6712.765625, 3269.305664,   21.195045,   30.185789, 6663.756348, 3210.349854,   19.565651,   11.227622,    829262,               0,001,001
000,    401107,  401107,    7.303805,   10.000000, 6713.787598, 3268.312256,   21.178766,   30.028656, 6664.816406, 3209.778076,   19.517197,   11.234175,    828898,               0,001,002
