tid,loop_in_cs,lock_acquires,lock_hold(ms),total_duration(s),wait_acq(ms),wait_rel(ms),lwait_acq,lwait_rel,gwait_acq,gwait_rel,data_read,data_write,glock_tries,array_size(B),client_id,run
000,    608922,  608922,   11.151143,   10.000000, 5032.212402, 4940.610352,   32.145580,   42.672901, 4959.997070, 4856.506836,   28.489077,   17.394735,    608922,               0,000,000
000,    609156,  609156,   11.108247,   10.000000, 5032.164062, 4940.880859,   32.143108,   42.710705, 4960.355957, 4856.627930,   28.582680,   17.412075,    609156,               0,000,001
000,    608638,  608638,   11.044890,   10.000000, 5032.471680, 4940.689941,   32.119614,   42.664604, 4960.866699, 4856.804688,   28.510677,   17.391239,    608638,               0,000,002
