tid,wait_acq(ms),wait_rel(ms),client_id,run
000, 24.158890, 51.370186,000,000
000, 24.832190, 54.341530,000,001
