tid,total_duration(s),min_slock_hold,med,max,min_swait_acq,med,max,min_swait_rel,med,max,min_slwait_acq,med,max,min_slwait_rel,med,max,min_sgwait_acq,med,max,min_sgwait_rel,med,max,min_sdata_read,med,max,min_sdata_write,med,max,min_sglock_tries,med,max,array_size(B),client_id
000,10.0, 0.000016667, 0.000018750, 0.000069583, 0.007635833, 0.016369583, 0.052503332, 0.007534584, 0.008259167, 0.025376666, 0.000062917, 0.000067500, 0.000107500, 0.000084167, 0.000095000, 0.003789583, 0.007391250, 0.016128333, 0.052244168, 0.007255000, 0.008014583, 0.025113750, 0.000044167, 0.000050833, 0.000142917, 0.000027083, 0.000027500, 0.000042083, 1.000000000, 2.000000000, 6.000000000,               0,001
000,10.0, 0.000016667, 0.000018750, 0.000065417, 0.007585417, 0.016347084, 0.052353751, 0.007442083, 0.008193750, 0.020642083, 0.000062917, 0.000071250, 0.004402083, 0.000084167, 0.000095000, 0.003094583, 0.007338750, 0.016102917, 0.052113749, 0.007200000, 0.007949583, 0.020387083, 0.000046250, 0.000050833, 0.002924167, 0.000027083, 0.000027500, 0.000042083, 1.000000000, 2.000000000, 6.000000000,               0,001
000,10.0, 0.000016667, 0.000018750, 0.001522083, 0.007475833, 0.016134582, 0.165231660, 0.007437916, 0.008160000, 0.027252501, 0.000065417, 0.000071667, 0.000103333, 0.000090417, 0.000102917, 0.009970416, 0.007229583, 0.015886666, 0.150776669, 0.007193750, 0.007905417, 0.026440000, 0.000046250, 0.000048333, 0.008000000, 0.000027083, 0.000027500, 0.000062917, 1.000000000, 2.000000000, 6.000000000,               0,000
000,10.0, 0.000016667, 0.000017083, 0.000071667, 0.007581250, 0.016378749, 0.164517909, 0.007440000, 0.008212500, 0.017600000, 0.000062917, 0.000069583, 0.000082083, 0.000084167, 0.000094583, 0.003050417, 0.007336667, 0.016134582, 0.164248332, 0.007200000, 0.007968334, 0.017349584, 0.000046250, 0.000050417, 0.003342917, 0.000027083, 0.000027500, 0.000044167, 1.000000000, 2.000000000,20.000000000,               0,001
