tid,total_duration(s),min_slock_hold,med,max,min_swait_acq,med,max,min_swait_rel,med,max,min_slwait_acq,med,max,min_slwait_rel,med,max,min_sgwait_acq,med,max,min_sgwait_rel,med,max,min_sdata_read,med,max,min_sdata_write,med,max,min_sglock_tries,med,max,array_size(B),client_id
000,10.0, 0.000016667, 0.000017083, 0.003012917, 0.007538750, 0.016177082, 0.115282081, 0.006250417, 0.008073750, 0.029290833, 0.000048333, 0.000048333, 0.003128333, 0.000065000, 0.000069583, 0.009206250, 0.007320000, 0.015957501, 0.114962086, 0.005962083, 0.007848334, 0.028987501, 0.000046250, 0.000048333, 0.000095000, 0.000027083, 0.000027500, 0.000040000, 1.000000000, 2.000000000, 8.000000000,               0,001
000,10.0, 0.000016667, 0.000018750, 0.000060833, 0.007549583, 0.016200000, 0.056259166, 0.007452500, 0.008162083, 0.022696666, 0.000048333, 0.000048333, 0.003575000, 0.000065000, 0.000069583, 0.002926250, 0.007332917, 0.015980834, 0.056025416, 0.007219166, 0.007930417, 0.022437917, 0.000046250, 0.000048333, 0.000130417, 0.000027083, 0.000027500, 0.000033750, 1.000000000, 2.000000000, 6.000000000,               0,001
000,10.0, 0.000016667, 0.000017083, 0.001484167, 0.007477917, 0.015991667, 0.169993326, 0.007355833, 0.008077917, 0.020804584, 0.000048333, 0.000050417, 0.000111667, 0.000065000, 0.000075417, 0.008017084, 0.007260833, 0.015768750, 0.160370409, 0.007105417, 0.007842083, 0.017429167, 0.000044167, 0.000048333, 0.003414583, 0.000027083, 0.000027500, 0.000042500, 1.000000000, 2.000000000, 7.000000000,               0,000
000,10.0, 0.000016667, 0.000018750, 0.000061250, 0.007673750, 0.016208334, 0.064551249, 0.007475833, 0.008164166, 0.019460833, 0.000048333, 0.000048750, 0.003010833, 0.000065000, 0.000069583, 0.000143333, 0.007427500, 0.015987501, 0.064313747, 0.007231667, 0.007932500, 0.019210417, 0.000044167, 0.000048333, 0.003014583, 0.000027083, 0.000027500, 0.000042083, 1.000000000, 2.000000000, 8.000000000,               0,001
