tid,total_duration(s),min_slock_hold,med,max,min_swait_acq,med,max,min_swait_rel,med,max,min_slwait_acq,med,max,min_slwait_rel,med,max,min_sgwait_acq,med,max,min_sgwait_rel,med,max,min_sdata_read,med,max,min_sdata_write,med,max,min_sglock_tries,med,max,array_size(B),client_id
000,10.0, 0.000015000, 0.000016667, 0.000053333, 0.008838333, 0.019282084, 0.107528336, 0.008556667, 0.009642083, 0.020400001, 0.000051667, 0.000053333, 0.004288333, 0.000075000, 0.000105000, 0.004010000, 0.008625000, 0.019048333, 0.107228331, 0.008286667, 0.009365000, 0.020000417, 0.000041667, 0.000048333, 0.000160000, 0.000025000, 0.000026667, 0.000044167, 1.000000000, 2.000000000,11.000000000,               0,001
000,10.0, 0.000015000, 0.000017083, 0.000095000, 0.008732917, 0.019212499, 0.090867080, 0.006844167, 0.009507500, 0.020500001, 0.000053333, 0.000058750, 0.003545417, 0.000075000, 0.000101667, 0.009682500, 0.008505000, 0.018946666, 0.090621248, 0.006589583, 0.009244166, 0.020095000, 0.000043333, 0.000048333, 0.009736250, 0.000025000, 0.000027500, 0.000052500, 1.000000000, 2.000000000, 9.000000000,               0,000
000,10.0, 0.000015000, 0.000016667, 0.000055000, 0.008600000, 0.019273333, 0.108630002, 0.007513333, 0.009637916, 0.020239584, 0.000051667, 0.000053333, 0.003750000, 0.000073333, 0.000103333, 0.004067500, 0.008385000, 0.019040000, 0.108313337, 0.007256667, 0.009360000, 0.019885000, 0.000041667, 0.000048333, 0.003466667, 0.000025000, 0.000026667, 0.000045000, 1.000000000, 2.000000000,11.000000000,               0,001
000,10.0, 0.000015000, 0.000017083, 0.009449166, 0.008735000, 0.018929999, 0.103715003, 0.008493333, 0.009410000, 0.024226667, 0.000055000, 0.000058333, 0.000092500, 0.000073333, 0.000098333, 0.004186667, 0.008520000, 0.018682083, 0.103409998, 0.008201667, 0.009153750, 0.023841666, 0.000043333, 0.000048333, 0.004111667, 0.000025000, 0.000027500, 0.000040000, 1.000000000, 2.000000000,11.000000000,               0,000
000,10.0, 0.000015000, 0.000016667, 0.000048333, 0.009013333, 0.019254999, 0.080263332, 0.008566666, 0.009625000, 0.020320833, 0.000051667, 0.000053333, 0.004603333, 0.000073333, 0.000103333, 0.003953333, 0.008775000, 0.019025000, 0.080030002, 0.008303333, 0.009350000, 0.019916249, 0.000041667, 0.000048333, 0.008850000, 0.000025000, 0.000026667, 0.004045000, 1.000000000, 2.000000000, 8.000000000,               0,001
