tid,wait_acq(ms),wait_rel(ms),client_id,run
000, 22.858030, 50.154514,000,000
000, 24.859983, 54.707890,000,001
