tid,loop_in_cs,lock_acquires,lock_hold(ms),total_duration(s),wait_acq(ms),wait_rel(ms),lwait_acq,lwait_rel,gwait_acq,gwait_rel,data_read,data_write,glock_tries,array_size(B),client_id,run,nlocks
000,  77070336,     293,   82.911163,    1.000000,   98.712242,  321.642609,    2.029907,    0.153455,   96.630333,  321.420654,   85.862885,  311.158173,       433,         1048576,000,000,000032
000,   5242880,      19,    5.548769,    1.000000,    7.096481,   25.358047,    0.316525,    0.010904,    7.065990,   25.342144,    6.461186,   24.558546,        20,         1048576,000,001,000032
000,  70778880,     269,   74.863708,    1.000000,   95.416885,  307.840027,    1.975520,    0.148876,   94.720436,  307.624695,   79.512482,  298.537079,       732,         1048576,001,000,000032
000,  10747904,      40,   11.201826,    1.000000,   13.183326,   39.245903,    0.163612,    0.022255,   13.013006,   39.213768,   11.458363,   37.975826,        73,         1048576,001,001,000032
