tid,loop_in_cs,lock_acquires,lock_hold(ms),total_duration(s),wait_acq(ms),wait_rel(ms),lwait_acq,lwait_rel,gwait_acq,gwait_rel,data_read,data_write,glock_tries,array_size(B),client_id,run
000,    506977,  506977,    9.187077,   10.000000, 5029.208984, 4948.454590,   45.669258,   62.549515, 4945.201172, 4845.734375,   34.769337,   13.643915,    506977,               0,000,000
000,    509310,  509310,    8.881205,   10.000000, 5028.455566, 4950.218750,   45.815338,   61.485378, 4945.049316, 4849.383301,   33.568409,   13.692883,    509310,               0,000,001
000,    512316,  512316,    8.921561,   10.000000, 5030.911133, 4947.685547,   46.107094,   59.625145, 4947.962891, 4850.888672,   32.098400,   13.735549,    512316,               0,000,002
