tid,wait_acq(ms),wait_rel(ms),client_id,run
000, 25.737755, 53.316135,000,000
000, 24.773657, 52.224571,000,001
