tid,loop_in_cs,lock_acquires,lock_hold(ms),total_duration(s),wait_acq(ms),wait_rel(ms),lwait_acq,lwait_rel,gwait_acq,gwait_rel,data_read,data_write,glock_tries,array_size(B),client_id,run
000,    607715,  607715,   11.052607,   10.000000, 5042.867676, 4930.547363,   57.201355,   56.976234, 4946.389648, 4833.987793,   29.879454,   16.924809,    607715,               0,000,000
000,    606528,  606528,   11.035909,   10.000000, 5044.270508, 4929.229004,   57.187160,   56.199314, 4947.775391, 4833.417969,   30.043266,   16.949701,    606528,               0,000,001
000,    602626,  602626,   10.951451,   10.000000, 5043.391602, 4930.401367,   57.131653,   56.857513, 4947.156250, 4834.091309,   29.731449,   16.925980,    602626,               0,000,002
