tid,loop_in_cs,lock_acquires,lock_hold(ms),total_duration(s),wait_acq(ms),wait_rel(ms),lwait_acq, lwait_rel,gwait_acq,gwait_rel,glock_tries,array_size(B),client_id,run
000,   1051926, 1051926,   10.027218,   30.000000,15073.745117, 7405.984863,   57.619110,  108.947273,14894.085938, 7225.570801,   2149775,               0,000,000
000,   1042905, 1042905,    9.818357,   30.000000,15082.406250, 7397.698730,   57.024426,  107.846367,14885.768555, 7218.924316,   2132617,               0,000,001
000,   1046698, 1046698,    9.853916,   30.000000,15080.342773, 7399.709473,   57.151829,  108.013527,14894.306641, 7220.488770,   2140094,               0,000,002
000,   1146414, 1146414,   11.037963,   30.000000,15115.344727, 7360.137695,   67.198189,  127.696037,14919.205078, 7155.027832,   2367180,               0,001,000
000,   1144661, 1144661,   10.857858,   30.000000,15120.040039, 7355.672363,   67.113647,  127.213348,14923.101562, 7150.785156,   2366992,               0,001,001
000,   1143620, 1143620,   10.802782,   30.000000,15119.961914, 7355.835938,   67.048927,  127.559120,14922.635742, 7150.489746,   2364119,               0,001,002
