tid,total_duration(s),min_slock_hold,med,max,min_swait_acq,med,max,min_swait_rel,med,max,min_slwait_acq,med,max,min_slwait_rel,med,max,min_sgwait_acq,med,max,min_sgwait_rel,med,max,min_sdata_read,med,max,min_sdata_write,med,max,min_sglock_tries,med,max,array_size(B),client_id,nlocks
000,1.0, 0.272156656, 0.283112079, 0.301395833, 0.283289999, 0.284029990, 0.290879995, 0.533067524, 0.535059154, 0.538240850, 0.004083334, 0.004201666, 0.004253333, 0.000306667, 0.000331667, 0.000433333, 0.021250000, 0.022185000, 0.023526667, 0.276429176, 0.278222084, 0.280875832, 0.253126681, 0.253703326, 0.260019988, 0.249927506, 0.251428753, 0.251937509, 1.000000000, 1.000000000, 1.000000000,         1048576,000,000032
000,1.0, 0.258247495, 0.272717923, 0.319276661, 0.276039988, 0.337061673, 0.913685024, 0.541925013, 1.501227140, 2.515056610, 0.003285000, 0.004105000, 0.004286667, 0.000237500, 0.000311667, 0.000340000, 0.019379999, 0.025268333, 0.841298342, 0.275934994, 0.482561678, 1.310490012, 0.249957502, 0.292113334, 0.472479999, 0.253397495, 1.052552104, 1.277077556, 1.000000000, 1.000000000,52.000000000,         1048576,001,000032
000,1.0, 0.244424999, 0.307697088, 0.321203321, 0.289043337, 0.375972927, 0.493232489, 0.541750014, 1.097376704, 2.494486570, 0.003212500, 0.013808333, 0.024310000, 0.000282500, 0.000338333, 0.004660000, 0.018780001, 0.023118334, 0.034353334, 0.270657510, 0.478839993, 1.211003304, 0.254839987, 0.322218746, 0.467895001, 0.249909997, 0.584613740, 1.278159976, 1.000000000, 1.000000000, 1.000000000,         1048576,000,000032
000,1.0, 0.244609997, 0.246717498, 0.285013348, 0.273240000, 0.277099997, 0.286277503, 0.526849985, 0.533661664, 0.550580025, 0.003145000, 0.003232500, 0.004200000, 0.000225000, 0.000263750, 0.004527500, 0.018187501, 0.019102501, 0.022876667, 0.270514995, 0.275349170, 0.293312490, 0.248730004, 0.251410007, 0.260890007, 0.250575006, 0.251362503, 0.256909996, 1.000000000, 1.000000000, 1.000000000,         1048576,001,000032
