tid,loop_in_cs,lock_acquires,lock_hold(ms),total_duration(s),wait_acq(ms),wait_rel(ms),lwait_acq,lwait_rel,gwait_acq,gwait_rel,data_read,data_write,glock_tries,array_size(B),client_id,run
000,    400370,  400370,    7.406374,   10.000000, 6669.306152, 3312.684082,   40.838970,   39.375973, 6600.836426, 3245.330566,   19.028570,   11.366635,    814317,               0,000,000
000,    400324,  400324,    7.327328,   10.000000, 6665.187988, 3317.060791,   40.955811,   39.643837, 6596.792969, 3249.559570,   18.952425,   11.355436,    813716,               0,000,001
000,    400153,  400153,    7.253282,   10.000000, 6666.443848, 3316.040039,   41.111179,   39.476212, 6597.868164, 3248.622803,   18.884691,   11.363512,    813567,               0,000,002
000,    400250,  400250,    7.406125,   10.000000, 6668.520508, 3313.427002,   41.435867,   41.684166, 6599.557129, 3243.447998,   19.533737,   11.585150,    815529,               0,001,000
000,    400260,  400260,    7.291825,   10.000000, 6669.311523, 3312.996094,   41.444294,   41.610672, 6600.472656, 3243.338623,   19.397959,   11.565701,    815468,               0,001,001
000,    400049,  400049,    7.288640,   10.000000, 6670.227539, 3312.110596,   41.377575,   41.761902, 6601.398926, 3242.088867,   19.402679,   11.561363,    815918,               0,001,002
