tid,loop_in_cs,lock_acquires,lock_hold(ms),total_duration(s),wait_acq(ms),wait_rel(ms),lwait_acq,lwait_rel,gwait_acq,gwait_rel,data_read,data_write,glock_tries,array_size(B),client_id,run
000,    607871,  607871,   11.126919,   10.000000, 5035.835449, 4935.026367,   58.606800,   62.052048, 4936.712402, 4831.894531,   30.396366,   16.994869,    607871,               0,000,000
000,    609330,  609330,   11.115517,   10.000000, 5035.164551, 4935.702637,   58.704235,   63.320305, 4935.869629, 4831.973145,   30.436991,   17.009729,    609330,               0,000,001
000,    606653,  606653,   10.999554,   10.000000, 5036.154785, 4935.064453,   58.456768,   63.354794, 4937.402832, 4831.376953,   30.246201,   16.968225,    606653,               0,000,002
