tid,loop_in_cs,lock_acquires,lock_hold(ms),total_duration(s),wait_acq(ms),wait_rel(ms),lwait_acq, lwait_rel,gwait_acq,gwait_rel,glock_tries,array_size(B),client_id,run
000,   1084078, 1084078,   10.341625,   30.000000,15076.470703, 7401.309570,   48.542999,  102.599617,14900.015625, 7213.326172,   2214979,               0,000,000
000,   1080225, 1080225,   10.305571,   30.000000,15081.525391, 7396.334961,   48.315556,  102.201691,14905.924805, 7209.340332,   2216288,               0,000,001
000,   1079053, 1079053,   10.284536,   30.000000,15060.396484, 7415.616699,   48.423214,  102.270378,14884.750977, 7231.279785,   2205086,               0,000,002
000,   1176561, 1176561,   11.165683,   30.000000,15113.210938, 7361.858398,   55.401131,  134.810501,14921.022461, 7139.798828,   2426572,               0,001,000
000,   1179378, 1179378,   11.191930,   30.000000,15092.952148, 7382.053223,   55.497150,  134.916000,14899.820312, 7159.797363,   2435166,               0,001,001
000,   1164356, 1164356,   10.946283,   30.000000,15099.768555, 7373.649902,   54.802540,  133.381378,14909.635742, 7155.822754,   2408476,               0,001,002
