tid,loop_in_cs,lock_acquires,lock_hold(ms),total_duration(s),wait_acq(ms),wait_rel(ms),lwait_acq,lwait_rel,gwait_acq,gwait_rel,data_read,data_write,glock_tries,array_size(B),client_id,run
000,    602845,  602845,   11.026729,   10.000000, 5022.698730, 4950.414551,   58.408508,   55.085152, 4924.852051, 4855.315918,   29.965847,   16.856913,    602845,               0,000,000
000,    602716,  602716,   10.993756,   10.000000, 5023.161133, 4950.097168,   58.544880,   55.083012, 4925.229492, 4854.993164,   29.894199,   16.844070,    602716,               0,000,001
000,    605634,  605634,   10.930972,   10.000000, 5023.601074, 4949.958496,   58.555660,   54.177681, 4925.147949, 4855.699219,   29.851440,   16.821482,    605634,               0,000,002
