tid,total_duration(s),min_slock_hold,med,max,min_swait_acq,med,max,min_swait_rel,med,max,min_slwait_acq,med,max,min_slwait_rel,med,max,min_sgwait_acq,med,max,min_sgwait_rel,med,max,min_sdata_read,med,max,min_sdata_write,med,max,min_sglock_tries,med,max,array_size(B),client_id
000,10.0, 0.000016667, 0.000018750, 0.003381250, 0.006206667, 0.008195833, 0.027917916, 0.007286250, 0.008069583, 0.018932501, 0.000073333, 0.000075833, 0.000122083, 0.000056667, 0.000062917, 0.000153750, 0.005945417, 0.007949583, 0.027622916, 0.007073750, 0.007848334, 0.018646667, 0.000044167, 0.000048333, 0.002922083, 0.000027083, 0.000027500, 0.003469167, 1.000000000, 1.000000000, 1.000000000,               0,000
000,10.0, 0.000016667, 0.000017083, 0.002606250, 0.007455000, 0.008214584, 0.018496666, 0.007380833, 0.008088334, 0.147675827, 0.000073333, 0.000075833, 0.002627500, 0.000056667, 0.000062917, 0.006557917, 0.007212500, 0.007968750, 0.015008333, 0.007168334, 0.007867083, 0.130259171, 0.000044167, 0.000048333, 0.002896667, 0.000027083, 0.000027500, 0.000044167, 1.000000000, 1.000000000, 1.000000000,               0,000
000,10.0, 0.000015000, 0.000018333, 0.001562083, 0.007471667, 0.008210417, 0.203673333, 0.007316667, 0.008088750, 0.021775000, 0.000070000, 0.000075833, 0.002608333, 0.000053333, 0.000062917, 0.006469583, 0.007227083, 0.007964167, 0.189364582, 0.007115000, 0.007873333, 0.019100834, 0.000041667, 0.000048333, 0.008040000, 0.000025000, 0.000027500, 0.000060833, 1.000000000, 1.000000000, 1.000000000,               0,000
