tid,total_duration(s),min_slock_hold,med,max,min_swait_acq,med,max,min_swait_rel,med,max,min_slwait_acq,med,max,min_slwait_rel,med,max,min_sgwait_acq,med,max,min_sgwait_rel,med,max,min_sdata_read,med,max,min_sdata_write,med,max,min_sglock_tries,med,max,array_size(B),client_id
000,10.0, 0.000016667, 0.000018750, 0.000065000, 0.007591667, 0.016193749, 0.048528332, 0.007305000, 0.008069583, 0.017471667, 0.000073333, 0.000075833, 0.003534583, 0.000058750, 0.000067083, 0.004022917, 0.007349167, 0.015949583, 0.048269585, 0.007084167, 0.007837917, 0.017244583, 0.000044167, 0.000048333, 0.000132917, 0.000027083, 0.000027500, 0.000044167, 1.000000000, 2.000000000, 6.000000000,               0,001
000,10.0, 0.000016667, 0.000018750, 0.000067500, 0.007650833, 0.016204167, 0.056288749, 0.007406250, 0.008143334, 0.020804167, 0.000073333, 0.000075833, 0.000155833, 0.000060833, 0.000067083, 0.000166250, 0.007404167, 0.015957916, 0.056035832, 0.007189583, 0.007911666, 0.020528333, 0.000044167, 0.000048333, 0.000086250, 0.000027083, 0.000027500, 0.003027500, 1.000000000, 2.000000000, 6.000000000,               0,001
000,10.0, 0.000016667, 0.000017083, 0.001465417, 0.007437916, 0.016052499, 0.154831663, 0.005142916, 0.008040000, 0.028669583, 0.000073333, 0.000075833, 0.008406250, 0.000058750, 0.000065417, 0.006591666, 0.007193750, 0.015806250, 0.140562087, 0.004905417, 0.007810417, 0.024042083, 0.000044167, 0.000048333, 0.008033333, 0.000027083, 0.000027500, 0.000054583, 1.000000000, 2.000000000, 5.000000000,               0,000
000,10.0, 0.000016667, 0.000017083, 0.000057083, 0.007627500, 0.016193749, 0.162317917, 0.007366667, 0.008136666, 0.020195832, 0.000073333, 0.000075833, 0.000155833, 0.000060833, 0.000067083, 0.003604167, 0.007379167, 0.015949583, 0.162046254, 0.007145416, 0.007905417, 0.019930834, 0.000044167, 0.000048333, 0.003513750, 0.000027083, 0.000027500, 0.003273750, 1.000000000, 2.000000000,20.000000000,               0,001
