tid,loop_in_cs,lock_acquires,lock_hold(ms),total_duration(s),wait_acq(ms),wait_rel(ms),lwait_acq, lwait_rel,gwait_acq,gwait_rel,glock_tries,array_size(B),client_id,run
000,    794014,  794014,    7.613007,   30.000000,16919.998047, 5564.021973,   22.745565,   41.437641,16806.921875, 5438.155762,   2441976,               0,000,000
000,    798158,  798158,    7.630823,   30.000000,16923.886719, 5559.996582,   22.818665,   41.748959,16810.320312, 5433.507812,   2455370,               0,000,001
000,    795500,  795500,    7.618795,   30.000000,16927.330078, 5556.657715,   22.739397,   41.473415,16814.123047, 5430.749512,   2449906,               0,000,002
000,    853713,  853713,    8.091566,   30.000000,17053.167969, 5428.184082,   28.108763,   46.022732,16928.734375, 5290.628906,   2688729,               0,001,000
000,    853382,  853382,    8.068963,   30.000000,17049.478516, 5431.962402,   28.135454,   45.757950,16925.378906, 5294.999023,   2690535,               0,001,001
000,    850899,  850899,    8.084051,   30.000000,17031.652344, 5449.816406,   27.997927,   46.371204,16908.003906, 5312.429199,   2685396,               0,001,002
000,    805014,  805014,    8.447227,   30.000000,16918.648438, 5563.979492,   23.682249,   36.533016,16803.031250, 5440.035156,   2465737,               0,002,000
000,    806073,  806073,    7.868986,   30.000000,16905.523438, 5577.813965,   23.681162,   36.328411,16790.146484, 5454.211426,   2469196,               0,002,001
000,    805941,  805941,    7.844531,   30.000000,16907.390625, 5576.022949,   23.796894,   36.678268,16793.378906, 5452.500000,   2471591,               0,002,002
