tid,total_duration(s),min_slock_hold,med,max,min_swait_acq,med,max,min_swait_rel,med,max,min_slwait_acq,med,max,min_slwait_rel,med,max,min_sgwait_acq,med,max,min_sgwait_rel,med,max,min_sdata_read,med,max,min_sdata_write,med,max,min_sglock_tries,med,max,array_size(B),client_id
000,10.0, 0.000015000, 0.000017083, 0.000070000, 0.008605000, 0.009513750, 0.021196667, 0.008415000, 0.009365000, 0.019823333, 0.000045000, 0.000048333, 0.004130833, 0.000055000, 0.000063333, 0.000130833, 0.008398334, 0.009296667, 0.020985000, 0.008215000, 0.009148333, 0.019586667, 0.000041667, 0.000046667, 0.000168333, 0.000025000, 0.000026667, 0.000040000, 1.000000000, 1.000000000, 1.000000000,               0,000
000,10.0, 0.000015000, 0.000017083, 0.000090833, 0.008636666, 0.009620000, 0.020122500, 0.008461666, 0.009467083, 0.019907501, 0.000045000, 0.000048333, 0.003781667, 0.000055000, 0.000065417, 0.000108333, 0.008431667, 0.009400000, 0.019792084, 0.008258333, 0.009244166, 0.019577917, 0.000041667, 0.000048333, 0.009547500, 0.000025000, 0.000027083, 0.000041667, 1.000000000, 1.000000000, 1.000000000,               0,000
000,10.0, 0.000015000, 0.000017083, 0.000083333, 0.008628333, 0.009633333, 0.020370416, 0.008526667, 0.009478333, 0.020138750, 0.000045000, 0.000048333, 0.003446667, 0.000055000, 0.000065417, 0.009678750, 0.008391666, 0.009413334, 0.020067083, 0.008315000, 0.009256667, 0.019811250, 0.000041667, 0.000048333, 0.004117917, 0.000025000, 0.000027500, 0.000043333, 1.000000000, 1.000000000, 1.000000000,               0,000
