tid,loop_in_cs,lock_acquires,lock_hold(ms),total_duration(s),wait_acq(ms),wait_rel(ms),lwait_acq, lwait_rel,gwait_acq,gwait_rel,glock_tries,array_size(B),client_id,run
000,   1578015, 1578015,   15.040772,   30.000000,10988.930664,11480.656250,   72.150543,  841.074097,10737.856445,10523.545898,   1578015,               0,000,000
000,   1571134, 1571134,   14.826114,   30.000000,10961.445312,11508.704102,   71.700401,  838.649292,10714.468750,10555.516602,   1571134,               0,000,001
000,   1577335, 1577335,   14.993507,   30.000000,10953.197266,11516.721680,   72.126793,  842.114136,10705.052734,10560.223633,   1577335,               0,000,002
