tid,loop_in_cs,lock_acquires,lock_hold(ms),total_duration(s),wait_acq(ms),wait_rel(ms),lwait_acq, lwait_rel,gwait_acq,gwait_rel,glock_tries,array_size(B),client_id,run
000,   1061653, 1061653,   10.344044,   30.000000,14550.112305, 7929.392578,   54.135574,  577.111511,14375.003906, 7271.676270,   2061483,               0,000,000
000,   1057207, 1057207,   10.031090,   30.000000,14566.145508, 7913.721191,   54.018784,  571.677063,14392.622070, 7261.929199,   2057414,               0,000,001
000,   1053607, 1053607,    9.915580,   30.000000,14562.221680, 7917.822266,   53.838696,  570.368347,14390.278320, 7266.438477,   2050458,               0,000,002
000,   1118081, 1118081,   11.441845,   30.000000,14780.527344, 7696.663574,   60.796268,  622.689636,14577.997070, 6987.987793,   2303429,               0,001,000
000,   1116137, 1116137,   11.404782,   30.000000,14766.764648, 7710.471680,   61.553120,  621.527222,14562.580078, 7003.680176,   2296457,               0,001,001
000,   1114773, 1114773,   11.341478,   30.000000,14762.630859, 7714.721191,   61.574390,  621.211548,14558.765625, 7008.639160,   2292157,               0,001,002
