tid,total_duration(s),min_slock_hold,med,max,min_swait_acq,med,max,min_swait_rel,med,max,min_slwait_acq,med,max,min_slwait_rel,med,max,min_sgwait_acq,med,max,min_sgwait_rel,med,max,min_sdata_read,med,max,min_sdata_write,med,max,min_sglock_tries,med,max,array_size(B),client_id
000,10.0, 0.000015000, 0.000018333, 0.000086250, 0.005608333, 0.008284166, 0.017909167, 0.007299167, 0.008067500, 0.036734585, 0.000090000, 0.000096667, 0.000111667, 0.000075000, 0.000086250, 0.003017083, 0.005343333, 0.008017084, 0.017650001, 0.007065000, 0.007840000, 0.036421251, 0.000041667, 0.000048333, 0.000134583, 0.000025000, 0.000027500, 0.003172500, 1.000000000, 1.000000000, 1.000000000,               0,000
000,10.0, 0.000015000, 0.000017083, 0.001515833, 0.005610417, 0.008275833, 0.019677917, 0.007349167, 0.008071250, 0.153252497, 0.000090000, 0.000096667, 0.004227500, 0.000075000, 0.000086250, 0.012890417, 0.005335000, 0.008008333, 0.017482501, 0.007126250, 0.007840000, 0.133764163, 0.000041667, 0.000048333, 0.004705417, 0.000025000, 0.000027500, 0.000103333, 1.000000000, 1.000000000, 1.000000000,               0,000
000,10.0, 0.000016667, 0.000018750, 0.001513750, 0.007511250, 0.008284166, 0.027615000, 0.007307083, 0.008084167, 0.021564167, 0.000094583, 0.000096667, 0.003128333, 0.000077500, 0.000086250, 0.000202083, 0.007237917, 0.008018750, 0.027275834, 0.007073750, 0.007854584, 0.021337083, 0.000044167, 0.000048333, 0.003370417, 0.000027083, 0.000027500, 0.000101250, 1.000000000, 1.000000000, 1.000000000,               0,000
