tid,total_duration(s),min_slock_hold,med,max,min_swait_acq,med,max,min_swait_rel,med,max,min_slwait_acq,med,max,min_slwait_rel,med,max,min_sgwait_acq,med,max,min_sgwait_rel,med,max,min_sdata_read,med,max,min_sdata_write,med,max,min_sglock_tries,med,max,array_size(B),client_id
000,10.0, 0.000015000, 0.000016667, 0.003345000, 0.008600000, 0.009690000, 0.020061666, 0.008365000, 0.009493333, 0.018746667, 0.000083333, 0.000086667, 0.003861667, 0.000076667, 0.000086667, 0.003566667, 0.008350000, 0.009436667, 0.019808333, 0.008146667, 0.009255000, 0.018506667, 0.000041667, 0.000045000, 0.000193333, 0.000025000, 0.000026667, 0.000041667, 1.000000000, 1.000000000, 1.000000000,               0,000
000,10.0, 0.000015000, 0.000016667, 0.000073333, 0.008561667, 0.009668333, 0.019921666, 0.008326666, 0.009471667, 0.020679999, 0.000083333, 0.000086667, 0.002715000, 0.000076667, 0.000085000, 0.004056667, 0.008318333, 0.009411667, 0.019664999, 0.008108334, 0.009240000, 0.020283334, 0.000041667, 0.000045000, 0.002665000, 0.000025000, 0.000026667, 0.000040000, 1.000000000, 1.000000000, 1.000000000,               0,000
000,10.0, 0.000015000, 0.000016667, 0.000088333, 0.008585000, 0.009688334, 0.019733334, 0.008340000, 0.009481667, 0.019201666, 0.000083333, 0.000086667, 0.010070000, 0.000075000, 0.000085000, 0.003756667, 0.008331667, 0.009433334, 0.019071667, 0.008125000, 0.009250000, 0.018923333, 0.000041667, 0.000045000, 0.009141667, 0.000025000, 0.000026667, 0.000033333, 1.000000000, 1.000000000, 1.000000000,               0,000
