tid,total_duration(s),min_slock_hold,med,max,min_swait_acq,med,max,min_swait_rel,med,max,min_slwait_acq,med,max,min_slwait_rel,med,max,min_sgwait_acq,med,max,min_sgwait_rel,med,max,min_sdata_read,med,max,min_sdata_write,med,max,min_sglock_tries,med,max,array_size(B),client_id
000,10.0, 0.000015000, 0.000017083, 0.000092917, 0.009150000, 0.019596666, 0.099604167, 0.008546666, 0.009699167, 0.020715833, 0.000086667, 0.000094583, 0.004141250, 0.000086667, 0.000126667, 0.009755000, 0.008863334, 0.019293750, 0.099320002, 0.008323333, 0.009427500, 0.020473333, 0.000041667, 0.000044583, 0.000173333, 0.000025000, 0.000027500, 0.000046250, 1.000000000, 2.000000000,10.000000000,               0,001
000,10.0, 0.000015000, 0.000017083, 0.000073750, 0.008986667, 0.019366667, 0.106646664, 0.008510000, 0.009550000, 0.020937083, 0.000085000, 0.000090417, 0.004133333, 0.000076667, 0.000113333, 0.009356666, 0.008686666, 0.019068750, 0.106376670, 0.008288333, 0.009293334, 0.020700417, 0.000041667, 0.000046667, 0.003341667, 0.000025000, 0.000027083, 0.004175000, 1.000000000, 2.000000000,11.000000000,               0,000
000,10.0, 0.000015000, 0.000018333, 0.000092500, 0.008625000, 0.019558333, 0.098195836, 0.008491667, 0.009685000, 0.020511666, 0.000086667, 0.000093333, 0.009523750, 0.000086667, 0.000125000, 0.009714167, 0.008370000, 0.019256666, 0.097812913, 0.008245000, 0.009413334, 0.020178333, 0.000041667, 0.000045000, 0.009467917, 0.000025000, 0.000027083, 0.000046667, 1.000000000, 2.000000000,10.000000000,               0,001
000,10.0, 0.000015000, 0.000017083, 0.000078333, 0.008773333, 0.019365000, 0.091310002, 0.008501667, 0.009555833, 0.023518750, 0.000085000, 0.000090417, 0.009506250, 0.000076667, 0.000113333, 0.009769583, 0.008530000, 0.019066667, 0.091033332, 0.008251667, 0.009298750, 0.023137083, 0.000041667, 0.000048333, 0.003757917, 0.000025000, 0.000027500, 0.000040000, 1.000000000, 2.000000000, 9.000000000,               0,000
000,10.0, 0.000015000, 0.000017083, 0.000088333, 0.008776667, 0.019563334, 0.100528330, 0.008506667, 0.009684167, 0.020281667, 0.000086667, 0.000094583, 0.009752500, 0.000086667, 0.000126667, 0.004157917, 0.008526667, 0.019261668, 0.100244164, 0.008203333, 0.009415000, 0.019910833, 0.000041667, 0.000044583, 0.003844167, 0.000025000, 0.000027500, 0.000045000, 1.000000000, 2.000000000,10.000000000,               0,001
