tid,loop_in_cs,lock_acquires,lock_hold(ms),total_duration(s),wait_acq(ms),wait_rel(ms),lwait_acq, lwait_rel,gwait_acq,gwait_rel,glock_tries,array_size(B),client_id,run
000,   1073304, 1073304,   10.966516,   30.000000,15118.376953, 7360.002441,   59.659473,  114.548988,14929.041992, 7169.274414,   2198768,               0,000,000
000,   1052251, 1052251,   10.676805,   30.000000,15111.107422, 7367.901367,   58.321701,  111.703400,14926.252930, 7182.636230,   2158537,               0,000,001
000,   1067247, 1067247,   10.770798,   30.000000,15078.827148, 7399.940430,   59.080700,  113.281082,14891.339844, 7210.935059,   2186355,               0,000,002
000,   1152473, 1152473,   11.274468,   30.000000,15075.793945, 7401.676270,   65.214966,  127.060066,14882.430664, 7194.616211,   2368590,               0,001,000
000,   1150939, 1150939,   11.273442,   30.000000,15077.734375, 7399.744141,   64.735130,  126.734909,14883.651367, 7192.836426,   2367670,               0,001,001
000,   1148474, 1148474,   11.322444,   30.000000,15094.147461, 7383.252930,   64.618782,  125.920570,14900.757812, 7177.679199,   2369983,               0,001,002
