tid,total_duration(s),min_slock_hold,med,max,min_swait_acq,med,max,min_swait_rel,med,max,min_slwait_acq,med,max,min_slwait_rel,med,max,min_sgwait_acq,med,max,min_sgwait_rel,med,max,min_sdata_read,med,max,min_sdata_write,med,max,min_sglock_tries,med,max,array_size(B),client_id,nlocks
000,1.0, 0.258890003, 0.261881262, 0.321033329, 0.255140007, 0.258590013, 0.271652490, 0.255272508, 0.259047508, 0.266535014, 0.000217500, 0.000251250, 0.000316667, 0.000245000, 0.000308750, 0.020037917, 0.012660000, 0.013286250, 0.014540000, 0.011617500, 0.012552917, 0.015045000, 0.241805002, 0.244119585, 0.258447498, 0.242937505, 0.244741246, 0.254197508, 1.000000000, 1.000000000, 1.000000000,         1048576,000,000032
000,1.0, 0.260197490, 0.306575418, 0.320456654, 0.254274994, 0.264725000, 0.478826672, 0.255430013, 0.268848330, 0.918524981, 0.000222500, 0.000290833, 0.000420000, 0.000307500, 0.000353750, 0.005230000, 0.012202500, 0.015307916, 0.022343334, 0.011605000, 0.013255000, 0.022360001, 0.241459996, 0.248451665, 0.455972493, 0.243175000, 0.251814574, 0.895532489, 1.000000000, 1.000000000, 1.000000000,         1048576,001,000032
