tid,wait_acq(ms),wait_rel(ms),client_id,run
000, 23.678102, 44.895065,000,000
000, 24.256500, 53.105019,000,001
