tid,loop_in_cs,lock_acquires,lock_hold(ms),total_duration(s),wait_acq(ms),wait_rel(ms),lwait_acq, lwait_rel,gwait_acq,gwait_rel,glock_tries,array_size(B),client_id,run
000,   1119480, 1119480,   10.853520,   30.000000,15064.910156, 7413.166504,   41.139061,  114.266220,14888.959961, 7220.216797,   2295516,               0,000,000
000,   1072211, 1072211,   10.239690,   30.000000,15085.142578, 7394.204590,   39.464916,  108.804131,14919.262695, 7210.415527,   2203140,               0,000,001
000,   1071422, 1071422,   10.230607,   30.000000,15069.953125, 7409.516113,   39.468189,  108.624840,14902.495117, 7225.604492,   2195044,               0,000,002
000,   1144593, 1144593,   11.446400,   30.000000,15118.970703, 7365.901367,   54.330406,  116.363060,14932.404297, 7167.516113,   2357913,               0,001,000
000,   1142875, 1142875,   11.312531,   30.000000,15093.355469, 7383.849121,   54.174042,  114.101883,14908.386719, 7188.367188,   2351534,               0,001,001
000,   1153904, 1153904,   11.224141,   30.000000,15057.668945, 7418.618652,   55.243279,  114.990799,14869.154297, 7220.915039,   2374569,               0,001,002
