tid,loop_in_cs,lock_acquires,lock_hold(ms),total_duration(s),wait_acq(ms),wait_rel(ms),lwait_acq, lwait_rel,gwait_acq,gwait_rel,glock_tries,array_size(B),client_id,run
000,    792849,  792849,    8.063740,   30.000000,16939.894531, 5544.196289,   33.244160,   75.464249,16813.320312, 5410.677734,   2429345,               0,000,000
000,    785374,  785374,    7.998642,   30.000000,16949.142578, 5535.094238,   32.865986,   74.665047,16823.898438, 5402.888184,   2412561,               0,000,001
000,    787868,  787868,    7.999341,   30.000000,16953.677734, 5530.566406,   33.283531,   75.088882,16829.058594, 5397.795898,   2423192,               0,000,002
000,    861371,  861371,    8.353578,   30.000000,17031.939453, 5450.161133,   36.533192,   96.947052,16894.298828, 5288.581543,   2711469,               0,001,000
000,    857258,  857258,    8.235824,   30.000000,16998.769531, 5483.784180,   36.252625,   96.102020,16859.837891, 5322.949707,   2698792,               0,001,001
000,    853329,  853329,    8.534203,   30.000000,17018.945312, 5463.359863,   36.111820,   95.619698,16879.585938, 5304.362793,   2699312,               0,001,002
000,    802541,  802541,    7.739690,   30.000000,16937.501953, 5545.375488,   35.352306,   81.967728,16810.902344, 5403.364258,   2460514,               0,002,000
000,    799911,  799911,    7.759939,   30.000000,16937.443359, 5545.388672,   35.254280,   81.773132,16811.154297, 5403.901855,   2454443,               0,002,001
000,    797085,  797085,    7.917552,   30.000000,16903.957031, 5578.672852,   35.179794,   81.898216,16778.441406, 5437.036133,   2443740,               0,002,002
