tid,loop_in_cs,lock_acquires,lock_hold(ms),total_duration(s),wait_acq(ms),wait_rel(ms),lwait_acq, lwait_rel,gwait_acq,gwait_rel,glock_tries,array_size(B),client_id,run
000,   1057466, 1057466,   10.059003,   30.000000,15050.287109, 7427.605957,   63.141304,  126.588623,14865.993164, 7225.040039,   2151925,               0,000,000
000,   1057021, 1057021,   10.010364,   30.000000,15050.598633, 7427.361328,   62.922359,  126.056198,14866.911133, 7225.634766,   2154099,               0,000,001
000,   1047351, 1047351,    9.970170,   30.000000,15054.772461, 7423.209473,   62.793034,  125.690498,14870.839844, 7224.074707,   2134954,               0,000,002
000,   1149329, 1149329,   10.870023,   30.000000,15101.665039, 7373.852051,   78.816116,  160.482147,14886.512695, 7128.319336,   2364917,               0,001,000
000,   1146968, 1146968,   10.859477,   30.000000,15085.183594, 7390.224121,   79.787598,  159.639572,14870.748047, 7145.423828,   2362405,               0,001,001
000,   1148846, 1148846,   10.870070,   30.000000,15082.000977, 7393.332520,   78.852051,  160.337936,14868.263672, 7148.317383,   2366330,               0,001,002
