tid,wait_acq(ms),wait_rel(ms),client_id,run
000, 27.269220, 54.635784,000,000
000, 26.030384, 52.792927,000,001
