tid,loop_in_cs,lock_acquires,lock_hold(ms),total_duration(s),wait_acq(ms),wait_rel(ms),lwait_acq, lwait_rel,gwait_acq,gwait_rel,glock_tries,array_size(B),client_id,run
000,   1631050, 1631050,   15.403321,   30.000000,11280.472656,11185.690430,   88.300987,  195.018341,11013.008789,10874.743164,   1631050,               0,000,000
000,   1624487, 1624487,   15.266004,   30.000000,11280.889648,11185.547852,   87.825279,  193.775635,11014.958984,10876.445312,   1624487,               0,000,001
000,   1622586, 1622586,   15.226743,   30.000000,11283.442383,11183.057617,   87.597878,  193.561798,11015.712891,10877.071289,   1622586,               0,000,002
