tid,loop_in_cs,lock_acquires,lock_hold(ms),total_duration(s),wait_acq(ms),wait_rel(ms),lwait_acq, lwait_rel,gwait_acq,gwait_rel,glock_tries,array_size(B),client_id,run
000,    824940,  824940,    7.799004,   30.000000,16906.623047, 5575.810547,   48.140480,  102.233398,16762.626953, 5410.156250,   2544751,               0,000,000
000,    816796,  816796,    7.739592,   30.000000,16915.240234, 5567.372070,   47.660404,  101.386658,16772.505859, 5403.271484,   2524661,               0,000,001
000,    817213,  817213,    7.707184,   30.000000,16915.990234, 5566.673340,   47.442581,  101.340538,16772.798828, 5404.211426,   2525727,               0,000,002
000,    846140,  846140,    8.590834,   30.000000,16984.843750, 5494.600098,   52.858509,  118.724403,16833.939453, 5315.772949,   2665491,               0,001,000
000,    845334,  845334,    8.508070,   30.000000,16991.591797, 5488.041504,   52.830910,  118.677048,16839.816406, 5309.348633,   2669678,               0,001,001
000,    845161,  845161,    8.523454,   30.000000,16990.304688, 5489.354980,   52.826004,  118.265747,16838.574219, 5311.854004,   2666060,               0,001,002
000,    792356,  792356,    8.284412,   30.000000,16896.025391, 5586.354004,   45.266022,   99.714149,16758.423828, 5430.609863,   2420499,               0,002,000
000,    787779,  787779,    8.196848,   30.000000,16865.525391, 5617.070312,   45.257645,   99.083199,16728.968750, 5462.394043,   2402991,               0,002,001
000,    787120,  787120,    8.276917,   30.000000,16871.041016, 5611.386719,   44.127995,   98.404266,16736.056641, 5457.782227,   2403857,               0,002,002
