tid,loop_in_cs,lock_acquires,lock_hold(ms),total_duration(s),wait_acq(ms),wait_rel(ms),lwait_acq, lwait_rel,gwait_acq,gwait_rel,glock_tries,array_size(B),client_id,run
000,   1612982, 1612982,   15.178347,   30.000000,11262.726562,11206.562500,   44.705780,   70.411118,11044.084961,10964.970703,   1612982,               0,000,000
000,   1609373, 1609373,   15.141185,   30.000000,11250.265625,11219.158203,   44.595291,   70.028267,11032.557617,10978.538086,   1609373,               0,000,001
000,   1620828, 1620828,   15.228655,   30.000000,11228.609375,11240.546875,   44.951984,   70.524567,11008.542969,10997.704102,   1620828,               0,000,002
