tid,loop_in_cs,lock_acquires,lock_hold(ms),total_duration(s),wait_acq(ms),wait_rel(ms),lwait_acq, lwait_rel,gwait_acq,gwait_rel,glock_tries,array_size(B),client_id,run
000,    802502,  802502,    7.636642,   30.000000,16918.281250, 5565.513672,   23.419283,   40.051178,16803.345703, 5434.426270,   2469786,               0,000,000
000,    804824,  804824,    7.571877,   30.000000,16922.576172, 5561.340332,   23.465450,   39.940575,16807.371094, 5430.775879,   2479760,               0,000,001
000,    802837,  802837,    7.660273,   30.000000,16923.376953, 5560.373047,   23.452198,   39.985786,16808.328125, 5429.815918,   2474895,               0,000,002
000,    856251,  856251,    8.125319,   30.000000,17024.917969, 5457.125977,   27.691086,   45.960533,16900.714844, 5313.339355,   2702587,               0,001,000
000,    856263,  856263,    8.072814,   30.000000,17009.707031, 5472.313477,   27.689983,   45.771950,16885.052734, 5328.852051,   2701893,               0,001,001
000,    854041,  854041,    8.062987,   30.000000,17013.765625, 5468.453613,   27.616322,   46.085110,16889.466797, 5325.456055,   2698475,               0,001,002
000,    810795,  810795,    7.843235,   30.000000,16936.125000, 5547.151367,   22.613682,   37.502975,16822.839844, 5421.430176,   2481256,               0,002,000
000,    808198,  808198,    7.780077,   30.000000,16936.710938, 5546.611816,   22.524553,   37.293823,16821.861328, 5421.448730,   2473718,               0,002,001
000,    808942,  808942,    7.775596,   30.000000,16921.287109, 5562.035645,   22.564320,   37.406910,16806.875000, 5437.400879,   2478235,               0,002,002
