tid,loop_in_cs,lock_acquires,lock_hold(ms),total_duration(s),wait_acq(ms),wait_rel(ms),lwait_acq,lwait_rel,gwait_acq,gwait_rel,data_read,data_write,glock_tries,array_size(B),client_id,run
000,    604271,  604271,   11.065298,   10.000000, 5011.509277, 4961.746582,   40.930080,   68.404137, 4931.139160, 4853.620117,   29.645916,   16.954716,    604271,               0,000,000
000,    604339,  604339,   11.011626,   10.000000, 5012.664062, 4960.791992,   40.991295,   67.908363, 4932.204590, 4853.231445,   29.622330,   16.948647,    604339,               0,000,001
000,    603630,  603630,   10.943990,   10.000000, 5015.259766, 4958.428223,   41.043365,   66.789322, 4934.799316, 4852.123047,   29.498333,   16.944147,    603630,               0,000,002
