tid,loop_in_cs,lock_acquires,lock_hold(ms),total_duration(s),wait_acq(ms),wait_rel(ms),lwait_acq,lwait_rel,gwait_acq,gwait_rel,data_read,data_write,glock_tries,array_size(B),client_id,run
000,    400400,  400400,    7.405787,   10.000000, 6672.454590, 3308.750732,   27.255619,   45.610264, 6617.711914, 3234.958496,   19.656893,   11.350538,    820318,               0,000,000
000,    399787,  399787,    7.282292,   10.000000, 6672.076172, 3309.560791,   27.240200,   45.788578, 6617.517090, 3236.016113,   19.449341,   11.344385,    818415,               0,000,001
000,    400460,  400460,    7.315460,   10.000000, 6671.435547, 3310.087646,   27.252460,   45.791672, 6616.721680, 3236.660156,   19.501406,   11.351975,    819797,               0,000,002
000,    399378,  399378,    7.386001,   10.000000, 6692.693848, 3289.236328,   27.353397,   46.411469, 6638.318848, 3215.103516,   19.932810,   11.558165,    820837,               0,001,000
000,    398966,  398966,    7.272177,   10.000000, 6701.193359, 3281.145996,   27.310522,   46.295551, 6646.841797, 3207.266113,   19.798929,   11.536576,    822843,               0,001,001
000,    399331,  399331,    7.272478,   10.000000, 6692.908203, 3289.411621,   27.342018,   46.181175, 6638.578125, 3215.867432,   19.826473,   11.560047,    820260,               0,001,002
