tid,loop_in_cs,lock_acquires,lock_hold(ms),total_duration(s),wait_acq(ms),wait_rel(ms),lwait_acq,lwait_rel,gwait_acq,gwait_rel,data_read,data_write,glock_tries,array_size(B),client_id,run
000,    398832,  398832,    7.391798,   10.000000, 6681.745117, 3300.297119,   26.802958,   44.926853, 6627.698730, 3227.510742,   20.887503,   11.236340,    823955,               0,000,000
000,    399545,  399545,    7.285528,   10.000000, 6673.472656, 3308.905518,   26.883112,   45.134392, 6619.413574, 3235.784424,   20.830832,   11.321981,    824205,               0,000,001
000,    398790,  398790,    7.284263,   10.000000, 6681.520508, 3300.861084,   26.809389,   45.028740, 6627.658691, 3228.255371,   20.743654,   11.249393,    824135,               0,000,002
000,    398362,  398362,    7.371268,   10.000000, 6670.609375, 3311.541748,   26.740973,   48.794514, 6616.453613, 3229.979980,   19.691639,   11.181606,    816082,               0,001,000
000,    398609,  398609,    7.272155,   10.000000, 6659.568848, 3322.871338,   26.737999,   48.319527, 6605.793945, 3242.195312,   19.582647,   11.175673,    811855,               0,001,001
000,    397780,  397780,    7.241627,   10.000000, 6664.963867, 3317.592041,   26.686476,   48.557926, 6611.038086, 3236.451660,   19.526236,   11.169592,    812373,               0,001,002
