tid,loop_in_cs,lock_acquires,lock_hold(ms),total_duration(s),wait_acq(ms),wait_rel(ms),lwait_acq,lwait_rel,gwait_acq,gwait_rel,data_read,data_write,glock_tries,array_size(B),client_id,run
000,    606242,  606242,   11.084551,   10.000000, 5009.453125, 4963.761230,   41.980782,   71.136894, 4927.962891, 4852.987305,   29.841114,   17.000139,    606242,               0,000,000
000,    606924,  606924,   11.080007,   10.000000, 5011.932129, 4961.327637,   41.978607,   71.066483, 4930.457520, 4850.628906,   29.831421,   16.991949,    606924,               0,000,001
000,    607163,  607163,   10.978135,   10.000000, 5012.915039, 4960.641113,   42.143528,   71.049850, 4931.388184, 4849.998047,   29.787411,   16.968405,    607163,               0,000,002
