tid,loop_in_cs,lock_acquires,lock_hold(ms),total_duration(s),wait_acq(ms),wait_rel(ms),lwait_acq,lwait_rel,gwait_acq,gwait_rel,data_read,data_write,glock_tries,array_size(B),client_id,run
000,    338290,  338290,    6.309726,   10.000000, 6710.430664, 3274.130859,   15.810416,   31.475531, 6667.649902, 3206.513672,   21.675875,    9.209222,    696412,               0,000,000
000,    338638,  338638,    5.972268,   10.000000, 6710.177734, 3275.427734,   15.842361,   31.446960, 6667.928711, 3208.330322,   21.099934,    9.199942,    696612,               0,000,001
000,    338419,  338419,    6.005075,   10.000000, 6709.922363, 3275.650635,   15.842330,   31.456490, 6667.555664, 3209.022949,   21.102686,    9.190319,    696292,               0,000,002
000,    340961,  340961,    6.429374,   10.000000, 6702.478027, 3281.845947,   16.365721,   31.060333, 6658.980469, 3215.473633,   22.528734,    9.382562,    698299,               0,001,000
000,    338777,  338777,    6.071479,   10.000000, 6701.657227, 3283.822266,   16.307955,   31.224876, 6658.116699, 3216.000732,   23.079729,    9.358958,    692835,               0,001,001
000,    338719,  338719,    6.051999,   10.000000, 6699.969727, 3285.483643,   16.293623,   31.145216, 6656.563477, 3218.496094,   23.157785,    9.362059,    692824,               0,001,002
