tid,total_duration(s),min_slock_hold,med,max,min_swait_acq,med,max,min_swait_rel,med,max,min_slwait_acq,med,max,min_slwait_rel,med,max,min_sgwait_acq,med,max,min_sgwait_rel,med,max,min_sdata_read,med,max,min_sdata_write,med,max,min_sglock_tries,med,max,array_size(B),client_id
000,10.0, 0.000016667, 0.000017083, 0.000071667, 0.007743333, 0.016235834, 0.051675834, 0.007404167, 0.008162083, 0.018875834, 0.000141250, 0.000147500, 0.008576667, 0.000069167, 0.000075833, 0.010940833, 0.007408333, 0.015915833, 0.051357917, 0.007164584, 0.007932500, 0.017730417, 0.000044167, 0.000048333, 0.000107500, 0.000027083, 0.000027500, 0.000048750, 1.000000000, 2.000000000, 6.000000000,               0,001
000,10.0, 0.000016667, 0.000018750, 0.003974583, 0.007585000, 0.016208334, 0.051132917, 0.005977083, 0.008155833, 0.022890417, 0.000140833, 0.000147500, 0.009778750, 0.000069167, 0.000077917, 0.000197917, 0.007267500, 0.015888333, 0.050785001, 0.005749583, 0.007926250, 0.022637917, 0.000044167, 0.000048333, 0.000092500, 0.000027083, 0.000027500, 0.000055000, 1.000000000, 2.000000000, 5.000000000,               0,001
000,10.0, 0.000015000, 0.000017083, 0.003515833, 0.007854584, 0.016313333, 0.052467499, 0.007326250, 0.008099167, 0.232378751, 0.000135000, 0.000147500, 0.003473333, 0.000066667, 0.000075833, 0.012789167, 0.007511667, 0.015995834, 0.052104998, 0.007086250, 0.007867083, 0.212869585, 0.000041667, 0.000044583, 0.004109583, 0.000025000, 0.000027500, 0.000058750, 1.000000000, 2.000000000, 6.000000000,               0,000
000,10.0, 0.000016667, 0.000017083, 0.000067083, 0.007640000, 0.016195416, 0.050444167, 0.007475833, 0.008151666, 0.017397916, 0.000140833, 0.000147500, 0.003656667, 0.000067500, 0.000077917, 0.000180833, 0.007324167, 0.015875833, 0.050113749, 0.007225000, 0.007922083, 0.017172500, 0.000044167, 0.000048333, 0.002884167, 0.000027083, 0.000027500, 0.000046250, 1.000000000, 2.000000000, 6.000000000,               0,001
