tid,loop_in_cs,lock_acquires,lock_hold(ms),total_duration(s),wait_acq(ms),wait_rel(ms),lwait_acq,lwait_rel,gwait_acq,gwait_rel,data_read,data_write,glock_tries,array_size(B),client_id,run
000,    600947,  600947,   11.025918,   10.000000, 5001.716797, 4971.614258,   44.129639,   55.512154, 4918.430176, 4876.807129,   27.294561,   16.781151,    600947,               0,000,000
000,    601031,  601031,   10.994752,   10.000000, 4997.871582, 4975.635254,   44.345554,   55.430882, 4914.456543, 4880.952637,   27.229652,   16.802143,    601031,               0,000,001
000,    601039,  601039,   10.929892,   10.000000, 4996.891113, 4976.815430,   44.379089,   55.650761, 4913.462891, 4882.055176,   27.169985,   16.804958,    601039,               0,000,002
