tid,loop_in_cs,lock_acquires,lock_hold(ms),total_duration(s),wait_acq(ms),wait_rel(ms),lwait_acq,lwait_rel,gwait_acq,gwait_rel,data_read,data_write,glock_tries,array_size(B),client_id,run
000,    338546,  338546,    6.354939,   10.000000, 6694.253418, 3290.019775,   26.305420,   31.747597, 6641.083496, 3223.088623,   22.928093,    9.270879,    690921,               0,000,000
000,    338242,  338242,    6.030076,   10.000000, 6698.223145, 3287.175049,   26.337811,   31.793463, 6645.300781, 3220.509521,   22.652044,    9.250888,    691200,               0,000,001
000,    338902,  338902,    6.045771,   10.000000, 6696.608887, 3288.730957,   26.394306,   31.456703, 6643.903809, 3223.046631,   22.401773,    9.272483,    692234,               0,000,002
000,    337390,  337390,    6.138797,   10.000000, 6704.998047, 3279.701660,   24.404726,   31.306927, 6653.386719, 3211.915527,   21.190500,    9.013185,    693461,               0,001,000
000,    337001,  337001,    5.819045,   10.000000, 6703.624512, 3282.200439,   24.406946,   31.426746, 6652.359863, 3214.273193,   20.835594,    8.993146,    692610,               0,001,001
000,    338290,  338290,    5.847116,   10.000000, 6707.467773, 3278.283447,   24.472399,   30.970547, 6656.404785, 3212.159668,   20.746191,    9.004051,    695364,               0,001,002
