tid,loop_in_cs,lock_acquires,lock_hold(ms),total_duration(s),wait_acq(ms),wait_rel(ms),lwait_acq, lwait_rel,gwait_acq,gwait_rel,glock_tries,array_size(B),client_id,run
000, 257270258,257270258, 2450.681396,   30.000000, 8910.500000, 8688.262695,    0.000000,    0.000000,    0.000000,    0.000000,         0,               0,000,000
000, 257274813,257274813, 2450.563477,   30.000000, 8910.635742, 8688.316406,    0.000000,    0.000000,    0.000000,    0.000000,         0,               0,000,001
000, 257274654,257274654, 2450.568848,   30.000000, 8910.509766, 8688.466797,    0.000000,    0.000000,    0.000000,    0.000000,         0,               0,000,002
