tid,loop_in_cs,lock_acquires,lock_hold(ms),total_duration(s),wait_acq(ms),wait_rel(ms),lwait_acq,lwait_rel,gwait_acq,gwait_rel,data_read,data_write,glock_tries,array_size(B),client_id,run
000,    337805,  337805,    6.316715,   10.000000, 6697.525879, 3285.920410,   30.215784,   43.279137, 6639.902832, 3213.613037,   22.200741,    9.117256,    693576,               0,000,000
000,    338435,  338435,    5.919716,   10.000000, 6700.148438, 3284.437744,   30.239664,   42.865986, 6643.117188, 3213.140381,   21.529539,    9.180203,    695192,               0,000,001
000,    341286,  341286,    5.924803,   10.000000, 6714.375977, 3270.152100,   30.384827,   40.213120, 6658.265137, 3203.444824,   20.603104,    9.136310,    703167,               0,000,002
000,    336999,  336999,    6.309193,   10.000000, 6686.400391, 3298.028320,   31.095922,   41.800785, 6627.510742, 3226.138916,   23.079536,    9.285790,    687571,               0,001,000
000,    337312,  337312,    5.956621,   10.000000, 6689.614746, 3295.919678,   31.323833,   41.429306, 6630.979004, 3224.850342,   22.715256,    9.262818,    688270,               0,001,001
000,    337528,  337528,    5.982780,   10.000000, 6687.370605, 3298.168945,   31.138510,   41.621605, 6628.877441, 3227.725830,   22.830784,    9.258218,    687835,               0,001,002
