tid,total_duration(s),min_slock_hold,med,max,min_swait_acq,med,max,min_swait_rel,med,max,min_slwait_acq,med,max,min_slwait_rel,med,max,min_sgwait_acq,med,max,min_sgwait_rel,med,max,min_sdata_read,med,max,min_sdata_write,med,max,min_sglock_tries,med,max,array_size(B),client_id
000,10.0, 0.000015000, 0.000017083, 0.000067500, 0.008595000, 0.009543333, 0.020326667, 0.007096667, 0.009385416, 0.020099999, 0.000045000, 0.000048333, 0.003775000, 0.000053333, 0.000065000, 0.004077916, 0.008370000, 0.009322084, 0.019800000, 0.006870000, 0.009157917, 0.019862499, 0.000041667, 0.000048333, 0.009630834, 0.000025000, 0.000027500, 0.000056667, 1.000000000, 1.000000000, 1.000000000,               0,000
000,10.0, 0.000015000, 0.000018333, 0.000073750, 0.008591667, 0.009492500, 0.068288334, 0.008401667, 0.009330417, 0.020070000, 0.000045000, 0.000048333, 0.004210000, 0.000055000, 0.000062917, 0.000122083, 0.008371667, 0.009273333, 0.068054996, 0.008140000, 0.009103334, 0.019712500, 0.000041667, 0.000048333, 0.000191667, 0.000025000, 0.000027083, 0.000038333, 1.000000000, 1.000000000, 1.000000000,               0,000
000,10.0, 0.000015000, 0.000017083, 0.000061250, 0.006974583, 0.009437917, 0.020463333, 0.008323333, 0.009298333, 0.022140000, 0.000045000, 0.000048333, 0.000068333, 0.000053333, 0.000062917, 0.000140000, 0.006749583, 0.009218333, 0.020124167, 0.008113333, 0.009075833, 0.021914167, 0.000041667, 0.000048333, 0.003978333, 0.000025000, 0.000027083, 0.004323334, 1.000000000, 1.000000000, 1.000000000,               0,000
