tid,total_duration(s),min_slock_hold,med,max,min_swait_acq,med,max,min_swait_rel,med,max,min_slwait_acq,med,max,min_slwait_rel,med,max,min_sgwait_acq,med,max,min_sgwait_rel,med,max,min_sdata_read,med,max,min_sdata_write,med,max,min_sglock_tries,med,max,array_size(B),client_id
000,10.0, 0.000016667, 0.000018750, 0.000050417, 0.007520000, 0.008231250, 0.021652916, 0.007429583, 0.008124167, 0.017677916, 0.000073333, 0.000080000, 0.005326250, 0.000073333, 0.000082083, 0.000215000, 0.007267500, 0.007980834, 0.021379167, 0.007200000, 0.007888750, 0.017395834, 0.000044167, 0.000050417, 0.000122083, 0.000027083, 0.000029583, 0.000042083, 1.000000000, 1.000000000, 1.000000000,               0,000
000,10.0, 0.000015000, 0.000017083, 0.001513333, 0.007330000, 0.008246250, 0.019246250, 0.007276667, 0.008142916, 0.152848333, 0.000070000, 0.000077917, 0.003764167, 0.000070000, 0.000082083, 0.011044583, 0.007088333, 0.007997500, 0.018957917, 0.007060000, 0.007905417, 0.135543332, 0.000041667, 0.000050417, 0.003688333, 0.000025000, 0.000029583, 0.000044167, 1.000000000, 1.000000000, 1.000000000,               0,000
000,10.0, 0.000016667, 0.000018750, 0.001517917, 0.007528333, 0.008258750, 0.023871250, 0.007412500, 0.008153750, 0.017275833, 0.000073333, 0.000077917, 0.003642083, 0.000073333, 0.000084167, 0.000214583, 0.007277917, 0.008008333, 0.023589583, 0.007183333, 0.007915833, 0.017006250, 0.000044167, 0.000050417, 0.001877917, 0.000027083, 0.000029583, 0.000044167, 1.000000000, 1.000000000, 1.000000000,               0,000
