tid,wait_acq(ms),wait_rel(ms),client_id,run
000, 25.590429, 46.084267,000,000
000, 25.052734, 45.926006,000,001
