tid,total_duration(s),min_slock_hold,med,max,min_swait_acq,med,max,min_swait_rel,med,max,min_slwait_acq,med,max,min_slwait_rel,med,max,min_sgwait_acq,med,max,min_sgwait_rel,med,max,min_sdata_read,med,max,min_sdata_write,med,max,min_sglock_tries,med,max,array_size(B),client_id
000,10.0, 0.000015000, 0.000016667, 0.000061667, 0.008670000, 0.009706667, 0.024340000, 0.006491667, 0.009480000, 0.019929999, 0.000090000, 0.000093333, 0.003965000, 0.000076667, 0.000088333, 0.003895000, 0.008380000, 0.009433334, 0.024038333, 0.006208333, 0.009240000, 0.019503333, 0.000045000, 0.000058333, 0.000155000, 0.000025000, 0.000026667, 0.003313333, 1.000000000, 1.000000000, 1.000000000,               0,000
000,10.0, 0.000015000, 0.000018333, 0.000075000, 0.007415000, 0.009691667, 0.020196667, 0.008600000, 0.009476666, 0.019509999, 0.000085000, 0.000093333, 0.003810000, 0.000076667, 0.000085000, 0.000276667, 0.007145000, 0.009418333, 0.019903334, 0.008336667, 0.009236666, 0.019250000, 0.000050000, 0.000058333, 0.000165000, 0.000025000, 0.000026667, 0.004256667, 1.000000000, 1.000000000, 1.000000000,               0,000
000,10.0, 0.000015000, 0.000018333, 0.004248333, 0.008716667, 0.009681666, 0.020228334, 0.008545000, 0.009461666, 0.019678334, 0.000085000, 0.000093333, 0.003956667, 0.000076667, 0.000085000, 0.009036667, 0.008441667, 0.009410000, 0.019933334, 0.008318333, 0.009223334, 0.018636666, 0.000048333, 0.000058333, 0.003238333, 0.000025000, 0.000026667, 0.000046667, 1.000000000, 1.000000000, 1.000000000,               0,000
