tid,loop_in_cs,lock_acquires,lock_hold(ms),total_duration(s),wait_acq(ms),wait_rel(ms),lwait_acq, lwait_rel,gwait_acq,gwait_rel,array_size(B),client_id,run
000,    401104,  401104,    3.702667,   30.000000,11249.640625,11239.590820,   20.902807,   45.900566,11179.290039,11145.483398,               0,000,000
000,    381752,  381752,    3.578804,   30.000000,11226.361328,11263.160156,   19.244219,   44.226280,11159.718750,11172.396484,               0,000,001
