tid,loop_in_cs,lock_acquires,lock_hold(ms),total_duration(s),wait_acq(ms),wait_rel(ms),lwait_acq, lwait_rel,gwait_acq,gwait_rel,glock_tries,array_size(B),client_id,run
000, 256409468,256409468, 2441.954834,   30.000000, 8881.012695, 8734.895508,    0.000000,    0.000000,    0.000000,    0.000000,         0,               0,000,000
000, 256415224,256415224, 2442.622314,   30.000000, 8880.996094, 8733.984375,    0.000000,    0.000000,    0.000000,    0.000000,         0,               0,000,001
000, 256412768,256412768, 2441.903320,   30.000000, 8880.966797, 8734.684570,    0.000000,    0.000000,    0.000000,    0.000000,         0,               0,000,002
