tid,loop_in_cs,lock_acquires,lock_hold(ms),total_duration(s),wait_acq(ms),wait_rel(ms),lwait_acq,lwait_rel,gwait_acq,gwait_rel,data_read,data_write,glock_tries,array_size(B),client_id,run
000,    402604,  402604,    7.446027,   10.000000, 6697.026367, 3284.831787,   21.752462,   35.695011, 6647.674316, 3218.030273,   21.823036,   11.311375,    826407,               0,000,000
000,    402831,  402831,    7.338789,   10.000000, 6696.292969, 3285.915771,   21.745226,   35.503017, 6647.097168, 3219.524170,   21.673912,   11.314829,    826403,               0,000,001
000,    402698,  402698,    7.345674,   10.000000, 6696.178223, 3285.995605,   21.754725,   35.690395, 6647.029297, 3219.347656,   21.671343,   11.323232,    826395,               0,000,002
000,    402554,  402554,    7.444794,   10.000000, 6692.731934, 3289.140381,   19.706926,   34.490673, 6644.742188, 3225.664551,   19.658100,   11.510553,    822913,               0,001,000
000,    402897,  402897,    7.335770,   10.000000, 6693.617676, 3288.629150,   19.726303,   34.442509, 6645.962891, 3225.472412,   19.545420,   11.530510,    823853,               0,001,001
000,    402777,  402777,    7.342288,   10.000000, 6693.891602, 3288.361572,   19.721251,   34.492062, 6646.216309, 3225.017822,   19.550846,   11.505618,    823910,               0,001,002
