tid,loop_in_cs,lock_acquires,lock_hold(ms),total_duration(s),wait_acq(ms),wait_rel(ms),lwait_acq,lwait_rel,gwait_acq,gwait_rel,data_read,data_write,glock_tries,array_size(B),client_id,run
000,    609406,  609406,   11.168002,   10.000000, 5025.985352, 4947.067383,   31.480967,   49.991173, 4953.920410, 4855.471680,   29.126539,   17.030092,    609406,               0,000,000
000,    610473,  610473,   11.111306,   10.000000, 5028.644531, 4944.605957,   31.584110,   49.789555, 4956.072754, 4853.218262,   29.446280,   17.068953,    610473,               0,000,001
000,    609517,  609517,   11.063434,   10.000000, 5029.510742, 4943.934570,   31.497379,   49.403835, 4957.630859, 4853.072754,   28.631769,   17.028681,    609517,               0,000,002
