tid,total_duration(s),min_slock_hold,med,max,min_swait_acq,med,max,min_swait_rel,med,max,min_slwait_acq,med,max,min_slwait_rel,med,max,min_sgwait_acq,med,max,min_sgwait_rel,med,max,min_sdata_read,med,max,min_sdata_write,med,max,min_sglock_tries,med,max,array_size(B),client_id
000,10.0, 0.000016667, 0.000018750, 0.000065417, 0.007576667, 0.008338750, 0.033557918, 0.007495000, 0.008191667, 0.019063333, 0.000080000, 0.000084167, 0.000160000, 0.000069167, 0.000075833, 0.003225417, 0.007317916, 0.008086250, 0.033235833, 0.007244166, 0.007955833, 0.018800000, 0.000044167, 0.000048333, 0.003505417, 0.000027083, 0.000027500, 0.000044167, 1.000000000, 1.000000000, 1.000000000,               0,000
000,10.0, 0.000015000, 0.000017083, 0.001570417, 0.007483333, 0.008334584, 0.034381252, 0.005762083, 0.008195833, 0.147008330, 0.000076667, 0.000084167, 0.003265417, 0.000066667, 0.000075833, 0.008055000, 0.007241667, 0.008080000, 0.034069583, 0.005517917, 0.007962083, 0.128065005, 0.000041667, 0.000048333, 0.003652917, 0.000025000, 0.000027500, 0.000048750, 1.000000000, 1.000000000, 1.000000000,               0,000
000,10.0, 0.000015000, 0.000017083, 0.001576667, 0.007640000, 0.008330417, 0.019452916, 0.007463333, 0.008187500, 0.036606248, 0.000076667, 0.000084167, 0.000160000, 0.000066667, 0.000075833, 0.003502917, 0.007391667, 0.008077500, 0.017627083, 0.007240000, 0.007953750, 0.036202084, 0.000041667, 0.000048333, 0.003772500, 0.000025000, 0.000027500, 0.000046250, 1.000000000, 1.000000000, 1.000000000,               0,000
