tid,total_duration(s),min_slock_hold,med,max,min_swait_acq,med,max,min_swait_rel,med,max,min_slwait_acq,med,max,min_slwait_rel,med,max,min_sgwait_acq,med,max,min_sgwait_rel,med,max,min_sdata_read,med,max,min_sdata_write,med,max,min_sglock_tries,med,max,array_size(B),client_id
000,10.0, 0.000016667, 0.000017083, 0.000073750, 0.007644583, 0.016097084, 0.051134583, 0.005825000, 0.008048333, 0.020416666, 0.000077500, 0.000080000, 0.003743333, 0.000058750, 0.000067083, 0.004073750, 0.007393750, 0.015846666, 0.050880000, 0.005604167, 0.007818750, 0.020139167, 0.000044167, 0.000048333, 0.003499167, 0.000027083, 0.000027500, 0.000035833, 1.000000000, 2.000000000, 6.000000000,               0,001
000,10.0, 0.000016667, 0.000018750, 0.000077917, 0.007482084, 0.016082084, 0.055246666, 0.007309167, 0.008046250, 0.036966249, 0.000077500, 0.000080000, 0.000095000, 0.000058750, 0.000067083, 0.003459167, 0.007231667, 0.015833750, 0.054974582, 0.007090834, 0.007815000, 0.036749583, 0.000044167, 0.000048333, 0.003353333, 0.000027083, 0.000027500, 0.008783333, 1.000000000, 2.000000000, 5.000000000,               0,001
000,10.0, 0.000016667, 0.000017083, 0.001507500, 0.007395833, 0.016147083, 0.157421246, 0.005246250, 0.008122084, 0.019997917, 0.000080000, 0.000082083, 0.003442083, 0.000063333, 0.000069583, 0.006875833, 0.007141250, 0.015894582, 0.147848338, 0.005012500, 0.007886667, 0.019739166, 0.000044167, 0.000048333, 0.003372917, 0.000027083, 0.000027500, 0.000050833, 1.000000000, 2.000000000, 5.000000000,               0,000
000,10.0, 0.000016667, 0.000018750, 0.000069583, 0.007526250, 0.015993750, 0.046962082, 0.007332500, 0.007997917, 0.018709583, 0.000077500, 0.000080000, 0.003488333, 0.000058750, 0.000067083, 0.000149167, 0.007280000, 0.015745001, 0.046711251, 0.007111250, 0.007768333, 0.018425416, 0.000044167, 0.000048333, 0.000103333, 0.000027083, 0.000027500, 0.000057083, 1.000000000, 2.000000000, 6.000000000,               0,001
