tid,loop_in_cs,lock_acquires,lock_hold(ms),total_duration(s),wait_acq(ms),wait_rel(ms),lwait_acq,lwait_rel,gwait_acq,gwait_rel,data_read,data_write,glock_tries,array_size(B),client_id,run
000,    517522,  517522,    9.418097,   10.000000, 5030.866211, 4945.974609,   47.113300,   50.392712, 4948.129883, 4857.496582,   28.782578,   13.874108,    517522,               0,000,000
000,    515077,  515077,    9.028870,   10.000000, 5030.749023, 4947.254395,   46.877548,   51.308872, 4948.085449, 4857.935547,   29.000856,   13.818034,    515077,               0,000,001
000,    515268,  515268,    9.044322,   10.000000, 5030.254395, 4947.719238,   46.861698,   51.422321, 4947.842285, 4860.020996,   29.024651,   13.815227,    515268,               0,000,002
