tid,loop_in_cs,lock_acquires,lock_hold(ms),total_duration(s),wait_acq(ms),wait_rel(ms),lwait_acq,lwait_rel,gwait_acq,gwait_rel,data_read,data_write,glock_tries,array_size(B),client_id,run
000,    337576,  337576,    6.363905,   10.000000, 6708.961914, 3275.525391,   32.460098,   41.344696, 6650.232910, 3205.729004,   22.406694,    9.341882,    692762,               0,000,000
000,    338251,  338251,    6.010894,   10.000000, 6711.071777, 3274.474121,   32.396389,   40.945164, 6652.959473, 3205.629883,   21.973158,    9.148025,    694348,               0,000,001
000,    341454,  341454,    6.027816,   10.000000, 6714.581543, 3270.986572,   32.440338,   39.462399, 6657.072754, 3205.432373,   21.021576,    9.163095,    700743,               0,000,002
000,    337001,  337001,    6.256000,   10.000000, 6706.530762, 3278.123779,   31.808121,   38.952442, 6648.291504, 3210.596436,   21.427809,    9.017718,    691295,               0,001,000
000,    336946,  336946,    5.956221,   10.000000, 6703.902344, 3281.840576,   31.766127,   39.368069, 6645.883789, 3214.041504,   21.411564,    9.028566,    690082,               0,001,001
000,    339987,  339987,    6.006757,   10.000000, 6699.925781, 3285.664307,   31.945564,   37.904484, 6642.530273, 3221.414307,   20.234297,    9.076857,    695447,               0,001,002
