tid,loop_in_cs,lock_acquires,lock_hold(ms),total_duration(s),wait_acq(ms),wait_rel(ms),lwait_acq,lwait_rel,gwait_acq,gwait_rel,data_read,data_write,glock_tries,array_size(B),client_id,run
000,    336851,  336851,    6.361243,   10.000000, 6670.803711, 3313.377441,   22.450628,   47.553577, 6620.603516, 3237.398682,   23.314022,    9.577666,    689258,               0,000,000
000,    337378,  337378,    6.015382,   10.000000, 6675.250977, 3310.040527,   22.357653,   47.109585, 6625.808594, 3234.942139,   22.537712,    9.337033,    690398,               0,000,001
000,    337133,  337133,    6.015184,   10.000000, 6676.453613, 3308.842773,   22.236862,   47.137772, 6627.163086, 3233.806396,   22.667366,    9.349012,    690285,               0,000,002
000,    341247,  341247,    6.411065,   10.000000, 6696.321289, 3287.895508,   24.527683,   42.943829, 6644.916504, 3215.249512,   23.060511,   10.525423,    704050,               0,001,000
000,    341124,  341124,    6.113962,   10.000000, 6701.784668, 3283.453125,   24.356604,   42.838734, 6650.911621, 3211.299316,   22.795246,   10.528001,    704500,               0,001,001
000,    339947,  339947,    6.057255,   10.000000, 6695.168945, 3290.271973,   24.259068,   43.692749, 6644.217773, 3217.853760,   23.073223,   10.512847,    700978,               0,001,002
