tid,loop_in_cs,lock_acquires,lock_hold(ms),total_duration(s),wait_acq(ms),wait_rel(ms),lwait_acq,lwait_rel,gwait_acq,gwait_rel,data_read,data_write,glock_tries,array_size(B),client_id,run
000,    498028,  498028,    9.124008,   10.000000, 5008.330566, 4969.506348,   33.182690,   70.721535, 4934.882324, 4857.124512,   36.853642,   13.476474,    498028,               0,000,000
000,    499157,  499157,    8.815157,   10.000000, 5009.344238, 4969.520020,   33.139240,   70.438690, 4936.379395, 4857.831543,   36.311771,   13.533280,    499157,               0,000,001
000,    499763,  499763,    8.833943,   10.000000, 5013.529785, 4965.321289,   33.273453,   69.960106, 4940.710938, 4855.410156,   35.973103,   13.532065,    499763,               0,000,002
