tid,loop_in_cs,lock_acquires,lock_hold(ms),total_duration(s),wait_acq(ms),wait_rel(ms),lwait_acq,lwait_rel,gwait_acq,gwait_rel,data_read,data_write,glock_tries,array_size(B),client_id,run
000,    401781,  401781,    7.451723,   10.000000, 6712.223145, 3268.065918,   59.358459,   32.401337, 6624.618652, 3206.818115,   18.799791,   11.254687,    822985,               0,000,000
000,    402072,  402072,    7.346620,   10.000000, 6713.236816, 3267.390869,   59.287994,   32.294975, 6626.172852, 3206.592773,   18.695986,   11.259124,    824309,               0,000,001
000,    401776,  401776,    7.253767,   10.000000, 6702.986816, 3277.903076,   59.261734,   32.138741, 6615.987793, 3217.569580,   18.601084,   11.246728,    818823,               0,000,002
000,    402141,  402141,    7.453516,   10.000000, 6668.355469, 3313.262939,   59.423687,   31.697081, 6580.663574, 3253.103271,   19.762606,   11.321647,    817176,               0,001,000
000,    402364,  402364,    7.357812,   10.000000, 6666.479980, 3315.454346,   59.463928,   31.737551, 6579.042480, 3255.370850,   19.702171,   11.320965,    816915,               0,001,001
000,    402608,  402608,    7.324545,   10.000000, 6668.704590, 3313.272949,   59.468842,   31.814747, 6581.203613, 3252.976074,   19.663065,   11.330767,    818968,               0,001,002
