tid,loop_in_cs,lock_acquires,lock_hold(ms),total_duration(s),wait_acq(ms),wait_rel(ms),lwait_acq,lwait_rel,gwait_acq,gwait_rel,data_read,data_write,glock_tries,array_size(B),client_id,run
000,    400509,  400509,    7.411657,   10.000000, 6673.841797, 3307.770996,   28.962864,   37.282864, 6616.975586, 3242.407471,   19.719667,   11.233267,    817407,               0,000,000
000,    399668,  399668,    7.293527,   10.000000, 6683.131836, 3298.899170,   28.865236,   37.220131, 6626.460449, 3233.713135,   19.542629,   11.184607,    818892,               0,000,001
000,    399834,  399834,    7.305551,   10.000000, 6681.244629, 3300.701172,   28.856779,   37.069725, 6624.498535, 3235.630127,   19.587469,   11.203889,    818375,               0,000,002
000,    400227,  400227,    7.406231,   10.000000, 6690.785645, 3289.530273,   29.081409,   32.227665, 6633.834961, 3229.461182,   19.644663,   11.507395,    823533,               0,001,000
000,    399285,  399285,    7.272555,   10.000000, 6699.237305, 3281.502930,   29.009876,   31.866846, 6642.825684, 3221.461670,   19.481611,   11.516171,    823910,               0,001,001
000,    399413,  399413,    7.280262,   10.000000, 6699.741699, 3281.017822,   29.031893,   32.055519, 6643.222656, 3221.151367,   19.438324,   11.529834,    824236,               0,001,002
