tid,loop_in_cs,lock_acquires,lock_hold(ms),total_duration(s),wait_acq(ms),wait_rel(ms),lwait_acq,lwait_rel,gwait_acq,gwait_rel,data_read,data_write,glock_tries,array_size(B),client_id,run
000,    339902,  339902,    6.400630,   10.000000, 6689.109375, 3295.034912,   24.509060,   41.826183, 6637.560547, 3224.986816,   22.138475,    9.832994,    698179,               0,000,000
000,    339767,  339767,    6.094041,   10.000000, 6691.428223, 3293.781738,   24.598450,   42.467972, 6639.949707, 3223.298096,   22.009348,    9.845952,    698638,               0,000,001
000,    338345,  338345,    6.001079,   10.000000, 6687.789062, 3297.710693,   24.690453,   43.158817, 6636.128906, 3226.705811,   21.957596,    9.850366,    695321,               0,000,002
000,    340188,  340188,    6.367663,   10.000000, 6700.906738, 3282.083740,   25.483376,   46.086685, 6647.944336, 3206.714600,   22.334827,    9.358352,    698303,               0,001,000
000,    338815,  338815,    6.113600,   10.000000, 6700.743652, 3283.214600,   25.350969,   47.446724, 6647.856934, 3206.335449,   22.701929,    9.318473,    695004,               0,001,001
000,    338644,  338644,    6.025212,   10.000000, 6699.746582, 3284.397705,   25.360153,   47.776772, 6646.866699, 3208.225830,   22.745663,    9.315187,    693998,               0,001,002
