tid,loop_in_cs,lock_acquires,lock_hold(ms),total_duration(s),wait_acq(ms),wait_rel(ms),lwait_acq,lwait_rel,gwait_acq,gwait_rel,data_read,data_write,glock_tries,array_size(B),client_id,run
000,    510139,  510139,    9.294062,   10.000000, 5014.943359, 4961.432617,   35.788738,   57.900639, 4941.508789, 4864.109863,   32.774170,   13.806082,    510139,               0,000,000
000,    511502,  511502,    8.994479,   10.000000, 5015.214844, 4962.293457,   35.841057,   57.223293, 4942.263672, 4866.114258,   32.072453,   13.852540,    511502,               0,000,001
000,    512088,  512088,    8.985815,   10.000000, 5012.786133, 4964.663574,   35.853294,   56.700180, 4940.037598, 4870.647461,   31.633780,   13.821816,    512088,               0,000,002
