tid,wait_acq(ms),wait_rel(ms),client_id,run
000, 27.959738, 56.979694,000,000
000, 27.990143, 57.810089,000,001
