tid,total_duration(s),min_slock_hold,med,max,min_swait_acq,med,max,min_swait_rel,med,max,min_slwait_acq,med,max,min_slwait_rel,med,max,min_sgwait_acq,med,max,min_sgwait_rel,med,max,min_sdata_read,med,max,min_sdata_write,med,max,min_sglock_tries,med,max,array_size(B),client_id
000,10.0, 0.000016667, 0.000018750, 0.000075833, 0.007817083, 0.016509583, 0.058029167, 0.005553334, 0.008320000, 0.026932500, 0.000088333, 0.000090417, 0.000122083, 0.000088333, 0.000097083, 0.003806250, 0.007557916, 0.016246250, 0.057747498, 0.005263333, 0.008071250, 0.026631249, 0.000046250, 0.000048333, 0.000115833, 0.000027083, 0.000027500, 0.000055000, 1.000000000, 2.000000000, 7.000000000,               0,001
000,10.0, 0.000016667, 0.000017083, 0.003370417, 0.007739167, 0.016475834, 0.066562086, 0.005212500, 0.008305416, 0.022679999, 0.000088333, 0.000090417, 0.003094583, 0.000088333, 0.000097083, 0.003172500, 0.007450417, 0.016214583, 0.066277914, 0.004970417, 0.008058750, 0.022406250, 0.000044167, 0.000048333, 0.000128333, 0.000027083, 0.000027500, 0.000055000, 1.000000000, 2.000000000, 8.000000000,               0,001
000,10.0, 0.000016667, 0.000018750, 0.001589583, 0.007684167, 0.016130418, 0.041374583, 0.007378750, 0.008128333, 0.157825410, 0.000088333, 0.000090417, 0.003945417, 0.000088333, 0.000096667, 0.008055000, 0.007400000, 0.015867500, 0.041095000, 0.007137083, 0.007882084, 0.146541253, 0.000046250, 0.000048333, 0.008374583, 0.000027083, 0.000027500, 0.003105000, 1.000000000, 2.000000000, 5.000000000,               0,000
000,10.0, 0.000016667, 0.000018750, 0.000086250, 0.007680000, 0.016501250, 0.146216661, 0.007530417, 0.008309583, 0.017067499, 0.000088333, 0.000090417, 0.003027500, 0.000088333, 0.000097083, 0.002943333, 0.007421250, 0.016240001, 0.145919994, 0.007256667, 0.008060833, 0.016755834, 0.000046250, 0.000048333, 0.003702917, 0.000027083, 0.000027500, 0.003370417, 1.000000000, 2.000000000,18.000000000,               0,001
