tid,total_duration(s),min_slock_hold,med,max,min_swait_acq,med,max,min_swait_rel,med,max,min_slwait_acq,med,max,min_slwait_rel,med,max,min_sgwait_acq,med,max,min_sgwait_rel,med,max,min_sdata_read,med,max,min_sdata_write,med,max,min_sglock_tries,med,max,array_size(B),client_id
000,10.0, 0.000016667, 0.000017083, 0.000088333, 0.005539167, 0.008275833, 0.019724583, 0.007406250, 0.008149583, 0.022015000, 0.000088333, 0.000096667, 0.000181250, 0.000082083, 0.000084167, 0.003562083, 0.005269167, 0.008010416, 0.019410416, 0.007172500, 0.007917916, 0.021732500, 0.000042083, 0.000048333, 0.000122083, 0.000027083, 0.000027500, 0.000103333, 1.000000000, 1.000000000, 1.000000000,               0,000
000,10.0, 0.000015000, 0.000018333, 0.004056667, 0.005456666, 0.008280000, 0.149890423, 0.007446667, 0.008155833, 0.023751667, 0.000086667, 0.000096667, 0.003768333, 0.000076667, 0.000086250, 0.008025000, 0.005185416, 0.008014583, 0.135859162, 0.007216667, 0.007922083, 0.017880000, 0.000043333, 0.000048333, 0.007797917, 0.000025000, 0.000027500, 0.002978750, 1.000000000, 1.000000000, 1.000000000,               0,000
000,10.0, 0.000015000, 0.000017083, 0.001498750, 0.006345417, 0.008191667, 0.018166250, 0.007186667, 0.008065416, 0.018164167, 0.000083333, 0.000096667, 0.000183333, 0.000076667, 0.000084167, 0.003130000, 0.006073750, 0.007924167, 0.017895417, 0.006966667, 0.007833750, 0.017896667, 0.000041667, 0.000048333, 0.003153750, 0.000025000, 0.000027500, 0.000044167, 1.000000000, 1.000000000, 1.000000000,               0,000
