tid,total_duration(s),min_slock_hold,med,max,min_swait_acq,med,max,min_swait_rel,med,max,min_slwait_acq,med,max,min_slwait_rel,med,max,min_sgwait_acq,med,max,min_sgwait_rel,med,max,min_sdata_read,med,max,min_sdata_write,med,max,min_sglock_tries,med,max,array_size(B),client_id
000,10.0, 0.000016667, 0.000018750, 0.000077917, 0.007429583, 0.008180000, 0.016936667, 0.007311667, 0.008052500, 0.087052502, 0.000050417, 0.000052500, 0.000090833, 0.000069167, 0.000082083, 0.003749583, 0.007206250, 0.007960000, 0.016695000, 0.007086250, 0.007816667, 0.086780831, 0.000044167, 0.000046250, 0.000126667, 0.000027083, 0.000027500, 0.003467500, 1.000000000, 1.000000000, 1.000000000,               0,000
000,10.0, 0.000016667, 0.000017083, 0.001482083, 0.007408333, 0.008176667, 0.029069584, 0.007313750, 0.008044584, 0.134027496, 0.000050417, 0.000052500, 0.003368333, 0.000069167, 0.000080000, 0.008867500, 0.007189583, 0.007953750, 0.019612500, 0.007080000, 0.007808333, 0.116484165, 0.000042083, 0.000048333, 0.001795833, 0.000027083, 0.000027500, 0.000042083, 1.000000000, 1.000000000, 1.000000000,               0,000
000,10.0, 0.000015000, 0.000018333, 0.001648750, 0.007376667, 0.008185416, 0.020080000, 0.007275000, 0.008052500, 0.211587504, 0.000046667, 0.000052500, 0.001789167, 0.000065000, 0.000077917, 0.006627500, 0.007163333, 0.007964167, 0.019827500, 0.007053333, 0.007819166, 0.193928331, 0.000041667, 0.000046250, 0.001814583, 0.000025000, 0.000027500, 0.003172500, 1.000000000, 1.000000000, 1.000000000,               0,000
