tid,total_duration(s),min_slock_hold,med,max,min_swait_acq,med,max,min_swait_rel,med,max,min_slwait_acq,med,max,min_slwait_rel,med,max,min_sgwait_acq,med,max,min_sgwait_rel,med,max,min_sdata_read,med,max,min_sdata_write,med,max,min_sglock_tries,med,max,array_size(B),client_id
000,10.0, 0.000016667, 0.000018750, 0.000060833, 0.007646250, 0.016193334, 0.046572499, 0.007355417, 0.008111667, 0.015579167, 0.000046250, 0.000048333, 0.000092500, 0.000075417, 0.000082083, 0.000157917, 0.007431667, 0.015972501, 0.046309166, 0.007107500, 0.007867500, 0.015326250, 0.000044167, 0.000048333, 0.003484167, 0.000027083, 0.000027500, 0.000046667, 1.000000000, 2.000000000, 5.000000000,               0,001
000,10.0, 0.000016667, 0.000018750, 0.000071667, 0.007627083, 0.016174583, 0.054919999, 0.007393750, 0.008103333, 0.034002084, 0.000048333, 0.000048333, 0.000098750, 0.000075417, 0.000084167, 0.000157917, 0.007412500, 0.015955416, 0.054688334, 0.007151667, 0.007859167, 0.033652499, 0.000044167, 0.000048333, 0.003368333, 0.000027083, 0.000027500, 0.000117917, 1.000000000, 2.000000000, 5.000000000,               0,001
000,10.0, 0.000016667, 0.000017083, 0.003075833, 0.007534584, 0.016138749, 0.051202085, 0.007351250, 0.008098750, 0.150250420, 0.000052500, 0.000052917, 0.001780833, 0.000077917, 0.000084167, 0.008269583, 0.007301250, 0.015909584, 0.050964165, 0.007105417, 0.007846250, 0.129455000, 0.000044167, 0.000052917, 0.001858750, 0.000027083, 0.000027500, 0.003766250, 1.000000000, 2.000000000, 5.000000000,               0,000
000,10.0, 0.000016667, 0.000018750, 0.000069167, 0.007669583, 0.016183333, 0.058012500, 0.007343333, 0.008107083, 0.020772500, 0.000048333, 0.000048333, 0.000107500, 0.000073333, 0.000082083, 0.000172500, 0.007450417, 0.015964167, 0.057774585, 0.007088750, 0.007863333, 0.020498751, 0.000044167, 0.000048333, 0.003360000, 0.000027083, 0.000027500, 0.000054583, 1.000000000, 2.000000000, 7.000000000,               0,001
