tid,total_duration(s),min_slock_hold,med,max,min_swait_acq,med,max,min_swait_rel,med,max,min_slwait_acq,med,max,min_slwait_rel,med,max,min_sgwait_acq,med,max,min_sgwait_rel,med,max,min_sdata_read,med,max,min_sdata_write,med,max,min_sglock_tries,med,max,array_size(B),client_id
000,10.0, 0.000016667, 0.000018750, 0.000063333, 0.007452500, 0.008265417, 0.020915834, 0.007404167, 0.008170833, 0.016701249, 0.000067083, 0.000069583, 0.000111667, 0.000082083, 0.000090417, 0.003452500, 0.007215000, 0.008023334, 0.020665416, 0.007168750, 0.007928333, 0.016404167, 0.000042083, 0.000048750, 0.000120000, 0.000027083, 0.000027500, 0.003515833, 1.000000000, 1.000000000, 1.000000000,               0,000
000,10.0, 0.000016667, 0.000018750, 0.001541250, 0.007498750, 0.008250416, 0.018686250, 0.007395833, 0.008157916, 0.150852501, 0.000065000, 0.000069583, 0.003244583, 0.000082083, 0.000090417, 0.011273750, 0.007260833, 0.008010416, 0.017435834, 0.007157917, 0.007915833, 0.133292496, 0.000042083, 0.000048333, 0.001791250, 0.000027083, 0.000027500, 0.000054583, 1.000000000, 1.000000000, 1.000000000,               0,000
000,10.0, 0.000016667, 0.000018750, 0.001553750, 0.007507083, 0.008257084, 0.035945415, 0.007349583, 0.008162083, 0.021869166, 0.000067083, 0.000069583, 0.000126250, 0.000082083, 0.000090417, 0.004073750, 0.007269583, 0.008016666, 0.035633750, 0.007105000, 0.007922083, 0.017197916, 0.000042083, 0.000048333, 0.003107083, 0.000027083, 0.000027500, 0.013295000, 1.000000000, 1.000000000, 1.000000000,               0,000
