tid,loop_in_cs,lock_acquires,lock_hold(ms),total_duration(s),wait_acq(ms),wait_rel(ms),lwait_acq,lwait_rel,gwait_acq,gwait_rel,data_read,data_write,glock_tries,array_size(B),client_id,run
000,    584610,  584610,   10.464487,   10.000000, 4820.104980, 5152.515625,   51.604462,  465.423462, 4730.866699, 4641.924805,   28.164034,   16.010847,    584610,               0,000,000
000,    583938,  583938,   10.463094,   10.000000, 4820.179688, 5152.481934,   51.483444,  465.332794, 4731.106934, 4641.067383,   28.163321,   16.003309,    583938,               0,000,001
000,    584326,  584326,   10.364800,   10.000000, 4820.162598, 5152.797852,   51.639553,  465.434814, 4731.073242, 4642.963867,   28.034081,   16.017893,    584326,               0,000,002
