tid,loop_in_cs,lock_acquires,lock_hold(ms),total_duration(s),wait_acq(ms),wait_rel(ms),lwait_acq,lwait_rel,gwait_acq,gwait_rel,data_read,data_write,glock_tries,array_size(B),client_id,run
000,    403385,  403385,    7.382413,   10.000000, 6426.494141, 3555.424316,   35.087997,  325.666321, 6364.409668, 3197.608887,   19.874071,   11.175428,    793378,               0,000,000
000,    402734,  402734,    7.357302,   10.000000, 6417.777832, 3564.210449,   35.120407,  326.674500, 6355.628906, 3205.274414,   19.855684,   11.198165,    791677,               0,000,001
000,    401704,  401704,    7.256215,   10.000000, 6410.252930, 3572.025146,   35.052628,  325.743866, 6348.338379, 3215.741211,   19.702663,   11.174261,    790830,               0,000,002
000,    403546,  403546,    7.456902,   10.000000, 6388.327148, 3593.510742,   33.761574,  329.587372, 6326.085938, 3230.837402,   20.235518,   12.070124,    784216,               0,001,000
000,    402878,  402878,    7.343282,   10.000000, 6395.798828, 3586.456299,   33.617035,  329.205078, 6334.081055, 3224.448242,   20.083492,   12.086690,    784725,               0,001,001
000,    401732,  401732,    7.322633,   10.000000, 6401.265137, 3581.030029,   33.523884,  328.206787, 6339.832520, 3219.906250,   19.996714,   12.029690,    784184,               0,001,002
