tid,wait_acq(ms),wait_rel(ms),client_id,run
000, 22.755142, 48.992954,000,000
000, 23.219009, 51.987061,000,001
