tid,total_duration(s),min_slock_hold,med,max,min_swait_acq,med,max,min_swait_rel,med,max,min_slwait_acq,med,max,min_slwait_rel,med,max,min_sgwait_acq,med,max,min_sgwait_rel,med,max,min_sdata_read,med,max,min_sdata_write,med,max,min_sglock_tries,med,max,array_size(B),client_id
000,10.0, 0.000016667, 0.000017083, 0.003785000, 0.007515833, 0.008235834, 0.039286248, 0.007343333, 0.008080000, 0.015709583, 0.000062917, 0.000073750, 0.000113750, 0.000082083, 0.000092500, 0.003168333, 0.007273750, 0.007991667, 0.038854584, 0.007109167, 0.007844167, 0.015442084, 0.000042083, 0.000048333, 0.003897083, 0.000027083, 0.000027500, 0.000101250, 1.000000000, 1.000000000, 1.000000000,               0,000
000,10.0, 0.000016667, 0.000017083, 0.001517917, 0.007450417, 0.008217083, 0.168997914, 0.005040000, 0.008063333, 0.018200001, 0.000062917, 0.000075833, 0.135536671, 0.000082083, 0.000090833, 0.005111667, 0.007206667, 0.007972500, 0.022461250, 0.004806250, 0.007827500, 0.017128333, 0.000042083, 0.000048333, 0.003052500, 0.000027083, 0.000027500, 0.003139167, 1.000000000, 1.000000000, 1.000000000,               0,000
000,10.0, 0.000016667, 0.000018750, 0.001526250, 0.005757917, 0.008195833, 0.016993750, 0.007355833, 0.008040000, 0.020393750, 0.000062917, 0.000073750, 0.003368333, 0.000082083, 0.000092500, 0.003345000, 0.005509583, 0.007953334, 0.016720001, 0.007122083, 0.007802083, 0.020113749, 0.000042083, 0.000048333, 0.001802083, 0.000027083, 0.000027500, 0.000102917, 1.000000000, 1.000000000, 1.000000000,               0,000
