tid,total_duration(s),min_slock_hold,med,max,min_swait_acq,med,max,min_swait_rel,med,max,min_slwait_acq,med,max,min_slwait_rel,med,max,min_sgwait_acq,med,max,min_sgwait_rel,med,max,min_sdata_read,med,max,min_sdata_write,med,max,min_sglock_tries,med,max,array_size(B),client_id
000,10.0, 0.000016667, 0.000018750, 0.000073333, 0.007465417, 0.008246250, 0.017995832, 0.005008333, 0.008086250, 0.020858750, 0.000060833, 0.000063333, 0.000101250, 0.000071250, 0.000080000, 0.003517917, 0.007229583, 0.008010416, 0.017709583, 0.004785417, 0.007855000, 0.020566666, 0.000042083, 0.000048750, 0.000122083, 0.000027083, 0.000027500, 0.000096667, 1.000000000, 1.000000000, 1.000000000,               0,000
000,10.0, 0.000015000, 0.000017083, 0.001570417, 0.007538750, 0.008227500, 0.020940833, 0.007336667, 0.008080000, 0.168324172, 0.000056667, 0.000063333, 0.003277917, 0.000066667, 0.000078333, 0.012661250, 0.007305417, 0.007993333, 0.020621249, 0.007115833, 0.007848334, 0.149050832, 0.000041667, 0.000048750, 0.001911667, 0.000025000, 0.000027500, 0.000099167, 1.000000000, 1.000000000, 1.000000000,               0,000
000,10.0, 0.000016667, 0.000018750, 0.001538750, 0.007539167, 0.008240000, 0.027402082, 0.006271667, 0.008090417, 0.018593751, 0.000060833, 0.000063333, 0.003353750, 0.000071250, 0.000080000, 0.003762083, 0.007298750, 0.008004167, 0.027101250, 0.006023333, 0.007858750, 0.018288333, 0.000042083, 0.000050417, 0.001880000, 0.000027083, 0.000027500, 0.000056667, 1.000000000, 1.000000000, 1.000000000,               0,000
