tid,total_duration(s),min_slock_hold,med,max,min_swait_acq,med,max,min_swait_rel,med,max,min_slwait_acq,med,max,min_slwait_rel,med,max,min_sgwait_acq,med,max,min_sgwait_rel,med,max,min_sdata_read,med,max,min_sdata_write,med,max,min_sglock_tries,med,max,array_size(B),client_id
000,10.0, 0.000016667, 0.000018750, 0.003913333, 0.007656666, 0.016326251, 0.046191666, 0.006221250, 0.008189583, 0.019652916, 0.000075417, 0.000084167, 0.000153750, 0.000077917, 0.000084167, 0.004326250, 0.007395833, 0.016067084, 0.045922082, 0.005991667, 0.007942917, 0.017212501, 0.000046250, 0.000052917, 0.000138750, 0.000027083, 0.000029583, 0.000050417, 1.000000000, 2.000000000, 5.000000000,               0,001
000,10.0, 0.000016667, 0.000018750, 0.000057083, 0.007791250, 0.016334999, 0.045656666, 0.007492500, 0.008195833, 0.019964583, 0.000075417, 0.000084167, 0.000117917, 0.000077917, 0.000084167, 0.004282083, 0.007528333, 0.016073750, 0.045301251, 0.007220834, 0.007945416, 0.019488333, 0.000046250, 0.000052917, 0.000181250, 0.000027083, 0.000029583, 0.004147083, 1.000000000, 2.000000000, 5.000000000,               0,001
000,10.0, 0.000016667, 0.000018750, 0.001528333, 0.007591667, 0.016077917, 0.050297085, 0.007427500, 0.008109584, 0.163964167, 0.000062917, 0.000069583, 0.003313750, 0.000077500, 0.000084167, 0.014217083, 0.007355833, 0.015835833, 0.050027084, 0.007168334, 0.007873333, 0.143534586, 0.000044167, 0.000048333, 0.001785000, 0.000027083, 0.000027500, 0.000044167, 1.000000000, 2.000000000, 5.000000000,               0,000
000,10.0, 0.000016667, 0.000017083, 0.004111667, 0.007764167, 0.016328333, 0.066010416, 0.006663333, 0.008200000, 0.021179168, 0.000075833, 0.000084167, 0.003477917, 0.000077917, 0.000086250, 0.004200000, 0.007499167, 0.016065417, 0.065743335, 0.006425417, 0.007942917, 0.020877499, 0.000044167, 0.000052917, 0.000168333, 0.000027083, 0.000029583, 0.003766250, 1.000000000, 2.000000000, 8.000000000,               0,001
