tid,loop_in_cs,lock_acquires,lock_hold(ms),total_duration(s),wait_acq(ms),wait_rel(ms),lwait_acq,lwait_rel,gwait_acq,gwait_rel,data_read,data_write,glock_tries,array_size(B),client_id,run
000,    335631,  335631,    6.315519,   10.000000, 6702.577637, 3281.890381,   47.281124,   38.508560, 6627.804688, 3214.035889,   24.627720,    9.193697,    687121,               0,000,000
000,    336486,  336486,    6.017381,   10.000000, 6703.391113, 3282.081787,   47.412582,   38.482311, 6628.956055, 3214.628906,   23.217264,    9.214869,    688530,               0,000,001
000,    335695,  335695,    6.008201,   10.000000, 6704.778809, 3280.677490,   47.277805,   38.705036, 6630.479980, 3213.965088,   23.139086,    9.217076,    687443,               0,000,002
000,    335185,  335185,    6.295253,   10.000000, 6693.804199, 3290.550537,   47.207249,   36.906937, 6619.500488, 3224.534912,   22.259291,    9.556928,    688468,               0,001,000
000,    336414,  336414,    5.923523,   10.000000, 6697.300293, 3288.140869,   46.757233,   36.033653, 6624.198242, 3223.796631,   21.761688,    9.602517,    691859,               0,001,001
000,    335473,  335473,    5.951099,   10.000000, 6695.845215, 3289.584473,   46.918900,   36.823631, 6622.182129, 3224.896729,   21.665377,    9.675185,    689022,               0,001,002
