tid,loop_in_cs,lock_acquires,lock_hold(ms),total_duration(s),wait_acq(ms),wait_rel(ms),lwait_acq,lwait_rel,gwait_acq,gwait_rel,data_read,data_write,glock_tries,array_size(B),client_id,run
000,    501586,  501586,    8.988802,   10.000000, 5043.467285, 4934.618652,   71.316223,   53.785316, 4933.436523, 4840.638672,   34.169922,   13.463365,    501586,               0,000,000
000,    506352,  506352,    8.678137,   10.000000, 5046.086914, 4932.893555,   71.763840,   51.029537, 4936.898926, 4843.331055,   31.767040,   13.575876,    506352,               0,000,001
000,    506579,  506579,    8.694495,   10.000000, 5047.551758, 4931.381348,   71.583290,   50.551369, 4938.997559, 4843.505859,   31.589203,   13.576280,    506579,               0,000,002
