tid,loop_in_cs,lock_acquires,lock_hold(ms),total_duration(s),wait_acq(ms),wait_rel(ms),lwait_acq, lwait_rel,gwait_acq,gwait_rel,glock_tries,array_size(B),client_id,run
000,   1590582, 1590582,   15.136409,   30.000000,11309.255859,11160.172852,   58.761631,  157.821198,11072.614258,10891.906250,   1590582,               0,000,000
000,   1590718, 1590718,   14.912752,   30.000000,11283.735352,11186.064453,   58.509449,  157.343155,11047.093750,10918.691406,   1590718,               0,000,001
000,   1609090, 1609090,   15.050920,   30.000000,11268.431641,11201.041016,   59.150669,  159.767426,11028.346680,10932.008789,   1609090,               0,000,002
