tid,loop_in_cs,lock_acquires,lock_hold(ms),total_duration(s),wait_acq(ms),wait_rel(ms),lwait_acq,lwait_rel,gwait_acq,gwait_rel,data_read,data_write,glock_tries,array_size(B),client_id,run
000,    517178,  517178,    9.569055,   10.000000, 5027.923828, 4948.427734,   25.016293,   35.920547, 4964.585449, 4863.422363,   34.290520,   14.116700,    517178,               0,000,000
000,    519679,  519679,    9.248568,   10.000000, 5028.375488, 4949.141113,   25.113146,   35.724663, 4965.861328, 4866.183594,   33.095116,   14.177938,    519679,               0,000,001
000,    521690,  521690,    9.258391,   10.000000, 5026.850586, 4950.642090,   25.124397,   35.444393, 4964.769043, 4869.557617,   32.073132,   14.169802,    521690,               0,000,002
