tid,total_duration(s),min_slock_hold,med,max,min_swait_acq,med,max,min_swait_rel,med,max,min_slwait_acq,med,max,min_slwait_rel,med,max,min_sgwait_acq,med,max,min_sgwait_rel,med,max,min_sdata_read,med,max,min_sdata_write,med,max,min_sglock_tries,med,max,array_size(B),client_id
000,10.0, 0.000016667, 0.000017083, 0.000055000, 0.007659167, 0.016187500, 0.105856664, 0.007435833, 0.008153750, 0.018875834, 0.000062917, 0.000067500, 0.004040000, 0.000102917, 0.000111667, 0.000244583, 0.007418750, 0.015949583, 0.105593331, 0.007185417, 0.007892917, 0.018566251, 0.000044167, 0.000048333, 0.004056667, 0.000027083, 0.000029583, 0.000046250, 1.000000000, 2.000000000,13.000000000,               0,001
000,10.0, 0.000016667, 0.000017083, 0.000067083, 0.007524167, 0.016252499, 0.073924169, 0.007355833, 0.008178750, 0.018313751, 0.000062917, 0.000067500, 0.000139167, 0.000102917, 0.000111667, 0.008480000, 0.007286250, 0.016012916, 0.073669583, 0.007107083, 0.007917916, 0.018037917, 0.000046250, 0.000048333, 0.000097083, 0.000027083, 0.000029583, 0.002978750, 1.000000000, 2.000000000, 9.000000000,               0,001
000,10.0, 0.000016667, 0.000017083, 0.001528333, 0.007644167, 0.016206250, 0.148768336, 0.007391667, 0.008204167, 0.025715416, 0.000062917, 0.000067500, 0.003532917, 0.000100833, 0.000109583, 0.009728333, 0.007385000, 0.015966667, 0.134602085, 0.007141250, 0.007943333, 0.018375000, 0.000044167, 0.000048333, 0.008037916, 0.000027083, 0.000027500, 0.000056667, 1.000000000, 2.000000000, 6.000000000,               0,000
000,10.0, 0.000016667, 0.000018750, 0.000065417, 0.007631666, 0.016255001, 0.156907082, 0.005450417, 0.008179166, 0.032345001, 0.000062917, 0.000067500, 0.003852917, 0.000102917, 0.000111667, 0.003380833, 0.007391250, 0.016016666, 0.156659171, 0.005187084, 0.007920000, 0.031819168, 0.000044167, 0.000048333, 0.000122083, 0.000027083, 0.000029583, 0.003896667, 1.000000000, 2.000000000,19.000000000,               0,001
