tid,total_duration(s),min_slock_hold,med,max,min_swait_acq,med,max,min_swait_rel,med,max,min_slwait_acq,med,max,min_slwait_rel,med,max,min_sgwait_acq,med,max,min_sgwait_rel,med,max,min_sdata_read,med,max,min_sdata_write,med,max,min_sglock_tries,med,max,array_size(B),client_id
000,10.0, 0.000015000, 0.000016667, 0.000056667, 0.008973333, 0.019205000, 0.107698336, 0.008680000, 0.009601667, 0.020763334, 0.000060000, 0.000065000, 0.003670000, 0.000100000, 0.000110000, 0.004160000, 0.008741667, 0.018975001, 0.107378334, 0.008403333, 0.009326667, 0.020373333, 0.000041667, 0.000043333, 0.004298334, 0.000025000, 0.000028333, 0.004291667, 1.000000000, 2.000000000,11.000000000,               0,000
000,10.0, 0.000015000, 0.000016667, 0.000065000, 0.008858333, 0.019218333, 0.106388330, 0.006481667, 0.009623333, 0.024336666, 0.000060000, 0.000063333, 0.000088333, 0.000100000, 0.000123333, 0.003768333, 0.008633333, 0.018986667, 0.106078334, 0.006191667, 0.009348333, 0.023940001, 0.000041667, 0.000043333, 0.005331667, 0.000025000, 0.000028333, 0.000046667, 1.000000000, 2.000000000,11.000000000,               0,000
000,10.0, 0.000015000, 0.000016667, 0.000058333, 0.008785000, 0.019243333, 0.105779998, 0.008695000, 0.009630000, 0.018081667, 0.000060000, 0.000063333, 0.000103333, 0.000100000, 0.000130000, 0.003645000, 0.008546666, 0.019010000, 0.105470002, 0.008375000, 0.009356666, 0.017678333, 0.000041667, 0.000043333, 0.000148333, 0.000025000, 0.000028333, 0.000056667, 1.000000000, 2.000000000,11.000000000,               0,000
000,10.0, 0.000015000, 0.000016667, 0.000057083, 0.008970000, 0.019026667, 0.086906664, 0.008651666, 0.009498334, 0.019408334, 0.000060000, 0.000066667, 0.003916667, 0.000095000, 0.000106667, 0.000265000, 0.008738333, 0.018789999, 0.086661667, 0.008401667, 0.009226667, 0.019005001, 0.000043333, 0.000046667, 0.003428333, 0.000025000, 0.000026667, 0.000043333, 1.000000000, 2.000000000, 9.000000000,               0,001
