tid,loop_in_cs,lock_acquires,lock_hold(ms),total_duration(s),wait_acq(ms),wait_rel(ms),lwait_acq, lwait_rel,gwait_acq,gwait_rel,glock_tries,array_size(B),client_id,run
000,   1624105, 1624105,   15.426316,   30.000000,11295.443359,11170.228516,   47.506401,   73.343018,11072.481445,10923.852539,   1624105,               0,000,000
000,   1617654, 1617654,   15.259043,   30.000000,11297.631836,11168.381836,   47.248257,   72.772247,11075.912109,10923.776367,   1617654,               0,000,001
000,   1624058, 1624058,   15.278199,   30.000000,11296.970703,11168.984375,   47.371689,   72.562965,11075.026367,10924.321289,   1624058,               0,000,002
