tid,loop_in_cs,lock_acquires,lock_hold(ms),total_duration(s),wait_acq(ms),wait_rel(ms),lwait_acq, lwait_rel,gwait_acq,gwait_rel,glock_tries,array_size(B),client_id,run
000,    801085,  801085,    7.566730,   30.000000,16961.744141, 5522.490723,   24.100470,   40.887489,16847.392578, 5394.831543,   2470039,               0,000,000
000,    802234,  802234,    7.525887,   30.000000,16962.978516, 5521.044434,   24.084845,   40.607937,16848.748047, 5393.908691,   2474557,               0,000,001
000,    795861,  795861,    7.439851,   30.000000,16971.564453, 5512.653320,   23.906136,   40.138298,16857.916016, 5386.432129,   2459531,               0,000,002
000,    860027,  860027,    8.031688,   30.000000,17039.970703, 5442.286133,   28.038876,   53.950420,16913.966797, 5295.037598,   2707448,               0,001,000
000,    856528,  856528,    7.990976,   30.000000,17031.222656, 5451.115723,   27.719505,   53.843643,16906.001953, 5304.441406,   2698550,               0,001,001
000,    855682,  855682,    8.006498,   30.000000,17011.429688, 5470.876953,   27.910990,   53.702831,16885.974609, 5324.849121,   2698414,               0,001,002
000,    781167,  781167,    7.474791,   30.000000,16917.388672, 5565.755371,   21.791452,   34.761234,16805.201172, 5440.049316,   2401023,               0,002,000
000,    777484,  777484,    7.455965,   30.000000,16917.562500, 5565.572266,   21.629910,   34.396431,16805.056641, 5441.281250,   2389017,               0,002,001
000,    779606,  779606,    7.444444,   30.000000,16921.044922, 5562.209473,   21.656715,   34.355164,16808.265625, 5437.525879,   2399144,               0,002,002
