tid,loop_in_cs,lock_acquires,lock_hold(ms),total_duration(s),wait_acq(ms),wait_rel(ms),lwait_acq, lwait_rel,gwait_acq,gwait_rel,glock_tries,array_size(B),client_id,run
000,   1059372, 1059372,    9.993418,   30.000000,15086.834961, 7391.199219,   51.374271,  105.376411,14913.185547, 7211.720215,   2158801,               0,000,000
000,   1059616, 1059616,    9.994813,   30.000000,15100.050781, 7377.992188,   51.652126,  104.796417,14925.516602, 7199.002441,   2162004,               0,000,001
000,   1055608, 1055608,    9.890887,   30.000000,15080.386719, 7397.847168,   51.178188,  104.767242,14906.500977, 7219.639160,   2153707,               0,000,002
000,   1152500, 1152500,   11.589101,   30.000000,15072.486328, 7400.207520,   72.068916,  155.345764,14862.633789, 7162.804688,   2368358,               0,001,000
000,   1149019, 1149019,   11.546637,   30.000000,15072.141602, 7400.643066,   73.008858,  154.875900,14861.957031, 7163.927734,   2367434,               0,001,001
000,   1149482, 1149482,   11.557077,   30.000000,15083.531250, 7389.256348,   72.994331,  154.489792,14873.408203, 7153.679199,   2374787,               0,001,002
