tid,loop_in_cs,lock_acquires,lock_hold(ms),total_duration(s),wait_acq(ms),wait_rel(ms),lwait_acq, lwait_rel,gwait_acq,gwait_rel,glock_tries,array_size(B),client_id,run
000,    803720,  803720,    7.631913,   30.000000,16893.052734, 5591.601074,   37.347294,   91.582878,16762.787109, 5440.823730,   2463806,               0,000,000
000,    791680,  791680,    7.477478,   30.000000,16893.076172, 5591.881836,   36.724697,   90.198830,16765.990234, 5443.567871,   2427846,               0,000,001
000,    797827,  797827,    7.545612,   30.000000,16897.835938, 5586.970215,   36.990234,   91.034142,16766.765625, 5437.270996,   2447542,               0,000,002
000,    853626,  853626,    8.113253,   30.000000,17022.111328, 5461.213867,   36.438358,  106.813667,16885.597656, 5291.721680,   2702012,               0,001,000
000,    853489,  853489,    8.063338,   30.000000,17025.705078, 5457.715332,   36.399212,  106.702553,16887.478516, 5287.907715,   2705799,               0,001,001
000,    846974,  846974,    8.061917,   30.000000,17028.570312, 5454.942871,   36.044361,  106.139900,16889.582031, 5286.440918,   2687450,               0,001,002
000,    800090,  800090,    7.835903,   30.000000,16912.541016, 5571.374512,   29.990902,   93.139732,16789.996094, 5417.080078,   2463273,               0,002,000
000,    800762,  800762,    7.999636,   30.000000,16893.091797, 5590.467285,   30.181250,   93.668503,16770.666016, 5434.960449,   2461094,               0,002,001
000,    804733,  804733,    7.829913,   30.000000,16889.761719, 5593.989746,   30.221458,   93.982750,16763.269531, 5439.021973,   2470501,               0,002,002
