tid,loop_in_cs,lock_acquires,lock_hold(ms),total_duration(s),wait_acq(ms),wait_rel(ms),lwait_acq, lwait_rel,gwait_acq,gwait_rel,glock_tries,array_size(B),client_id,run
000,   1598248, 1598248,   15.130121,   30.000000,11288.893555,11179.059570,   90.779213,  166.456726,11021.054688,10906.830078,   1598248,               0,000,000
000,   1594410, 1594410,   15.092233,   30.000000,11288.649414,11179.328125,   90.466209,  165.940659,11022.186523,10908.029297,   1594410,               0,000,001
000,   1600121, 1600121,   15.004800,   30.000000,11286.028320,11182.140625,   90.634171,  167.111847,11018.694336,10909.499023,   1600121,               0,000,002
