tid,loop_in_cs,lock_acquires,lock_hold(ms),total_duration(s),wait_acq(ms),wait_rel(ms),lwait_acq, lwait_rel,gwait_acq,gwait_rel,glock_tries,array_size(B),client_id,run
000,   1055316, 1055316,   10.894245,   30.000000,15036.881836, 7440.202148,   53.124809,  108.050598,14866.509766, 7260.892090,   2143553,               0,000,000
000,   1049019, 1049019,   10.757982,   30.000000,15044.683594, 7432.921387,   52.798988,  107.252541,14876.720703, 7254.848633,   2136632,               0,000,001
000,   1048050, 1048050,   10.715015,   30.000000,15045.811523, 7431.531738,   52.748074,  107.260811,14878.083008, 7253.517578,   2135577,               0,000,002
000,   1144900, 1144900,   11.717381,   30.000000,15126.714844, 7349.982910,   95.814056,  146.268463,14904.836914, 7116.982422,   2351111,               0,001,000
000,   1142394, 1142394,   11.676233,   30.000000,15102.744141, 7374.045410,   95.674057,  145.894073,14879.607422, 7141.542969,   2347699,               0,001,001
000,   1143517, 1143517,   11.705542,   30.000000,15102.628906, 7374.142578,   95.433792,  146.087036,14879.654297, 7141.374023,   2349421,               0,001,002
