tid,loop_in_cs,lock_acquires,lock_hold(ms),total_duration(s),wait_acq(ms),wait_rel(ms),lwait_acq,lwait_rel,gwait_acq,gwait_rel,data_read,data_write,glock_tries,array_size(B),client_id,run
000,    402131,  402131,    7.456657,   10.000000, 6692.451660, 3289.445068,   20.581329,   35.287922, 6644.338379, 3225.502197,   19.739780,   11.276352,    823275,               0,000,000
000,    402639,  402639,    7.456214,   10.000000, 6690.299805, 3291.833008,   20.632643,   35.388008, 6642.055176, 3227.729492,   19.659876,   11.284573,    823132,               0,000,001
000,    401980,  401980,    7.265947,   10.000000, 6693.908691, 3288.607422,   20.574129,   35.186478, 6645.977051, 3224.913330,   19.564280,   11.266671,    822817,               0,000,002
000,    401136,  401136,    7.436985,   10.000000, 6688.041992, 3293.956299,   20.738953,   33.904888, 6639.372559, 3227.403076,   21.724207,   11.232973,    818343,               0,001,000
000,    401817,  401817,    7.316287,   10.000000, 6695.964844, 3286.367920,   20.748074,   34.008648, 6647.332031, 3219.703369,   21.656059,   11.248572,    822593,               0,001,001
000,    401137,  401137,    7.307900,   10.000000, 6687.474121, 3294.885986,   20.712261,   33.868614, 6638.870117, 3228.440186,   21.544134,   11.220750,    817855,               0,001,002
