tid,total_duration(s),min_slock_hold,med,max,min_swait_acq,med,max,min_swait_rel,med,max,min_slwait_acq,med,max,min_slwait_rel,med,max,min_sgwait_acq,med,max,min_sgwait_rel,med,max,min_sdata_read,med,max,min_sdata_write,med,max,min_sglock_tries,med,max,array_size(B),client_id
000,10.0, 0.000015000, 0.000016667, 0.000083333, 0.008621667, 0.019403333, 0.088835001, 0.008208334, 0.009581666, 0.020439999, 0.000085000, 0.000090000, 0.009560834, 0.000081667, 0.000110000, 0.000254583, 0.008375000, 0.019113334, 0.088556670, 0.007980000, 0.009315833, 0.020026667, 0.000041667, 0.000046667, 0.000197917, 0.000025000, 0.000026667, 0.000040000, 1.000000000, 2.000000000, 9.000000000,               0,001
000,10.0, 0.000015000, 0.000016667, 0.009646250, 0.008776667, 0.019588333, 0.153484166, 0.008523333, 0.009760000, 0.022945000, 0.000083333, 0.000088333, 0.009552500, 0.000073333, 0.000106667, 0.009534583, 0.008511666, 0.019280000, 0.143602088, 0.008303333, 0.009498334, 0.022510000, 0.000041667, 0.000046667, 0.003539167, 0.000025000, 0.000028333, 0.000056667, 1.000000000, 2.000000000,10.000000000,               0,000
000,10.0, 0.000015000, 0.000016667, 0.000092917, 0.008868333, 0.019541666, 0.088535003, 0.008655000, 0.009642083, 0.020019166, 0.000085000, 0.000090000, 0.009515417, 0.000081667, 0.000110000, 0.003930000, 0.008611667, 0.019243333, 0.088191666, 0.008336667, 0.009378750, 0.019657917, 0.000041667, 0.000046667, 0.009489167, 0.000025000, 0.000027083, 0.004005000, 1.000000000, 2.000000000, 9.000000000,               0,001
000,10.0, 0.000015000, 0.000016667, 0.004000000, 0.008980000, 0.019309999, 0.090200000, 0.008616666, 0.009625000, 0.020476667, 0.000083333, 0.000088333, 0.009281667, 0.000071667, 0.000103333, 0.000240000, 0.008726667, 0.019021668, 0.089911669, 0.008333334, 0.009371666, 0.020198334, 0.000041667, 0.000046667, 0.001821667, 0.000025000, 0.000028333, 0.003990000, 1.000000000, 2.000000000, 9.000000000,               0,000
000,10.0, 0.000015000, 0.000016667, 0.009610000, 0.008721666, 0.019564999, 0.088688336, 0.008733333, 0.009656667, 0.020053750, 0.000085000, 0.000090000, 0.009516667, 0.000080000, 0.000110000, 0.009535000, 0.008470000, 0.019263333, 0.088416666, 0.008441667, 0.009397916, 0.019712083, 0.000041667, 0.000048333, 0.009476666, 0.000025000, 0.000027083, 0.000043333, 1.000000000, 2.000000000, 9.000000000,               0,001
