tid,loop_in_cs,lock_acquires,lock_hold(ms),total_duration(s),wait_acq(ms),wait_rel(ms),lwait_acq, lwait_rel,gwait_acq,gwait_rel,glock_tries,array_size(B),client_id,run
000, 255588248,255588248, 2434.582275,   30.000000,10918.261719, 6712.816406,    0.000000,    0.000000,    0.000000,    0.000000,         0,               0,000,000
000, 255589697,255589697, 2434.506348,   30.000000,10917.927734, 6713.207520,    0.000000,    0.000000,    0.000000,    0.000000,         0,               0,000,001
000, 255592925,255592925, 2434.469238,   30.000000,10918.023438, 6713.106445,    0.000000,    0.000000,    0.000000,    0.000000,         0,               0,000,002
